{
	"credit": "Made with Blockbench",
	"textures": {
		"3": "block/blue_concrete",
		"4": "block/red_concrete",
		"5": "block/white_concrete",
		"particle": "block/texture"
	},
	"elements": [
		{
			"name": "hexadecagon",
			"from": [7.5, 6.80653, 2],
			"to": [8.5, 9.19347, 3],
			"rotation": {"angle": -45, "axis": "x", "origin": [8, 8, 8]},
			"faces": {
				"north": {"uv": [0, 0, 1, 2], "texture": "#4"},
				"east": {"uv": [1, 0, 2, 2], "texture": "#4"},
				"south": {"uv": [0, 2, 1, 4], "texture": "#4"},
				"west": {"uv": [2, 0, 3, 2], "texture": "#4"},
				"up": {"uv": [11, 10, 10, 9], "texture": "#4"},
				"down": {"uv": [2, 11, 1, 12], "texture": "#4"}
			}
		},
		{
			"name": "hexadecagon",
			"from": [7.5, 6.80653, 2],
			"to": [8.5, 9.19347, 3],
			"rotation": {"angle": -22.5, "axis": "x", "origin": [8, 8, 8]},
			"faces": {
				"north": {"uv": [1, 2, 2, 4], "texture": "#4"},
				"east": {"uv": [2, 2, 3, 4], "texture": "#4"},
				"south": {"uv": [3, 0, 4, 2], "texture": "#4"},
				"west": {"uv": [3, 2, 4, 4], "texture": "#4"},
				"up": {"uv": [3, 12, 2, 11], "texture": "#4"},
				"down": {"uv": [12, 2, 11, 3], "texture": "#4"}
			}
		},
		{
			"name": "hexadecagon",
			"from": [7.5, 6.80653, 2],
			"to": [8.5, 9.19347, 3],
			"rotation": {"angle": 0, "axis": "y", "origin": [8, 8, 8]},
			"faces": {
				"north": {"uv": [0, 4, 1, 6], "texture": "#4"},
				"east": {"uv": [4, 0, 5, 2], "texture": "#4"},
				"south": {"uv": [1, 4, 2, 6], "texture": "#4"},
				"west": {"uv": [2, 4, 3, 6], "texture": "#4"},
				"up": {"uv": [4, 12, 3, 11], "texture": "#4"},
				"down": {"uv": [12, 3, 11, 4], "texture": "#4"}
			}
		},
		{
			"name": "hexadecagon",
			"from": [7.5, 6.80653, 2],
			"to": [8.5, 9.19347, 3],
			"rotation": {"angle": 22.5, "axis": "x", "origin": [8, 8, 8]},
			"faces": {
				"north": {"uv": [4, 2, 5, 4], "texture": "#4"},
				"east": {"uv": [3, 4, 4, 6], "texture": "#4"},
				"south": {"uv": [4, 4, 5, 6], "texture": "#4"},
				"west": {"uv": [5, 0, 6, 2], "texture": "#4"},
				"up": {"uv": [6, 12, 5, 11], "texture": "#4"},
				"down": {"uv": [12, 5, 11, 6], "texture": "#4"}
			}
		},
		{
			"name": "hexadecagon",
			"from": [7.5, 6.80653, 2],
			"to": [8.5, 9.19347, 3],
			"rotation": {"angle": 45, "axis": "x", "origin": [8, 8, 8]},
			"faces": {
				"north": {"uv": [5, 2, 6, 4], "texture": "#4"},
				"east": {"uv": [5, 4, 6, 6], "texture": "#4"},
				"south": {"uv": [0, 6, 1, 8], "texture": "#4"},
				"west": {"uv": [6, 0, 7, 2], "texture": "#4"},
				"up": {"uv": [7, 12, 6, 11], "texture": "#4"},
				"down": {"uv": [12, 6, 11, 7], "texture": "#4"}
			}
		},
		{
			"name": "hexadecagon",
			"from": [7.5, 6.80653, 13],
			"to": [8.5, 9.19347, 14],
			"rotation": {"angle": -45, "axis": "x", "origin": [8, 8, 8]},
			"faces": {
				"north": {"uv": [1, 6, 2, 8], "texture": "#4"},
				"east": {"uv": [2, 6, 3, 8], "texture": "#4"},
				"south": {"uv": [6, 2, 7, 4], "texture": "#4"},
				"west": {"uv": [3, 6, 4, 8], "texture": "#4"},
				"up": {"uv": [12, 8, 11, 7], "texture": "#4"},
				"down": {"uv": [9, 11, 8, 12], "texture": "#4"}
			}
		},
		{
			"name": "hexadecagon",
			"from": [7.5, 6.80653, 13],
			"to": [8.5, 9.19347, 14],
			"rotation": {"angle": -22.5, "axis": "x", "origin": [8, 8, 8]},
			"faces": {
				"north": {"uv": [4, 6, 5, 8], "texture": "#4"},
				"east": {"uv": [6, 4, 7, 6], "texture": "#4"},
				"south": {"uv": [5, 6, 6, 8], "texture": "#4"},
				"west": {"uv": [6, 6, 7, 8], "texture": "#4"},
				"up": {"uv": [10, 12, 9, 11], "texture": "#4"},
				"down": {"uv": [12, 9, 11, 10], "texture": "#4"}
			}
		},
		{
			"name": "hexadecagon",
			"from": [7.5, 6.80653, 13],
			"to": [8.5, 9.19347, 14],
			"rotation": {"angle": 0, "axis": "y", "origin": [8, 8, 8]},
			"faces": {
				"north": {"uv": [7, 0, 8, 2], "texture": "#4"},
				"east": {"uv": [7, 2, 8, 4], "texture": "#4"},
				"south": {"uv": [7, 4, 8, 6], "texture": "#4"},
				"west": {"uv": [7, 6, 8, 8], "texture": "#4"},
				"up": {"uv": [11, 12, 10, 11], "texture": "#4"},
				"down": {"uv": [12, 10, 11, 11], "texture": "#4"}
			}
		},
		{
			"name": "hexadecagon",
			"from": [7.5, 6.80653, 13],
			"to": [8.5, 9.19347, 14],
			"rotation": {"angle": 22.5, "axis": "x", "origin": [8, 8, 8]},
			"faces": {
				"north": {"uv": [0, 8, 1, 10], "texture": "#4"},
				"east": {"uv": [8, 0, 9, 2], "texture": "#4"},
				"south": {"uv": [1, 8, 2, 10], "texture": "#4"},
				"west": {"uv": [2, 8, 3, 10], "texture": "#4"},
				"up": {"uv": [12, 12, 11, 11], "texture": "#4"},
				"down": {"uv": [13, 0, 12, 1], "texture": "#4"}
			}
		},
		{
			"name": "hexadecagon",
			"from": [7.5, 6.80653, 13],
			"to": [8.5, 9.19347, 14],
			"rotation": {"angle": 45, "axis": "x", "origin": [8, 8, 8]},
			"faces": {
				"north": {"uv": [8, 2, 9, 4], "texture": "#4"},
				"east": {"uv": [3, 8, 4, 10], "texture": "#4"},
				"south": {"uv": [4, 8, 5, 10], "texture": "#4"},
				"west": {"uv": [8, 4, 9, 6], "texture": "#4"},
				"up": {"uv": [2, 13, 1, 12], "texture": "#4"},
				"down": {"uv": [13, 1, 12, 2], "texture": "#4"}
			}
		},
		{
			"name": "hexadecagon",
			"from": [7.5, 2, 6.80653],
			"to": [8.5, 3, 9.19347],
			"rotation": {"angle": -22.5, "axis": "x", "origin": [8, 8, 8]},
			"faces": {
				"north": {"uv": [2, 12, 3, 13], "texture": "#4"},
				"east": {"uv": [5, 8, 7, 9], "texture": "#4"},
				"south": {"uv": [12, 2, 13, 3], "texture": "#4"},
				"west": {"uv": [8, 6, 10, 7], "texture": "#4"},
				"up": {"uv": [8, 10, 7, 8], "texture": "#4"},
				"down": {"uv": [9, 7, 8, 9], "texture": "#4"}
			}
		},
		{
			"name": "hexadecagon",
			"from": [7.5, 2, 6.80653],
			"to": [8.5, 3, 9.19347],
			"rotation": {"angle": 0, "axis": "y", "origin": [8, 8, 8]},
			"faces": {
				"north": {"uv": [3, 12, 4, 13], "texture": "#4"},
				"east": {"uv": [9, 0, 11, 1], "texture": "#4"},
				"south": {"uv": [12, 3, 13, 4], "texture": "#4"},
				"west": {"uv": [9, 1, 11, 2], "texture": "#4"},
				"up": {"uv": [10, 4, 9, 2], "texture": "#4"},
				"down": {"uv": [10, 4, 9, 6], "texture": "#4"}
			}
		},
		{
			"name": "hexadecagon",
			"from": [7.5, 2, 6.80653],
			"to": [8.5, 3, 9.19347],
			"rotation": {"angle": 22.5, "axis": "x", "origin": [8, 8, 8]},
			"faces": {
				"north": {"uv": [4, 12, 5, 13], "texture": "#4"},
				"east": {"uv": [5, 9, 7, 10], "texture": "#4"},
				"south": {"uv": [12, 4, 13, 5], "texture": "#4"},
				"west": {"uv": [9, 7, 11, 8], "texture": "#4"},
				"up": {"uv": [9, 11, 8, 9], "texture": "#4"},
				"down": {"uv": [10, 8, 9, 10], "texture": "#4"}
			}
		},
		{
			"name": "hexadecagon",
			"from": [7.5, 13, 6.80653],
			"to": [8.5, 14, 9.19347],
			"rotation": {"angle": -22.5, "axis": "x", "origin": [8, 8, 8]},
			"faces": {
				"north": {"uv": [5, 12, 6, 13], "texture": "#4"},
				"east": {"uv": [0, 10, 2, 11], "texture": "#4"},
				"south": {"uv": [12, 5, 13, 6], "texture": "#4"},
				"west": {"uv": [2, 10, 4, 11], "texture": "#4"},
				"up": {"uv": [11, 4, 10, 2], "texture": "#4"},
				"down": {"uv": [5, 10, 4, 12], "texture": "#4"}
			}
		},
		{
			"name": "hexadecagon",
			"from": [7.5, 13, 6.80653],
			"to": [8.5, 14, 9.19347],
			"rotation": {"angle": 0, "axis": "y", "origin": [8, 8, 8]},
			"faces": {
				"north": {"uv": [6, 12, 7, 13], "texture": "#4"},
				"east": {"uv": [10, 4, 12, 5], "texture": "#4"},
				"south": {"uv": [12, 6, 13, 7], "texture": "#4"},
				"west": {"uv": [5, 10, 7, 11], "texture": "#4"},
				"up": {"uv": [11, 7, 10, 5], "texture": "#4"},
				"down": {"uv": [8, 10, 7, 12], "texture": "#4"}
			}
		},
		{
			"name": "hexadecagon",
			"from": [7.5, 13, 6.80653],
			"to": [8.5, 14, 9.19347],
			"rotation": {"angle": 22.5, "axis": "x", "origin": [8, 8, 8]},
			"faces": {
				"north": {"uv": [7, 12, 8, 13], "texture": "#4"},
				"east": {"uv": [10, 8, 12, 9], "texture": "#4"},
				"south": {"uv": [12, 7, 13, 8], "texture": "#4"},
				"west": {"uv": [9, 10, 11, 11], "texture": "#4"},
				"up": {"uv": [1, 13, 0, 11], "texture": "#4"},
				"down": {"uv": [12, 0, 11, 2], "texture": "#4"}
			}
		},
		{
			"name": "hexadecagon",
			"from": [7.7, 7.00544, 3],
			"to": [8.7, 8.99456, 4],
			"rotation": {"angle": -45, "axis": "x", "origin": [8.2, 8, 8]},
			"faces": {
				"north": {"uv": [0, 0, 1, 2], "texture": "#5"},
				"east": {"uv": [1, 0, 2, 2], "texture": "#5"},
				"south": {"uv": [0, 2, 1, 4], "texture": "#5"},
				"west": {"uv": [2, 0, 3, 2], "texture": "#5"},
				"up": {"uv": [11, 10, 10, 9], "texture": "#5"},
				"down": {"uv": [2, 11, 1, 12], "texture": "#5"}
			}
		},
		{
			"name": "hexadecagon",
			"from": [7.7, 7.00544, 3],
			"to": [8.7, 8.99456, 4],
			"rotation": {"angle": -22.5, "axis": "x", "origin": [8.2, 8, 8]},
			"faces": {
				"north": {"uv": [1, 2, 2, 4], "texture": "#5"},
				"east": {"uv": [2, 2, 3, 4], "texture": "#5"},
				"south": {"uv": [3, 0, 4, 2], "texture": "#5"},
				"west": {"uv": [3, 2, 4, 4], "texture": "#5"},
				"up": {"uv": [3, 12, 2, 11], "texture": "#5"},
				"down": {"uv": [12, 2, 11, 3], "texture": "#5"}
			}
		},
		{
			"name": "hexadecagon",
			"from": [7.7, 7.00544, 3],
			"to": [8.7, 8.99456, 4],
			"rotation": {"angle": 0, "axis": "y", "origin": [8.2, 8, 8]},
			"faces": {
				"north": {"uv": [0, 4, 1, 6], "texture": "#5"},
				"east": {"uv": [4, 0, 5, 2], "texture": "#5"},
				"south": {"uv": [1, 4, 2, 6], "texture": "#5"},
				"west": {"uv": [2, 4, 3, 6], "texture": "#5"},
				"up": {"uv": [4, 12, 3, 11], "texture": "#5"},
				"down": {"uv": [12, 3, 11, 4], "texture": "#5"}
			}
		},
		{
			"name": "hexadecagon",
			"from": [7.7, 7.00544, 3],
			"to": [8.7, 8.99456, 4],
			"rotation": {"angle": 22.5, "axis": "x", "origin": [8.2, 8, 8]},
			"faces": {
				"north": {"uv": [4, 2, 5, 4], "texture": "#5"},
				"east": {"uv": [3, 4, 4, 6], "texture": "#5"},
				"south": {"uv": [4, 4, 5, 6], "texture": "#5"},
				"west": {"uv": [5, 0, 6, 2], "texture": "#5"},
				"up": {"uv": [6, 12, 5, 11], "texture": "#5"},
				"down": {"uv": [12, 5, 11, 6], "texture": "#5"}
			}
		},
		{
			"name": "hexadecagon",
			"from": [7.7, 7.00544, 3],
			"to": [8.7, 8.99456, 4],
			"rotation": {"angle": 45, "axis": "x", "origin": [8.2, 8, 8]},
			"faces": {
				"north": {"uv": [5, 2, 6, 4], "texture": "#5"},
				"east": {"uv": [5, 4, 6, 6], "texture": "#5"},
				"south": {"uv": [0, 6, 1, 8], "texture": "#5"},
				"west": {"uv": [6, 0, 7, 2], "texture": "#5"},
				"up": {"uv": [7, 12, 6, 11], "texture": "#5"},
				"down": {"uv": [12, 6, 11, 7], "texture": "#5"}
			}
		},
		{
			"name": "hexadecagon",
			"from": [7.7, 7.00544, 12],
			"to": [8.7, 8.99456, 13],
			"rotation": {"angle": -45, "axis": "x", "origin": [8.2, 8, 8]},
			"faces": {
				"north": {"uv": [1, 6, 2, 8], "texture": "#5"},
				"east": {"uv": [2, 6, 3, 8], "texture": "#5"},
				"south": {"uv": [6, 2, 7, 4], "texture": "#5"},
				"west": {"uv": [3, 6, 4, 8], "texture": "#5"},
				"up": {"uv": [12, 8, 11, 7], "texture": "#5"},
				"down": {"uv": [9, 11, 8, 12], "texture": "#5"}
			}
		},
		{
			"name": "hexadecagon",
			"from": [7.7, 7.00544, 12],
			"to": [8.7, 8.99456, 13],
			"rotation": {"angle": -22.5, "axis": "x", "origin": [8.2, 8, 8]},
			"faces": {
				"north": {"uv": [4, 6, 5, 8], "texture": "#5"},
				"east": {"uv": [6, 4, 7, 6], "texture": "#5"},
				"south": {"uv": [5, 6, 6, 8], "texture": "#5"},
				"west": {"uv": [6, 6, 7, 8], "texture": "#5"},
				"up": {"uv": [10, 12, 9, 11], "texture": "#5"},
				"down": {"uv": [12, 9, 11, 10], "texture": "#5"}
			}
		},
		{
			"name": "hexadecagon",
			"from": [7.7, 7.00544, 12],
			"to": [8.7, 8.99456, 13],
			"rotation": {"angle": 0, "axis": "y", "origin": [8.2, 8, 8]},
			"faces": {
				"north": {"uv": [7, 0, 8, 2], "texture": "#5"},
				"east": {"uv": [7, 2, 8, 4], "texture": "#5"},
				"south": {"uv": [7, 4, 8, 6], "texture": "#5"},
				"west": {"uv": [7, 6, 8, 8], "texture": "#5"},
				"up": {"uv": [11, 12, 10, 11], "texture": "#5"},
				"down": {"uv": [12, 10, 11, 11], "texture": "#5"}
			}
		},
		{
			"name": "hexadecagon",
			"from": [7.7, 7.00544, 12],
			"to": [8.7, 8.99456, 13],
			"rotation": {"angle": 22.5, "axis": "x", "origin": [8.2, 8, 8]},
			"faces": {
				"north": {"uv": [0, 8, 1, 10], "texture": "#5"},
				"east": {"uv": [8, 0, 9, 2], "texture": "#5"},
				"south": {"uv": [1, 8, 2, 10], "texture": "#5"},
				"west": {"uv": [2, 8, 3, 10], "texture": "#5"},
				"up": {"uv": [12, 12, 11, 11], "texture": "#5"},
				"down": {"uv": [13, 0, 12, 1], "texture": "#5"}
			}
		},
		{
			"name": "hexadecagon",
			"from": [7.7, 7.00544, 12],
			"to": [8.7, 8.99456, 13],
			"rotation": {"angle": 45, "axis": "x", "origin": [8.2, 8, 8]},
			"faces": {
				"north": {"uv": [8, 2, 9, 4], "texture": "#5"},
				"east": {"uv": [3, 8, 4, 10], "texture": "#5"},
				"south": {"uv": [4, 8, 5, 10], "texture": "#5"},
				"west": {"uv": [8, 4, 9, 6], "texture": "#5"},
				"up": {"uv": [2, 13, 1, 12], "texture": "#5"},
				"down": {"uv": [13, 1, 12, 2], "texture": "#5"}
			}
		},
		{
			"name": "hexadecagon",
			"from": [7.7, 3, 7.00544],
			"to": [8.7, 4, 8.99456],
			"rotation": {"angle": -22.5, "axis": "x", "origin": [8.2, 8, 8]},
			"faces": {
				"north": {"uv": [2, 12, 3, 13], "texture": "#5"},
				"east": {"uv": [5, 8, 7, 9], "texture": "#5"},
				"south": {"uv": [12, 2, 13, 3], "texture": "#5"},
				"west": {"uv": [8, 6, 10, 7], "texture": "#5"},
				"up": {"uv": [8, 10, 7, 8], "texture": "#5"},
				"down": {"uv": [9, 7, 8, 9], "texture": "#5"}
			}
		},
		{
			"name": "hexadecagon",
			"from": [7.7, 3, 7.00544],
			"to": [8.7, 4, 8.99456],
			"rotation": {"angle": 0, "axis": "y", "origin": [8.2, 8, 8]},
			"faces": {
				"north": {"uv": [3, 12, 4, 13], "texture": "#5"},
				"east": {"uv": [9, 0, 11, 1], "texture": "#5"},
				"south": {"uv": [12, 3, 13, 4], "texture": "#5"},
				"west": {"uv": [9, 1, 11, 2], "texture": "#5"},
				"up": {"uv": [10, 4, 9, 2], "texture": "#5"},
				"down": {"uv": [10, 4, 9, 6], "texture": "#5"}
			}
		},
		{
			"name": "hexadecagon",
			"from": [7.7, 3, 7.00544],
			"to": [8.7, 4, 8.99456],
			"rotation": {"angle": 22.5, "axis": "x", "origin": [8.2, 8, 8]},
			"faces": {
				"north": {"uv": [4, 12, 5, 13], "texture": "#5"},
				"east": {"uv": [5, 9, 7, 10], "texture": "#5"},
				"south": {"uv": [12, 4, 13, 5], "texture": "#5"},
				"west": {"uv": [9, 7, 11, 8], "texture": "#5"},
				"up": {"uv": [9, 11, 8, 9], "texture": "#5"},
				"down": {"uv": [10, 8, 9, 10], "texture": "#5"}
			}
		},
		{
			"name": "hexadecagon",
			"from": [7.7, 12, 7.00544],
			"to": [8.7, 13, 8.99456],
			"rotation": {"angle": -22.5, "axis": "x", "origin": [8.2, 8, 8]},
			"faces": {
				"north": {"uv": [5, 12, 6, 13], "texture": "#5"},
				"east": {"uv": [0, 10, 2, 11], "texture": "#5"},
				"south": {"uv": [12, 5, 13, 6], "texture": "#5"},
				"west": {"uv": [2, 10, 4, 11], "texture": "#5"},
				"up": {"uv": [11, 4, 10, 2], "texture": "#5"},
				"down": {"uv": [5, 10, 4, 12], "texture": "#5"}
			}
		},
		{
			"name": "hexadecagon",
			"from": [7.7, 12, 7.00544],
			"to": [8.7, 13, 8.99456],
			"rotation": {"angle": 0, "axis": "y", "origin": [8.2, 8, 8]},
			"faces": {
				"north": {"uv": [6, 12, 7, 13], "texture": "#5"},
				"east": {"uv": [10, 4, 12, 5], "texture": "#5"},
				"south": {"uv": [12, 6, 13, 7], "texture": "#5"},
				"west": {"uv": [5, 10, 7, 11], "texture": "#5"},
				"up": {"uv": [11, 7, 10, 5], "texture": "#5"},
				"down": {"uv": [8, 10, 7, 12], "texture": "#5"}
			}
		},
		{
			"name": "hexadecagon",
			"from": [7.7, 12, 7.00544],
			"to": [8.7, 13, 8.99456],
			"rotation": {"angle": 22.5, "axis": "x", "origin": [8.2, 8, 8]},
			"faces": {
				"north": {"uv": [7, 12, 8, 13], "texture": "#5"},
				"east": {"uv": [10, 8, 12, 9], "texture": "#5"},
				"south": {"uv": [12, 7, 13, 8], "texture": "#5"},
				"west": {"uv": [9, 10, 11, 11], "texture": "#5"},
				"up": {"uv": [1, 13, 0, 11], "texture": "#5"},
				"down": {"uv": [12, 0, 11, 2], "texture": "#5"}
			}
		},
		{
			"name": "hexadecagon",
			"from": [7.9, 7.20435, 4],
			"to": [8.9, 8.79565, 5],
			"rotation": {"angle": -45, "axis": "x", "origin": [8.4, 8, 8]},
			"faces": {
				"north": {"uv": [0, 0, 1, 2], "texture": "#4"},
				"east": {"uv": [1, 0, 2, 2], "texture": "#4"},
				"south": {"uv": [0, 2, 1, 4], "texture": "#4"},
				"west": {"uv": [2, 0, 3, 2], "texture": "#4"},
				"up": {"uv": [11, 10, 10, 9], "texture": "#4"},
				"down": {"uv": [2, 11, 1, 12], "texture": "#4"}
			}
		},
		{
			"name": "hexadecagon",
			"from": [7.9, 7.20435, 4],
			"to": [8.9, 8.79565, 5],
			"rotation": {"angle": -22.5, "axis": "x", "origin": [8.4, 8, 8]},
			"faces": {
				"north": {"uv": [1, 2, 2, 4], "texture": "#4"},
				"east": {"uv": [2, 2, 3, 4], "texture": "#4"},
				"south": {"uv": [3, 0, 4, 2], "texture": "#4"},
				"west": {"uv": [3, 2, 4, 4], "texture": "#4"},
				"up": {"uv": [3, 12, 2, 11], "texture": "#4"},
				"down": {"uv": [12, 2, 11, 3], "texture": "#4"}
			}
		},
		{
			"name": "hexadecagon",
			"from": [7.9, 7.20435, 4],
			"to": [8.9, 8.79565, 5],
			"rotation": {"angle": 0, "axis": "y", "origin": [8.4, 8, 8]},
			"faces": {
				"north": {"uv": [0, 4, 1, 6], "texture": "#4"},
				"east": {"uv": [4, 0, 5, 2], "texture": "#4"},
				"south": {"uv": [1, 4, 2, 6], "texture": "#4"},
				"west": {"uv": [2, 4, 3, 6], "texture": "#4"},
				"up": {"uv": [4, 12, 3, 11], "texture": "#4"},
				"down": {"uv": [12, 3, 11, 4], "texture": "#4"}
			}
		},
		{
			"name": "hexadecagon",
			"from": [7.9, 7.20435, 4],
			"to": [8.9, 8.79565, 5],
			"rotation": {"angle": 22.5, "axis": "x", "origin": [8.4, 8, 8]},
			"faces": {
				"north": {"uv": [4, 2, 5, 4], "texture": "#4"},
				"east": {"uv": [3, 4, 4, 6], "texture": "#4"},
				"south": {"uv": [4, 4, 5, 6], "texture": "#4"},
				"west": {"uv": [5, 0, 6, 2], "texture": "#4"},
				"up": {"uv": [6, 12, 5, 11], "texture": "#4"},
				"down": {"uv": [12, 5, 11, 6], "texture": "#4"}
			}
		},
		{
			"name": "hexadecagon",
			"from": [7.9, 7.20435, 4],
			"to": [8.9, 8.79565, 5],
			"rotation": {"angle": 45, "axis": "x", "origin": [8.4, 8, 8]},
			"faces": {
				"north": {"uv": [5, 2, 6, 4], "texture": "#4"},
				"east": {"uv": [5, 4, 6, 6], "texture": "#4"},
				"south": {"uv": [0, 6, 1, 8], "texture": "#4"},
				"west": {"uv": [6, 0, 7, 2], "texture": "#4"},
				"up": {"uv": [7, 12, 6, 11], "texture": "#4"},
				"down": {"uv": [12, 6, 11, 7], "texture": "#4"}
			}
		},
		{
			"name": "hexadecagon",
			"from": [7.9, 7.20435, 11],
			"to": [8.9, 8.79565, 12],
			"rotation": {"angle": -45, "axis": "x", "origin": [8.4, 8, 8]},
			"faces": {
				"north": {"uv": [1, 6, 2, 8], "texture": "#4"},
				"east": {"uv": [2, 6, 3, 8], "texture": "#4"},
				"south": {"uv": [6, 2, 7, 4], "texture": "#4"},
				"west": {"uv": [3, 6, 4, 8], "texture": "#4"},
				"up": {"uv": [12, 8, 11, 7], "texture": "#4"},
				"down": {"uv": [9, 11, 8, 12], "texture": "#4"}
			}
		},
		{
			"name": "hexadecagon",
			"from": [7.9, 7.20435, 11],
			"to": [8.9, 8.79565, 12],
			"rotation": {"angle": -22.5, "axis": "x", "origin": [8.4, 8, 8]},
			"faces": {
				"north": {"uv": [4, 6, 5, 8], "texture": "#4"},
				"east": {"uv": [6, 4, 7, 6], "texture": "#4"},
				"south": {"uv": [5, 6, 6, 8], "texture": "#4"},
				"west": {"uv": [6, 6, 7, 8], "texture": "#4"},
				"up": {"uv": [10, 12, 9, 11], "texture": "#4"},
				"down": {"uv": [12, 9, 11, 10], "texture": "#4"}
			}
		},
		{
			"name": "hexadecagon",
			"from": [7.9, 7.20435, 11],
			"to": [8.9, 8.79565, 12],
			"rotation": {"angle": 0, "axis": "y", "origin": [8.4, 8, 8]},
			"faces": {
				"north": {"uv": [7, 0, 8, 2], "texture": "#4"},
				"east": {"uv": [7, 2, 8, 4], "texture": "#4"},
				"south": {"uv": [7, 4, 8, 6], "texture": "#4"},
				"west": {"uv": [7, 6, 8, 8], "texture": "#4"},
				"up": {"uv": [11, 12, 10, 11], "texture": "#4"},
				"down": {"uv": [12, 10, 11, 11], "texture": "#4"}
			}
		},
		{
			"name": "hexadecagon",
			"from": [7.9, 7.20435, 11],
			"to": [8.9, 8.79565, 12],
			"rotation": {"angle": 22.5, "axis": "x", "origin": [8.4, 8, 8]},
			"faces": {
				"north": {"uv": [0, 8, 1, 10], "texture": "#4"},
				"east": {"uv": [8, 0, 9, 2], "texture": "#4"},
				"south": {"uv": [1, 8, 2, 10], "texture": "#4"},
				"west": {"uv": [2, 8, 3, 10], "texture": "#4"},
				"up": {"uv": [12, 12, 11, 11], "texture": "#4"},
				"down": {"uv": [13, 0, 12, 1], "texture": "#4"}
			}
		},
		{
			"name": "hexadecagon",
			"from": [7.9, 7.20435, 11],
			"to": [8.9, 8.79565, 12],
			"rotation": {"angle": 45, "axis": "x", "origin": [8.4, 8, 8]},
			"faces": {
				"north": {"uv": [8, 2, 9, 4], "texture": "#4"},
				"east": {"uv": [3, 8, 4, 10], "texture": "#4"},
				"south": {"uv": [4, 8, 5, 10], "texture": "#4"},
				"west": {"uv": [8, 4, 9, 6], "texture": "#4"},
				"up": {"uv": [2, 13, 1, 12], "texture": "#4"},
				"down": {"uv": [13, 1, 12, 2], "texture": "#4"}
			}
		},
		{
			"name": "hexadecagon",
			"from": [7.9, 4, 7.20435],
			"to": [8.9, 5, 8.79565],
			"rotation": {"angle": -22.5, "axis": "x", "origin": [8.4, 8, 8]},
			"faces": {
				"north": {"uv": [2, 12, 3, 13], "texture": "#4"},
				"east": {"uv": [5, 8, 7, 9], "texture": "#4"},
				"south": {"uv": [12, 2, 13, 3], "texture": "#4"},
				"west": {"uv": [8, 6, 10, 7], "texture": "#4"},
				"up": {"uv": [8, 10, 7, 8], "texture": "#4"},
				"down": {"uv": [9, 7, 8, 9], "texture": "#4"}
			}
		},
		{
			"name": "hexadecagon",
			"from": [7.9, 4, 7.20435],
			"to": [8.9, 5, 8.79565],
			"rotation": {"angle": 0, "axis": "y", "origin": [8.4, 8, 8]},
			"faces": {
				"north": {"uv": [3, 12, 4, 13], "texture": "#4"},
				"east": {"uv": [9, 0, 11, 1], "texture": "#4"},
				"south": {"uv": [12, 3, 13, 4], "texture": "#4"},
				"west": {"uv": [9, 1, 11, 2], "texture": "#4"},
				"up": {"uv": [10, 4, 9, 2], "texture": "#4"},
				"down": {"uv": [10, 4, 9, 6], "texture": "#4"}
			}
		},
		{
			"name": "hexadecagon",
			"from": [7.9, 4, 7.20435],
			"to": [8.9, 5, 8.79565],
			"rotation": {"angle": 22.5, "axis": "x", "origin": [8.4, 8, 8]},
			"faces": {
				"north": {"uv": [4, 12, 5, 13], "texture": "#4"},
				"east": {"uv": [5, 9, 7, 10], "texture": "#4"},
				"south": {"uv": [12, 4, 13, 5], "texture": "#4"},
				"west": {"uv": [9, 7, 11, 8], "texture": "#4"},
				"up": {"uv": [9, 11, 8, 9], "texture": "#4"},
				"down": {"uv": [10, 8, 9, 10], "texture": "#4"}
			}
		},
		{
			"name": "hexadecagon",
			"from": [7.9, 11, 7.20435],
			"to": [8.9, 12, 8.79565],
			"rotation": {"angle": -22.5, "axis": "x", "origin": [8.4, 8, 8]},
			"faces": {
				"north": {"uv": [5, 12, 6, 13], "texture": "#4"},
				"east": {"uv": [0, 10, 2, 11], "texture": "#4"},
				"south": {"uv": [12, 5, 13, 6], "texture": "#4"},
				"west": {"uv": [2, 10, 4, 11], "texture": "#4"},
				"up": {"uv": [11, 4, 10, 2], "texture": "#4"},
				"down": {"uv": [5, 10, 4, 12], "texture": "#4"}
			}
		},
		{
			"name": "hexadecagon",
			"from": [7.9, 11, 7.20435],
			"to": [8.9, 12, 8.79565],
			"rotation": {"angle": 0, "axis": "y", "origin": [8.4, 8, 8]},
			"faces": {
				"north": {"uv": [6, 12, 7, 13], "texture": "#4"},
				"east": {"uv": [10, 4, 12, 5], "texture": "#4"},
				"south": {"uv": [12, 6, 13, 7], "texture": "#4"},
				"west": {"uv": [5, 10, 7, 11], "texture": "#4"},
				"up": {"uv": [11, 7, 10, 5], "texture": "#4"},
				"down": {"uv": [8, 10, 7, 12], "texture": "#4"}
			}
		},
		{
			"name": "hexadecagon",
			"from": [7.9, 11, 7.20435],
			"to": [8.9, 12, 8.79565],
			"rotation": {"angle": 22.5, "axis": "x", "origin": [8.4, 8, 8]},
			"faces": {
				"north": {"uv": [7, 12, 8, 13], "texture": "#4"},
				"east": {"uv": [10, 8, 12, 9], "texture": "#4"},
				"south": {"uv": [12, 7, 13, 8], "texture": "#4"},
				"west": {"uv": [9, 10, 11, 11], "texture": "#4"},
				"up": {"uv": [1, 13, 0, 11], "texture": "#4"},
				"down": {"uv": [12, 0, 11, 2], "texture": "#4"}
			}
		},
		{
			"name": "hexadecagon",
			"from": [8.1, 7.40326, 5],
			"to": [9.1, 8.59674, 11],
			"rotation": {"angle": -45, "axis": "x", "origin": [8.6, 8, 8]},
			"faces": {
				"north": {"uv": [6, 0, 6.5, 0.5], "texture": "#3"},
				"east": {"uv": [0, 0, 3, 0.5], "texture": "#3"},
				"south": {"uv": [6, 0.5, 6.5, 1], "texture": "#3"},
				"west": {"uv": [0, 0.5, 3, 1], "texture": "#3"},
				"up": {"uv": [0.5, 4, 0, 1], "texture": "#3"},
				"down": {"uv": [1, 1, 0.5, 4], "texture": "#3"}
			}
		},
		{
			"name": "hexadecagon",
			"from": [8.1, 7.40326, 5],
			"to": [9.1, 8.59674, 11],
			"rotation": {"angle": -22.5, "axis": "x", "origin": [8.6, 8, 8]},
			"faces": {
				"north": {"uv": [3.5, 6, 4, 6.5], "texture": "#3"},
				"east": {"uv": [1, 1, 4, 1.5], "texture": "#3"},
				"south": {"uv": [4, 6, 4.5, 6.5], "texture": "#3"},
				"west": {"uv": [1, 1.5, 4, 2], "texture": "#3"},
				"up": {"uv": [1.5, 5, 1, 2], "texture": "#3"},
				"down": {"uv": [2, 2, 1.5, 5], "texture": "#3"}
			}
		},
		{
			"name": "hexadecagon",
			"from": [8.1, 7.40326, 5],
			"to": [9.1, 8.59674, 11],
			"rotation": {"angle": 0, "axis": "y", "origin": [8.6, 8, 8]},
			"faces": {
				"north": {"uv": [4.5, 6, 5, 6.5], "texture": "#3"},
				"east": {"uv": [2, 2, 5, 2.5], "texture": "#3"},
				"south": {"uv": [6, 5, 6.5, 5.5], "texture": "#3"},
				"west": {"uv": [2, 2.5, 5, 3], "texture": "#3"},
				"up": {"uv": [2.5, 6, 2, 3], "texture": "#3"},
				"down": {"uv": [3, 3, 2.5, 6], "texture": "#3"}
			}
		},
		{
			"name": "hexadecagon",
			"from": [8.1, 7.40326, 5],
			"to": [9.1, 8.59674, 11],
			"rotation": {"angle": 22.5, "axis": "x", "origin": [8.6, 8, 8]},
			"faces": {
				"north": {"uv": [6, 5.5, 6.5, 6], "texture": "#3"},
				"east": {"uv": [3, 0, 6, 0.5], "texture": "#3"},
				"south": {"uv": [6, 6, 6.5, 6.5], "texture": "#3"},
				"west": {"uv": [3, 0.5, 6, 1], "texture": "#3"},
				"up": {"uv": [3.5, 6, 3, 3], "texture": "#3"},
				"down": {"uv": [4, 3, 3.5, 6], "texture": "#3"}
			}
		},
		{
			"name": "hexadecagon",
			"from": [8.1, 7.40326, 5],
			"to": [9.1, 8.59674, 11],
			"rotation": {"angle": 45, "axis": "x", "origin": [8.6, 8, 8]},
			"faces": {
				"north": {"uv": [6.5, 0, 7, 0.5], "texture": "#3"},
				"east": {"uv": [4, 1, 7, 1.5], "texture": "#3"},
				"south": {"uv": [6.5, 0.5, 7, 1], "texture": "#3"},
				"west": {"uv": [4, 1.5, 7, 2], "texture": "#3"},
				"up": {"uv": [0.5, 7, 0, 4], "texture": "#3"},
				"down": {"uv": [1, 4, 0.5, 7], "texture": "#3"}
			}
		},
		{
			"name": "hexadecagon",
			"from": [8.1, 5, 7.40326],
			"to": [9.1, 11, 8.59674],
			"rotation": {"angle": -22.5, "axis": "x", "origin": [8.6, 8, 8]},
			"faces": {
				"north": {"uv": [4, 3, 4.5, 6], "texture": "#3"},
				"east": {"uv": [4.5, 3, 5, 6], "texture": "#3"},
				"south": {"uv": [1, 5, 1.5, 8], "texture": "#3"},
				"west": {"uv": [1.5, 5, 2, 8], "texture": "#3"},
				"up": {"uv": [7, 2.5, 6.5, 2], "texture": "#3"},
				"down": {"uv": [7, 2.5, 6.5, 3], "texture": "#3"}
			}
		},
		{
			"name": "hexadecagon",
			"from": [8.1, 5, 7.40326],
			"to": [9.1, 11, 8.59674],
			"rotation": {"angle": 0, "axis": "y", "origin": [8.6, 8, 8]},
			"faces": {
				"north": {"uv": [5, 2, 5.5, 5], "texture": "#3"},
				"east": {"uv": [5, 5, 5.5, 8], "texture": "#3"},
				"south": {"uv": [5.5, 2, 6, 5], "texture": "#3"},
				"west": {"uv": [5.5, 5, 6, 8], "texture": "#3"},
				"up": {"uv": [7, 3.5, 6.5, 3], "texture": "#3"},
				"down": {"uv": [4, 6.5, 3.5, 7], "texture": "#3"}
			}
		},
		{
			"name": "hexadecagon",
			"from": [8.1, 5, 7.40326],
			"to": [9.1, 11, 8.59674],
			"rotation": {"angle": 22.5, "axis": "x", "origin": [8.6, 8, 8]},
			"faces": {
				"north": {"uv": [2, 6, 2.5, 9], "texture": "#3"},
				"east": {"uv": [6, 2, 6.5, 5], "texture": "#3"},
				"south": {"uv": [2.5, 6, 3, 9], "texture": "#3"},
				"west": {"uv": [3, 6, 3.5, 9], "texture": "#3"},
				"up": {"uv": [7, 4, 6.5, 3.5], "texture": "#3"},
				"down": {"uv": [4.5, 6.5, 4, 7], "texture": "#3"}
			}
		},
		{
			"from": [9, 9.71701, 3.06124],
			"to": [9.2, 11.51701, 3.26124],
			"rotation": {"angle": 22.5, "axis": "x", "origin": [0, -1.18299, 1.96124]},
			"faces": {
				"north": {"uv": [0, 0, 0.2, 1.6], "texture": "#5"},
				"east": {"uv": [0, 0, 0.2, 1.6], "texture": "#5"},
				"south": {"uv": [0, 0, 0.2, 1.6], "texture": "#5"},
				"west": {"uv": [0, 0, 0.2, 1.6], "texture": "#5"},
				"up": {"uv": [0, 0, 0.2, 0.2], "texture": "#5"},
				"down": {"uv": [0, 0, 0.2, 0.2], "texture": "#5"}
			}
		},
		{
			"from": [9, 8.21481, 6.15854],
			"to": [9.2, 8.41481, 7.33354],
			"rotation": {"angle": 0, "axis": "y", "origin": [0, -2.31019, 6.03354]},
			"faces": {
				"north": {"uv": [0, 0, 0.2, 0.2], "texture": "#5"},
				"east": {"uv": [0, 0, 1.6, 0.2], "texture": "#5"},
				"south": {"uv": [0, 0, 0.2, 0.2], "texture": "#5"},
				"west": {"uv": [0, 0, 1.6, 0.2], "texture": "#5"},
				"up": {"uv": [0, 0, 0.2, 1.6], "texture": "#5"},
				"down": {"uv": [0, 0, 0.2, 1.6], "texture": "#5"}
			}
		},
		{
			"from": [9, 7.96481, 6.75854],
			"to": [9.2, 8.23981, 7.33354],
			"rotation": {"angle": 0, "axis": "y", "origin": [0, -2.31019, 6.03354]},
			"faces": {
				"north": {"uv": [0, 0, 0.2, 0.2], "texture": "#5"},
				"east": {"uv": [0, 0, 1.6, 0.2], "texture": "#5"},
				"south": {"uv": [0, 0, 0.2, 0.2], "texture": "#5"},
				"west": {"uv": [0, 0, 1.6, 0.2], "texture": "#5"},
				"up": {"uv": [0, 0, 0.2, 1.6], "texture": "#5"},
				"down": {"uv": [0, 0, 0.2, 1.6], "texture": "#5"}
			}
		},
		{
			"from": [9, 8.06481, 6.53354],
			"to": [9.2, 8.33981, 7.10854],
			"rotation": {"angle": 0, "axis": "y", "origin": [0, -2.31019, 6.03354]},
			"faces": {
				"north": {"uv": [0, 0, 0.2, 0.2], "texture": "#5"},
				"east": {"uv": [0, 0, 1.6, 0.2], "texture": "#5"},
				"south": {"uv": [0, 0, 0.2, 0.2], "texture": "#5"},
				"west": {"uv": [0, 0, 1.6, 0.2], "texture": "#5"},
				"up": {"uv": [0, 0, 0.2, 1.6], "texture": "#5"},
				"down": {"uv": [0, 0, 0.2, 1.6], "texture": "#5"}
			}
		},
		{
			"from": [9, 8.38981, 5.73354],
			"to": [9.2, 8.58981, 7.33354],
			"rotation": {"angle": 0, "axis": "y", "origin": [0, -2.31019, 6.03354]},
			"faces": {
				"north": {"uv": [0, 0, 0.2, 0.2], "texture": "#5"},
				"east": {"uv": [0, 0, 1.6, 0.2], "texture": "#5"},
				"south": {"uv": [0, 0, 0.2, 0.2], "texture": "#5"},
				"west": {"uv": [0, 0, 1.6, 0.2], "texture": "#5"},
				"up": {"uv": [0, 0, 0.2, 1.6], "texture": "#5"},
				"down": {"uv": [0, 0, 0.2, 1.6], "texture": "#5"}
			}
		},
		{
			"from": [9, 9.06666, 1.73079],
			"to": [9.2, 9.26666, 3.33079],
			"rotation": {"angle": 22.5, "axis": "x", "origin": [0, -1.13334, 2.03079]},
			"faces": {
				"north": {"uv": [0, 0, 0.2, 0.2], "texture": "#5"},
				"east": {"uv": [0, 0, 1.6, 0.2], "texture": "#5"},
				"south": {"uv": [0, 0, 0.2, 0.2], "texture": "#5"},
				"west": {"uv": [0, 0, 1.6, 0.2], "texture": "#5"},
				"up": {"uv": [0, 0, 0.2, 1.6], "texture": "#5"},
				"down": {"uv": [0, 0, 0.2, 1.6], "texture": "#5"}
			}
		},
		{
			"from": [9, 2.5731, 5.73783],
			"to": [9.2, 4.1731, 5.93783],
			"rotation": {"angle": 22.5, "axis": "x", "origin": [0, 2.8731, 16.13783]},
			"faces": {
				"north": {"uv": [0, 0, 0.2, 1.6], "rotation": 180, "texture": "#5"},
				"east": {"uv": [0, 0, 1.6, 0.2], "rotation": 90, "texture": "#5"},
				"south": {"uv": [0, 0, 0.2, 1.6], "texture": "#5"},
				"west": {"uv": [0, 0, 1.6, 0.2], "rotation": 270, "texture": "#5"},
				"up": {"uv": [0, 0, 0.2, 0.2], "texture": "#5"},
				"down": {"uv": [0, 0, 0.2, 0.2], "rotation": 180, "texture": "#5"}
			}
		},
		{
			"from": [9, 3.0481, 5.83783],
			"to": [9.2, 5.8731, 6.43783],
			"rotation": {"angle": 22.5, "axis": "x", "origin": [0, 2.8731, 16.13783]},
			"faces": {
				"north": {"uv": [0, 0, 0.2, 1.6], "rotation": 180, "texture": "#5"},
				"east": {"uv": [0, 0, 1.6, 0.2], "rotation": 90, "texture": "#5"},
				"south": {"uv": [0, 0, 0.2, 1.6], "texture": "#5"},
				"west": {"uv": [0, 0, 1.6, 0.2], "rotation": 270, "texture": "#5"},
				"up": {"uv": [0, 0, 0.2, 0.2], "texture": "#5"},
				"down": {"uv": [0, 0, 0.2, 0.2], "rotation": 180, "texture": "#5"}
			}
		},
		{
			"from": [9, 2.7481, 5.83783],
			"to": [9.2, 5.5731, 6.18783],
			"rotation": {"angle": 22.5, "axis": "x", "origin": [0, 2.8731, 16.13783]},
			"faces": {
				"north": {"uv": [0, 0, 0.2, 1.6], "rotation": 180, "texture": "#5"},
				"east": {"uv": [0, 0, 1.6, 0.2], "rotation": 90, "texture": "#5"},
				"south": {"uv": [0, 0, 0.2, 1.6], "texture": "#5"},
				"west": {"uv": [0, 0, 1.6, 0.2], "rotation": 270, "texture": "#5"},
				"up": {"uv": [0, 0, 0.2, 0.2], "texture": "#5"},
				"down": {"uv": [0, 0, 0.2, 0.2], "rotation": 180, "texture": "#5"}
			}
		},
		{
			"from": [9, 3.5731, 6.83783],
			"to": [9.2, 4.9731, 7.46283],
			"rotation": {"angle": 22.5, "axis": "x", "origin": [0, 2.8731, 16.13783]},
			"faces": {
				"north": {"uv": [0, 0, 0.2, 1.6], "rotation": 180, "texture": "#5"},
				"east": {"uv": [0, 0, 1.6, 0.2], "rotation": 90, "texture": "#5"},
				"south": {"uv": [0, 0, 0.2, 1.6], "texture": "#5"},
				"west": {"uv": [0, 0, 1.6, 0.2], "rotation": 270, "texture": "#5"},
				"up": {"uv": [0, 0, 0.2, 0.2], "texture": "#5"},
				"down": {"uv": [0, 0, 0.2, 0.2], "rotation": 180, "texture": "#5"}
			}
		},
		{
			"from": [9, 3.5731, 7.41283],
			"to": [9.2, 4.1481, 8.03783],
			"rotation": {"angle": 22.5, "axis": "x", "origin": [0, 2.8731, 16.13783]},
			"faces": {
				"north": {"uv": [0, 0, 0.2, 1.6], "rotation": 180, "texture": "#5"},
				"east": {"uv": [0, 0, 1.6, 0.2], "rotation": 90, "texture": "#5"},
				"south": {"uv": [0, 0, 0.2, 1.6], "texture": "#5"},
				"west": {"uv": [0, 0, 1.6, 0.2], "rotation": 270, "texture": "#5"},
				"up": {"uv": [0, 0, 0.2, 0.2], "texture": "#5"},
				"down": {"uv": [0, 0, 0.2, 0.2], "rotation": 180, "texture": "#5"}
			}
		},
		{
			"from": [9, 3.8481, 7.13783],
			"to": [9.2, 4.4231, 7.76283],
			"rotation": {"angle": 22.5, "axis": "x", "origin": [0, 2.8731, 16.13783]},
			"faces": {
				"north": {"uv": [0, 0, 0.2, 1.6], "rotation": 180, "texture": "#5"},
				"east": {"uv": [0, 0, 1.6, 0.2], "rotation": 90, "texture": "#5"},
				"south": {"uv": [0, 0, 0.2, 1.6], "texture": "#5"},
				"west": {"uv": [0, 0, 1.6, 0.2], "rotation": 270, "texture": "#5"},
				"up": {"uv": [0, 0, 0.2, 0.2], "texture": "#5"},
				"down": {"uv": [0, 0, 0.2, 0.2], "rotation": 180, "texture": "#5"}
			}
		},
		{
			"from": [9, 3.6231, 6.36283],
			"to": [9.2, 5.3481, 6.96283],
			"rotation": {"angle": 22.5, "axis": "x", "origin": [0, 2.8731, 16.13783]},
			"faces": {
				"north": {"uv": [0, 0, 0.2, 1.6], "rotation": 180, "texture": "#5"},
				"east": {"uv": [0, 0, 1.6, 0.2], "rotation": 90, "texture": "#5"},
				"south": {"uv": [0, 0, 0.2, 1.6], "texture": "#5"},
				"west": {"uv": [0, 0, 1.6, 0.2], "rotation": 270, "texture": "#5"},
				"up": {"uv": [0, 0, 0.2, 0.2], "texture": "#5"},
				"down": {"uv": [0, 0, 0.2, 0.2], "rotation": 180, "texture": "#5"}
			}
		},
		{
			"from": [9, 3.2981, 6.13783],
			"to": [9.2, 5.0231, 6.73783],
			"rotation": {"angle": 22.5, "axis": "x", "origin": [0, 2.8731, 16.13783]},
			"faces": {
				"north": {"uv": [0, 0, 0.2, 1.6], "rotation": 180, "texture": "#5"},
				"east": {"uv": [0, 0, 1.6, 0.2], "rotation": 90, "texture": "#5"},
				"south": {"uv": [0, 0, 0.2, 1.6], "texture": "#5"},
				"west": {"uv": [0, 0, 1.6, 0.2], "rotation": 270, "texture": "#5"},
				"up": {"uv": [0, 0, 0.2, 0.2], "texture": "#5"},
				"down": {"uv": [0, 0, 0.2, 0.2], "rotation": 180, "texture": "#5"}
			}
		},
		{
			"from": [9, 7.2823, 10.37175],
			"to": [9.2, 7.4823, 11.97175],
			"rotation": {"angle": -22.5, "axis": "x", "origin": [0, -2.9177, 10.67175]},
			"faces": {
				"north": {"uv": [0, 0, 0.2, 0.2], "texture": "#5"},
				"east": {"uv": [0, 0, 1.6, 0.2], "texture": "#5"},
				"south": {"uv": [0, 0, 0.2, 0.2], "texture": "#5"},
				"west": {"uv": [0, 0, 1.6, 0.2], "texture": "#5"},
				"up": {"uv": [0, 0, 0.2, 1.6], "texture": "#5"},
				"down": {"uv": [0, 0, 0.2, 1.6], "texture": "#5"}
			}
		},
		{
			"from": [9, 8.38981, 8.55812],
			"to": [9.2, 8.58981, 10.15812],
			"rotation": {"angle": 0, "axis": "y", "origin": [0, -2.31019, 5.85812]},
			"faces": {
				"north": {"uv": [0, 0, 0.2, 0.2], "texture": "#5"},
				"east": {"uv": [0, 0, 1.6, 0.2], "texture": "#5"},
				"south": {"uv": [0, 0, 0.2, 0.2], "texture": "#5"},
				"west": {"uv": [0, 0, 1.6, 0.2], "texture": "#5"},
				"up": {"uv": [0, 0, 0.2, 1.6], "texture": "#5"},
				"down": {"uv": [0, 0, 0.2, 1.6], "texture": "#5"}
			}
		},
		{
			"from": [9, 8.18981, 8.05812],
			"to": [9.2, 8.38981, 9.65812],
			"rotation": {"angle": 0, "axis": "y", "origin": [0, -2.31019, 5.85812]},
			"faces": {
				"north": {"uv": [0, 0, 0.2, 0.2], "texture": "#5"},
				"east": {"uv": [0, 0, 1.6, 0.2], "texture": "#5"},
				"south": {"uv": [0, 0, 0.2, 0.2], "texture": "#5"},
				"west": {"uv": [0, 0, 1.6, 0.2], "texture": "#5"},
				"up": {"uv": [0, 0, 0.2, 1.6], "texture": "#5"},
				"down": {"uv": [0, 0, 0.2, 1.6], "texture": "#5"}
			}
		},
		{
			"from": [9, 8.06481, 8.05812],
			"to": [9.2, 8.26481, 9.25812],
			"rotation": {"angle": 0, "axis": "y", "origin": [0, -2.31019, 5.85812]},
			"faces": {
				"north": {"uv": [0, 0, 0.2, 0.2], "texture": "#5"},
				"east": {"uv": [0, 0, 1.6, 0.2], "texture": "#5"},
				"south": {"uv": [0, 0, 0.2, 0.2], "texture": "#5"},
				"west": {"uv": [0, 0, 1.6, 0.2], "texture": "#5"},
				"up": {"uv": [0, 0, 0.2, 1.6], "texture": "#5"},
				"down": {"uv": [0, 0, 0.2, 1.6], "texture": "#5"}
			}
		},
		{
			"from": [9, 7.53592, 12.86535],
			"to": [9.2, 7.73592, 14.46535],
			"rotation": {"angle": -22.5, "axis": "x", "origin": [0, -2.66408, 10.16535]},
			"faces": {
				"north": {"uv": [0, 0, 0.2, 0.2], "texture": "#5"},
				"east": {"uv": [0, 0, 1.6, 0.2], "texture": "#5"},
				"south": {"uv": [0, 0, 0.2, 0.2], "texture": "#5"},
				"west": {"uv": [0, 0, 1.6, 0.2], "texture": "#5"},
				"up": {"uv": [0, 0, 0.2, 1.6], "texture": "#5"},
				"down": {"uv": [0, 0, 0.2, 1.6], "texture": "#5"}
			}
		},
		{
			"from": [9, 2.26862, 8.4231],
			"to": [9.2, 3.86862, 8.6231],
			"rotation": {"angle": -22.5, "axis": "x", "origin": [0, 6.56862, -1.7769]},
			"faces": {
				"north": {"uv": [0, 0, 0.2, 1.6], "rotation": 180, "texture": "#5"},
				"east": {"uv": [0, 0, 1.6, 0.2], "rotation": 270, "texture": "#5"},
				"south": {"uv": [0, 0, 0.2, 1.6], "texture": "#5"},
				"west": {"uv": [0, 0, 1.6, 0.2], "rotation": 90, "texture": "#5"},
				"up": {"uv": [0, 0, 0.2, 0.2], "rotation": 180, "texture": "#5"},
				"down": {"uv": [0, 0, 0.2, 0.2], "texture": "#5"}
			}
		},
		{
			"from": [9, 8.81304, 3.1244],
			"to": [9.2, 9.01304, 5.8244],
			"rotation": {"angle": 22.5, "axis": "x", "origin": [0, -1.38696, 1.5244]},
			"faces": {
				"north": {"uv": [0, 0, 0.2, 0.2], "texture": "#5"},
				"east": {"uv": [0, 0, 1.6, 0.2], "texture": "#5"},
				"south": {"uv": [0, 0, 0.2, 0.2], "texture": "#5"},
				"west": {"uv": [0, 0, 1.6, 0.2], "texture": "#5"},
				"up": {"uv": [0, 0, 0.2, 1.6], "texture": "#5"},
				"down": {"uv": [0, 0, 0.2, 1.6], "texture": "#5"}
			}
		},
		{
			"from": [9, 4.4, 11.5],
			"to": [9.2, 6.2, 11.7],
			"rotation": {"angle": -22.5, "axis": "x", "origin": [0, -1, 0]},
			"faces": {
				"north": {"uv": [0, 0, 0.2, 1.6], "texture": "#5"},
				"east": {"uv": [0, 0, 0.2, 1.6], "texture": "#5"},
				"south": {"uv": [0, 0, 0.2, 1.6], "texture": "#5"},
				"west": {"uv": [0, 0, 0.2, 1.6], "texture": "#5"},
				"up": {"uv": [0, 0, 0.2, 0.2], "texture": "#5"},
				"down": {"uv": [0, 0, 0.2, 0.2], "texture": "#5"}
			}
		},
		{
			"from": [9, 2.55, 11.25],
			"to": [9.2, 6, 11.55],
			"rotation": {"angle": -22.5, "axis": "x", "origin": [0, -1, 0]},
			"faces": {
				"north": {"uv": [0, 0, 0.2, 1.85], "texture": "#5"},
				"east": {"uv": [0, 0, 0.2, 1.85], "texture": "#5"},
				"south": {"uv": [0, 0, 0.2, 1.85], "texture": "#5"},
				"west": {"uv": [0, 0, 0.2, 1.85], "texture": "#5"},
				"up": {"uv": [0, 0, 0.2, 0.2], "texture": "#5"},
				"down": {"uv": [0, 0, 0.2, 0.2], "texture": "#5"}
			}
		}
	],
	"display": {
		"thirdperson_righthand": {
			"translation": [1.75, -2, 0.75]
		},
		"thirdperson_lefthand": {
			"rotation": [0, 0, -180],
			"translation": [1.75, -2, 0]
		},
		"firstperson_righthand": {
			"rotation": [0, 90, 0],
			"translation": [4.5, -2.75, 0]
		},
		"firstperson_lefthand": {
			"rotation": [0, -90, 0],
			"translation": [3.75, -2, 0]
		},
		"ground": {
			"translation": [0, 3.25, 0]
		},
		"gui": {
			"rotation": [0, -90, 0]
		},
		"fixed": {
			"rotation": [0, 90, 0]
		}
	},
	"groups": [
		{
			"name": "1",
			"origin": [8, 8, 8],
			"color": 0,
			"children": [0, 1, 2, 3, 4, 5, 6, 7, 8, 9, 10, 11, 12, 13, 14, 15]
		},
		{
			"name": "2",
			"origin": [8, 8, 8],
			"color": 0,
			"children": [16, 17, 18, 19, 20, 21, 22, 23, 24, 25, 26, 27, 28, 29, 30, 31]
		},
		{
			"name": "3",
			"origin": [8, 8, 8],
			"color": 0,
			"children": [32, 33, 34, 35, 36, 37, 38, 39, 40, 41, 42, 43, 44, 45, 46, 47]
		},
		{
			"name": "4",
			"origin": [8, 8, 8],
			"color": 0,
			"children": [48, 49, 50, 51, 52, 53, 54, 55]
		},
		{
			"name": "gwiazda",
			"origin": [8, 8, 8],
			"color": 0,
			"children": [56, 57, 58, 59, 60, 61, 62, 63, 64, 65, 66, 67, 68, 69, 70, 71, 72, 73, 74, 75, 76, 77, 78]
		}
	]
}