{
	"credit": "Made with Blockbench",
	"textures": {
		"0": "block/yellow_concrete",
		"1": "block/white_concrete",
		"particle": "block/yellow_concrete"
	},
	"elements": [
		{
			"name": "hexadecagon",
			"from": [9.984, 22.91138, 17.65934],
			"to": [10.224, 23.38877, 19.83934],
			"rotation": {"angle": -45, "axis": "x", "origin": [10.23909, 17.23072, 17.24195]},
			"faces": {
				"north": {"uv": [0, 0, 1, 1], "texture": "#1"},
				"east": {"uv": [0, 0, 1, 1], "texture": "#1"},
				"south": {"uv": [0, 0, 1, 1], "texture": "#1"},
				"west": {"uv": [0, 0, 1, 1], "texture": "#1"},
				"up": {"uv": [0, 0, 1, 1], "texture": "#1"},
				"down": {"uv": [0, 0, 1, 1], "texture": "#1"}
			}
		},
		{
			"name": "hexadecagon",
			"from": [9.984, 23.07974, 15.27098],
			"to": [10.224, 23.55713, 15.75098],
			"rotation": {"angle": -22.5, "axis": "x", "origin": [10.23909, 17.23072, 17.24195]},
			"faces": {
				"north": {"uv": [0, 0, 1, 1], "texture": "#1"},
				"east": {"uv": [0, 0, 1, 1], "texture": "#1"},
				"south": {"uv": [0, 0, 1, 1], "texture": "#1"},
				"west": {"uv": [0, 0, 1, 1], "texture": "#1"},
				"up": {"uv": [0, 0, 1, 1], "texture": "#1"},
				"down": {"uv": [0, 0, 1, 1], "texture": "#1"}
			}
		},
		{
			"name": "hexadecagon",
			"from": [9.984, 22.32131, 13],
			"to": [10.224, 22.79869, 13.48],
			"rotation": {"angle": 0, "axis": "y", "origin": [10.23909, 17.23072, 17.24195]},
			"faces": {
				"north": {"uv": [0, 0, 1, 1], "texture": "#1"},
				"east": {"uv": [0, 0, 1, 1], "texture": "#1"},
				"south": {"uv": [0, 0, 1, 1], "texture": "#1"},
				"west": {"uv": [0, 0, 1, 1], "texture": "#1"},
				"up": {"uv": [0, 0, 1, 1], "texture": "#1"},
				"down": {"uv": [0, 0, 1, 1], "texture": "#1"}
			}
		},
		{
			"name": "hexadecagon",
			"from": [9.984, 20.75153, 11.19213],
			"to": [10.224, 21.22892, 11.67213],
			"rotation": {"angle": 22.5, "axis": "x", "origin": [10.23909, 17.23072, 17.24195]},
			"faces": {
				"north": {"uv": [0, 0, 1, 1], "texture": "#1"},
				"east": {"uv": [0, 0, 1, 1], "texture": "#1"},
				"south": {"uv": [0, 0, 1, 1], "texture": "#1"},
				"west": {"uv": [0, 0, 1, 1], "texture": "#1"},
				"up": {"uv": [0, 0, 1, 1], "texture": "#1"},
				"down": {"uv": [0, 0, 1, 1], "texture": "#1"}
			}
		},
		{
			"name": "hexadecagon",
			"from": [9.984, 18.60941, 10.1226],
			"to": [10.224, 19.0868, 10.6346],
			"rotation": {"angle": 45, "axis": "x", "origin": [10.23909, 17.23072, 17.24195]},
			"faces": {
				"north": {"uv": [0, 0, 1, 1], "texture": "#1"},
				"east": {"uv": [0, 0, 1, 1], "texture": "#1"},
				"south": {"uv": [0, 0, 1, 1], "texture": "#1"},
				"west": {"uv": [0, 0, 1, 1], "texture": "#1"},
				"up": {"uv": [0, 0, 1, 1], "texture": "#1"},
				"down": {"uv": [0, 0, 1, 1], "texture": "#1"}
			}
		},
		{
			"name": "hexadecagon",
			"from": [9.984, 22.91138, 19.57934],
			"to": [10.224, 23.38877, 20.05934],
			"rotation": {"angle": -45, "axis": "x", "origin": [10.23909, 17.23072, 17.24195]},
			"faces": {
				"north": {"uv": [0, 0, 1, 1], "texture": "#1"},
				"east": {"uv": [0, 0, 1, 1], "texture": "#1"},
				"south": {"uv": [0, 0, 1, 1], "texture": "#1"},
				"west": {"uv": [0, 0, 1, 1], "texture": "#1"},
				"up": {"uv": [0, 0, 1, 1], "texture": "#1"},
				"down": {"uv": [0, 0, 1, 1], "texture": "#1"}
			}
		},
		{
			"name": "hexadecagon",
			"from": [9.984, 23.07974, 17.19098],
			"to": [10.224, 23.55713, 17.67098],
			"rotation": {"angle": -22.5, "axis": "x", "origin": [10.23909, 17.23072, 17.24195]},
			"faces": {
				"north": {"uv": [0, 0, 1, 1], "texture": "#1"},
				"east": {"uv": [0, 0, 1, 1], "texture": "#1"},
				"south": {"uv": [0, 0, 1, 1], "texture": "#1"},
				"west": {"uv": [0, 0, 1, 1], "texture": "#1"},
				"up": {"uv": [0, 0, 1, 1], "texture": "#1"},
				"down": {"uv": [0, 0, 1, 1], "texture": "#1"}
			}
		},
		{
			"name": "hexadecagon",
			"from": [9.984, 22.32131, 14.92],
			"to": [10.224, 22.79869, 15.4],
			"rotation": {"angle": 0, "axis": "y", "origin": [10.23909, 17.23072, 17.24195]},
			"faces": {
				"north": {"uv": [0, 0, 1, 1], "texture": "#1"},
				"east": {"uv": [0, 0, 1, 1], "texture": "#1"},
				"south": {"uv": [0, 0, 1, 1], "texture": "#1"},
				"west": {"uv": [0, 0, 1, 1], "texture": "#1"},
				"up": {"uv": [0, 0, 1, 1], "texture": "#1"},
				"down": {"uv": [0, 0, 1, 1], "texture": "#1"}
			}
		},
		{
			"name": "hexadecagon",
			"from": [9.984, 20.75153, 13.11213],
			"to": [10.224, 21.22892, 13.59213],
			"rotation": {"angle": 22.5, "axis": "x", "origin": [10.23909, 17.23072, 17.24195]},
			"faces": {
				"north": {"uv": [0, 0, 1, 1], "texture": "#1"},
				"east": {"uv": [0, 0, 1, 1], "texture": "#1"},
				"south": {"uv": [0, 0, 1, 1], "texture": "#1"},
				"west": {"uv": [0, 0, 1, 1], "texture": "#1"},
				"up": {"uv": [0, 0, 1, 1], "texture": "#1"},
				"down": {"uv": [0, 0, 1, 1], "texture": "#1"}
			}
		},
		{
			"name": "hexadecagon",
			"from": [9.984, 18.60941, 12.0426],
			"to": [10.224, 19.0868, 12.5226],
			"rotation": {"angle": 45, "axis": "x", "origin": [10.23909, 17.23072, 17.24195]},
			"faces": {
				"north": {"uv": [0, 0, 1, 1], "texture": "#1"},
				"east": {"uv": [0, 0, 1, 1], "texture": "#1"},
				"south": {"uv": [0, 0, 1, 1], "texture": "#1"},
				"west": {"uv": [0, 0, 1, 1], "texture": "#1"},
				"up": {"uv": [0, 0, 1, 1], "texture": "#1"},
				"down": {"uv": [0, 0, 1, 1], "texture": "#1"}
			}
		},
		{
			"name": "hexadecagon",
			"from": [9.984, 22.11844, 16.23229],
			"to": [10.224, 22.59844, 16.70968],
			"rotation": {"angle": -22.5, "axis": "x", "origin": [10.23909, 17.23072, 17.24195]},
			"faces": {
				"north": {"uv": [0, 0, 1, 1], "texture": "#1"},
				"east": {"uv": [0, 0, 1, 1], "texture": "#1"},
				"south": {"uv": [0, 0, 1, 1], "texture": "#1"},
				"west": {"uv": [0, 0, 1, 1], "texture": "#1"},
				"up": {"uv": [0, 0, 1, 1], "texture": "#1"},
				"down": {"uv": [0, 0, 1, 1], "texture": "#1"}
			}
		},
		{
			"name": "hexadecagon",
			"from": [9.984, 21.36, 13.96131],
			"to": [10.224, 21.84, 14.43869],
			"rotation": {"angle": 0, "axis": "y", "origin": [10.23909, 17.23072, 17.24195]},
			"faces": {
				"north": {"uv": [0, 0, 1, 1], "texture": "#1"},
				"east": {"uv": [0, 0, 1, 1], "texture": "#1"},
				"south": {"uv": [0, 0, 1, 1], "texture": "#1"},
				"west": {"uv": [0, 0, 1, 1], "texture": "#1"},
				"up": {"uv": [0, 0, 1, 1], "texture": "#1"},
				"down": {"uv": [0, 0, 1, 1], "texture": "#1"}
			}
		},
		{
			"name": "hexadecagon",
			"from": [9.984, 19.79023, 12.15343],
			"to": [10.224, 20.27023, 12.63082],
			"rotation": {"angle": 22.5, "axis": "x", "origin": [10.23909, 17.23072, 17.24195]},
			"faces": {
				"north": {"uv": [0, 0, 1, 1], "texture": "#1"},
				"east": {"uv": [0, 0, 1, 1], "texture": "#1"},
				"south": {"uv": [0, 0, 1, 1], "texture": "#1"},
				"west": {"uv": [0, 0, 1, 1], "texture": "#1"},
				"up": {"uv": [0, 0, 1, 1], "texture": "#1"},
				"down": {"uv": [0, 0, 1, 1], "texture": "#1"}
			}
		},
		{
			"name": "hexadecagon",
			"from": [9.984, 24.03844, 16.23229],
			"to": [10.224, 24.51844, 16.70968],
			"rotation": {"angle": -22.5, "axis": "x", "origin": [10.23909, 17.23072, 17.24195]},
			"faces": {
				"north": {"uv": [0, 0, 1, 1], "texture": "#1"},
				"east": {"uv": [0, 0, 1, 1], "texture": "#1"},
				"south": {"uv": [0, 0, 1, 1], "texture": "#1"},
				"west": {"uv": [0, 0, 1, 1], "texture": "#1"},
				"up": {"uv": [0, 0, 1, 1], "texture": "#1"},
				"down": {"uv": [0, 0, 1, 1], "texture": "#1"}
			}
		},
		{
			"name": "hexadecagon",
			"from": [9.984, 23.28, 13.96131],
			"to": [10.224, 23.76, 14.43869],
			"rotation": {"angle": 0, "axis": "y", "origin": [10.23909, 17.23072, 17.24195]},
			"faces": {
				"north": {"uv": [0, 0, 1, 1], "texture": "#1"},
				"east": {"uv": [0, 0, 1, 1], "texture": "#1"},
				"south": {"uv": [0, 0, 1, 1], "texture": "#1"},
				"west": {"uv": [0, 0, 1, 1], "texture": "#1"},
				"up": {"uv": [0, 0, 1, 1], "texture": "#1"},
				"down": {"uv": [0, 0, 1, 1], "texture": "#1"}
			}
		},
		{
			"name": "hexadecagon",
			"from": [9.984, 21.71023, 12.15343],
			"to": [10.224, 22.19023, 12.63082],
			"rotation": {"angle": 22.5, "axis": "x", "origin": [10.23909, 17.23072, 17.24195]},
			"faces": {
				"north": {"uv": [0, 0, 1, 1], "texture": "#1"},
				"east": {"uv": [0, 0, 1, 1], "texture": "#1"},
				"south": {"uv": [0, 0, 1, 1], "texture": "#1"},
				"west": {"uv": [0, 0, 1, 1], "texture": "#1"},
				"up": {"uv": [0, 0, 1, 1], "texture": "#1"},
				"down": {"uv": [0, 0, 1, 1], "texture": "#1"}
			}
		},
		{
			"name": "hexadecagon",
			"from": [9.7, 16.72423, 8.77341],
			"to": [10.2, 17.71879, 13.17341],
			"rotation": {"angle": -45, "axis": "x", "origin": [9.93909, 16.93072, 11.04195]},
			"faces": {
				"north": {"uv": [0, 0, 1, 1], "texture": "#1"},
				"east": {"uv": [0, 0, 1, 1], "texture": "#1"},
				"south": {"uv": [0, 0, 1, 1], "texture": "#1"},
				"west": {"uv": [0, 0, 1, 1], "texture": "#1"},
				"up": {"uv": [0, 0, 1, 1], "texture": "#1"},
				"down": {"uv": [0, 0, 1, 1], "texture": "#1"}
			}
		},
		{
			"name": "hexadecagon",
			"from": [9.7, 16.79066, 8.64451],
			"to": [10.2, 17.78523, 9.64451],
			"rotation": {"angle": -22.5, "axis": "x", "origin": [9.93909, 16.93072, 11.04195]},
			"faces": {
				"north": {"uv": [0, 0, 1, 1], "texture": "#1"},
				"east": {"uv": [0, 0, 1, 1], "texture": "#1"},
				"south": {"uv": [0, 0, 1, 1], "texture": "#1"},
				"west": {"uv": [0, 0, 1, 1], "texture": "#1"},
				"up": {"uv": [0, 0, 1, 1], "texture": "#1"},
				"down": {"uv": [0, 0, 1, 1], "texture": "#1"}
			}
		},
		{
			"name": "hexadecagon",
			"from": [9.7, 16.80272, 8.5],
			"to": [10.2, 17.79728, 9.5],
			"rotation": {"angle": 0, "axis": "y", "origin": [9.93909, 16.93072, 11.04195]},
			"faces": {
				"north": {"uv": [0, 0, 1, 1], "texture": "#1"},
				"east": {"uv": [0, 0, 1, 1], "texture": "#1"},
				"south": {"uv": [0, 0, 1, 1], "texture": "#1"},
				"west": {"uv": [0, 0, 1, 1], "texture": "#1"},
				"up": {"uv": [0, 0, 1, 1], "texture": "#1"},
				"down": {"uv": [0, 0, 1, 1], "texture": "#1"}
			}
		},
		{
			"name": "hexadecagon",
			"from": [9.7, 16.75855, 8.36188],
			"to": [10.2, 17.75312, 9.36188],
			"rotation": {"angle": 22.5, "axis": "x", "origin": [9.93909, 16.93072, 11.04195]},
			"faces": {
				"north": {"uv": [0, 0, 1, 1], "texture": "#1"},
				"east": {"uv": [0, 0, 1, 1], "texture": "#1"},
				"south": {"uv": [0, 0, 1, 1], "texture": "#1"},
				"west": {"uv": [0, 0, 1, 1], "texture": "#1"},
				"up": {"uv": [0, 0, 1, 1], "texture": "#1"},
				"down": {"uv": [0, 0, 1, 1], "texture": "#1"}
			}
		},
		{
			"name": "hexadecagon",
			"from": [9.7, 16.66489, 8.25117],
			"to": [10.2, 17.65945, 9.25117],
			"rotation": {"angle": 45, "axis": "x", "origin": [9.93909, 16.93072, 11.04195]},
			"faces": {
				"north": {"uv": [0, 0, 1, 1], "texture": "#1"},
				"east": {"uv": [0, 0, 1, 1], "texture": "#1"},
				"south": {"uv": [0, 0, 1, 1], "texture": "#1"},
				"west": {"uv": [0, 0, 1, 1], "texture": "#1"},
				"up": {"uv": [0, 0, 1, 1], "texture": "#1"},
				"down": {"uv": [0, 0, 1, 1], "texture": "#1"}
			}
		},
		{
			"name": "hexadecagon",
			"from": [9.7, 16.72423, 12.77341],
			"to": [10.2, 17.71879, 13.77341],
			"rotation": {"angle": -45, "axis": "x", "origin": [9.93909, 16.93072, 11.04195]},
			"faces": {
				"north": {"uv": [0, 0, 1, 1], "texture": "#1"},
				"east": {"uv": [0, 0, 1, 1], "texture": "#1"},
				"south": {"uv": [0, 0, 1, 1], "texture": "#1"},
				"west": {"uv": [0, 0, 1, 1], "texture": "#1"},
				"up": {"uv": [0, 0, 1, 1], "texture": "#1"},
				"down": {"uv": [0, 0, 1, 1], "texture": "#1"}
			}
		},
		{
			"name": "hexadecagon",
			"from": [9.7, 16.79066, 12.64451],
			"to": [10.2, 17.78523, 13.64451],
			"rotation": {"angle": -22.5, "axis": "x", "origin": [9.93909, 16.93072, 11.04195]},
			"faces": {
				"north": {"uv": [0, 0, 1, 1], "texture": "#1"},
				"east": {"uv": [0, 0, 1, 1], "texture": "#1"},
				"south": {"uv": [0, 0, 1, 1], "texture": "#1"},
				"west": {"uv": [0, 0, 1, 1], "texture": "#1"},
				"up": {"uv": [0, 0, 1, 1], "texture": "#1"},
				"down": {"uv": [0, 0, 1, 1], "texture": "#1"}
			}
		},
		{
			"name": "hexadecagon",
			"from": [9.7, 16.80272, 12.5],
			"to": [10.2, 17.79728, 13.5],
			"rotation": {"angle": 0, "axis": "y", "origin": [9.93909, 16.93072, 11.04195]},
			"faces": {
				"north": {"uv": [0, 0, 1, 1], "texture": "#1"},
				"east": {"uv": [0, 0, 1, 1], "texture": "#1"},
				"south": {"uv": [0, 0, 1, 1], "texture": "#1"},
				"west": {"uv": [0, 0, 1, 1], "texture": "#1"},
				"up": {"uv": [0, 0, 1, 1], "texture": "#1"},
				"down": {"uv": [0, 0, 1, 1], "texture": "#1"}
			}
		},
		{
			"name": "hexadecagon",
			"from": [9.7, 16.75855, 12.36188],
			"to": [10.2, 17.75312, 13.36188],
			"rotation": {"angle": 22.5, "axis": "x", "origin": [9.93909, 16.93072, 11.04195]},
			"faces": {
				"north": {"uv": [0, 0, 1, 1], "texture": "#1"},
				"east": {"uv": [0, 0, 1, 1], "texture": "#1"},
				"south": {"uv": [0, 0, 1, 1], "texture": "#1"},
				"west": {"uv": [0, 0, 1, 1], "texture": "#1"},
				"up": {"uv": [0, 0, 1, 1], "texture": "#1"},
				"down": {"uv": [0, 0, 1, 1], "texture": "#1"}
			}
		},
		{
			"name": "hexadecagon",
			"from": [9.7, 16.66489, 12.25117],
			"to": [10.2, 17.65945, 13.25117],
			"rotation": {"angle": 45, "axis": "x", "origin": [9.93909, 16.93072, 11.04195]},
			"faces": {
				"north": {"uv": [0, 0, 1, 1], "texture": "#1"},
				"east": {"uv": [0, 0, 1, 1], "texture": "#1"},
				"south": {"uv": [0, 0, 1, 1], "texture": "#1"},
				"west": {"uv": [0, 0, 1, 1], "texture": "#1"},
				"up": {"uv": [0, 0, 1, 1], "texture": "#1"},
				"down": {"uv": [0, 0, 1, 1], "texture": "#1"}
			}
		},
		{
			"name": "hexadecagon",
			"from": [9.7, 14.78795, 10.64723],
			"to": [10.2, 15.78795, 11.64179],
			"rotation": {"angle": -22.5, "axis": "x", "origin": [9.93909, 16.93072, 11.04195]},
			"faces": {
				"north": {"uv": [0, 0, 1, 1], "texture": "#1"},
				"east": {"uv": [0, 0, 1, 1], "texture": "#1"},
				"south": {"uv": [0, 0, 1, 1], "texture": "#1"},
				"west": {"uv": [0, 0, 1, 1], "texture": "#1"},
				"up": {"uv": [0, 0, 1, 1], "texture": "#1"},
				"down": {"uv": [0, 0, 1, 1], "texture": "#1"}
			}
		},
		{
			"name": "hexadecagon",
			"from": [9.7, 14.8, 10.50272],
			"to": [10.2, 15.8, 11.49728],
			"rotation": {"angle": 0, "axis": "y", "origin": [9.93909, 16.93072, 11.04195]},
			"faces": {
				"north": {"uv": [0, 0, 1, 1], "texture": "#1"},
				"east": {"uv": [0, 0, 1, 1], "texture": "#1"},
				"south": {"uv": [0, 0, 1, 1], "texture": "#1"},
				"west": {"uv": [0, 0, 1, 1], "texture": "#1"},
				"up": {"uv": [0, 0, 1, 1], "texture": "#1"},
				"down": {"uv": [0, 0, 1, 1], "texture": "#1"}
			}
		},
		{
			"name": "hexadecagon",
			"from": [9.7, 14.75583, 10.36459],
			"to": [10.2, 15.75583, 11.35916],
			"rotation": {"angle": 22.5, "axis": "x", "origin": [9.93909, 16.93072, 11.04195]},
			"faces": {
				"north": {"uv": [0, 0, 1, 1], "texture": "#1"},
				"east": {"uv": [0, 0, 1, 1], "texture": "#1"},
				"south": {"uv": [0, 0, 1, 1], "texture": "#1"},
				"west": {"uv": [0, 0, 1, 1], "texture": "#1"},
				"up": {"uv": [0, 0, 1, 1], "texture": "#1"},
				"down": {"uv": [0, 0, 1, 1], "texture": "#1"}
			}
		},
		{
			"name": "hexadecagon",
			"from": [9.7, 18.78795, 10.64723],
			"to": [10.2, 19.78795, 11.64179],
			"rotation": {"angle": -22.5, "axis": "x", "origin": [9.93909, 16.93072, 11.04195]},
			"faces": {
				"north": {"uv": [0, 0, 1, 1], "texture": "#1"},
				"east": {"uv": [0, 0, 1, 1], "texture": "#1"},
				"south": {"uv": [0, 0, 1, 1], "texture": "#1"},
				"west": {"uv": [0, 0, 1, 1], "texture": "#1"},
				"up": {"uv": [0, 0, 1, 1], "texture": "#1"},
				"down": {"uv": [0, 0, 1, 1], "texture": "#1"}
			}
		},
		{
			"name": "hexadecagon",
			"from": [9.7, 18.8, 10.50272],
			"to": [10.2, 19.8, 11.49728],
			"rotation": {"angle": 0, "axis": "y", "origin": [9.93909, 16.93072, 11.04195]},
			"faces": {
				"north": {"uv": [0, 0, 1, 1], "texture": "#1"},
				"east": {"uv": [0, 0, 1, 1], "texture": "#1"},
				"south": {"uv": [0, 0, 1, 1], "texture": "#1"},
				"west": {"uv": [0, 0, 1, 1], "texture": "#1"},
				"up": {"uv": [0, 0, 1, 1], "texture": "#1"},
				"down": {"uv": [0, 0, 1, 1], "texture": "#1"}
			}
		},
		{
			"name": "hexadecagon",
			"from": [9.7, 18.75583, 10.36459],
			"to": [10.2, 19.75583, 11.35916],
			"rotation": {"angle": 22.5, "axis": "x", "origin": [9.93909, 16.93072, 11.04195]},
			"faces": {
				"north": {"uv": [0, 0, 1, 1], "texture": "#1"},
				"east": {"uv": [0, 0, 1, 1], "texture": "#1"},
				"south": {"uv": [0, 0, 1, 1], "texture": "#1"},
				"west": {"uv": [0, 0, 1, 1], "texture": "#1"},
				"up": {"uv": [0, 0, 1, 1], "texture": "#1"},
				"down": {"uv": [0, 0, 1, 1], "texture": "#1"}
			}
		},
		{
			"from": [9, 10.3, 6],
			"to": [10, 24, 16],
			"rotation": {"angle": 0, "axis": "y", "origin": [9.03909, 16.63072, 11.04195]},
			"faces": {
				"north": {"uv": [0, 0, 1, 13.7], "texture": "#0"},
				"east": {"uv": [0, 0, 10, 13.7], "texture": "#0"},
				"south": {"uv": [0, 0, 1, 13.7], "texture": "#0"},
				"west": {"uv": [0, 0, 10, 13.7], "texture": "#0"},
				"up": {"uv": [0, 0, 1, 10], "texture": "#0"},
				"down": {"uv": [0, 0, 1, 10], "texture": "#0"}
			}
		},
		{
			"from": [9.1, 24, 6],
			"to": [9.9, 25, 16],
			"rotation": {"angle": 0, "axis": "y", "origin": [9.03909, 16.63072, 11.04195]},
			"faces": {
				"north": {"uv": [0, 0, 0.8, 1], "texture": "#1"},
				"east": {"uv": [0, 0, 10, 1], "texture": "#1"},
				"south": {"uv": [0, 0, 0.8, 1], "texture": "#1"},
				"west": {"uv": [0, 0, 10, 1], "texture": "#1"},
				"up": {"uv": [0, 0, 0.8, 10], "texture": "#1"},
				"down": {"uv": [0, 0, 0.8, 10], "texture": "#1"}
			}
		},
		{
			"from": [9.1, 25.05456, 8.62985],
			"to": [9.9, 26.05456, 10.05485],
			"rotation": {"angle": 45, "axis": "x", "origin": [9.03909, 16.63072, 11.04195]},
			"faces": {
				"north": {"uv": [0, 0, 0.8, 1], "texture": "#1"},
				"east": {"uv": [0, 0, 1.425, 1], "texture": "#1"},
				"south": {"uv": [0, 0, 0.8, 1], "texture": "#1"},
				"west": {"uv": [0, 0, 1.425, 1], "texture": "#1"},
				"up": {"uv": [0, 0, 0.8, 1.425], "texture": "#1"},
				"down": {"uv": [0, 0, 0.8, 1.425], "texture": "#1"}
			}
		},
		{
			"from": [9.1, 10.3, 16],
			"to": [9.9, 24, 17],
			"rotation": {"angle": 0, "axis": "y", "origin": [9.03909, 16.63072, 11.04195]},
			"faces": {
				"north": {"uv": [0, 0, 0.8, 13.7], "texture": "#1"},
				"east": {"uv": [0, 0, 1, 13.7], "texture": "#1"},
				"south": {"uv": [0, 0, 0.8, 13.7], "texture": "#1"},
				"west": {"uv": [0, 0, 1, 13.7], "texture": "#1"},
				"up": {"uv": [0, 0, 0.8, 1], "texture": "#1"},
				"down": {"uv": [0, 0, 0.8, 1], "texture": "#1"}
			}
		},
		{
			"from": [9.1, 8.32201, 8.4342],
			"to": [9.9, 9.32201, 9.8592],
			"rotation": {"angle": -45, "axis": "x", "origin": [9.03909, 17.93072, 11.04196]},
			"faces": {
				"north": {"uv": [0, 0, 0.8, 1], "texture": "#1"},
				"east": {"uv": [0, 0, 1.425, 1], "texture": "#1"},
				"south": {"uv": [0, 0, 0.8, 1], "texture": "#1"},
				"west": {"uv": [0, 0, 1.425, 1], "texture": "#1"},
				"up": {"uv": [0, 0, 0.8, 1.425], "texture": "#1"},
				"down": {"uv": [0, 0, 0.8, 1.425], "texture": "#1"}
			}
		},
		{
			"from": [9.1, 9.3, 6],
			"to": [9.9, 10.3, 16],
			"rotation": {"angle": 0, "axis": "y", "origin": [9.03909, 16.63072, 11.04195]},
			"faces": {
				"north": {"uv": [0, 0, 0.8, 1], "texture": "#1"},
				"east": {"uv": [0, 0, 10, 1], "texture": "#1"},
				"south": {"uv": [0, 0, 0.8, 1], "texture": "#1"},
				"west": {"uv": [0, 0, 10, 1], "texture": "#1"},
				"up": {"uv": [0, 0, 0.8, 10], "texture": "#1"},
				"down": {"uv": [0, 0, 0.8, 10], "texture": "#1"}
			}
		},
		{
			"from": [9.1, 8.26268, 12.16538],
			"to": [9.9, 9.26268, 13.59038],
			"rotation": {"angle": 45, "axis": "x", "origin": [9.03909, 17.93072, 11.04195]},
			"faces": {
				"north": {"uv": [0, 0, 0.8, 1], "texture": "#1"},
				"east": {"uv": [0, 0, 1.425, 1], "texture": "#1"},
				"south": {"uv": [0, 0, 0.8, 1], "texture": "#1"},
				"west": {"uv": [0, 0, 1.425, 1], "texture": "#1"},
				"up": {"uv": [0, 0, 0.8, 1.425], "texture": "#1"},
				"down": {"uv": [0, 0, 0.8, 1.425], "texture": "#1"}
			}
		},
		{
			"from": [9.1, 10.3, 5],
			"to": [9.9, 24, 6],
			"rotation": {"angle": 0, "axis": "y", "origin": [9.03909, 16.63072, 11.04195]},
			"faces": {
				"north": {"uv": [0, 0, 0.8, 13.7], "texture": "#1"},
				"east": {"uv": [0, 0, 1, 13.7], "texture": "#1"},
				"south": {"uv": [0, 0, 0.8, 13.7], "texture": "#1"},
				"west": {"uv": [0, 0, 1, 13.7], "texture": "#1"},
				"up": {"uv": [0, 0, 0.8, 1], "texture": "#1"},
				"down": {"uv": [0, 0, 0.8, 1], "texture": "#1"}
			}
		},
		{
			"from": [9.1, 25.11389, 11.96973],
			"to": [9.9, 26.11389, 13.39473],
			"rotation": {"angle": -45, "axis": "x", "origin": [9.03909, 16.63072, 11.04195]},
			"faces": {
				"north": {"uv": [0, 0, 0.8, 1], "rotation": 180, "texture": "#1"},
				"east": {"uv": [0, 0, 1.425, 1], "rotation": 180, "texture": "#1"},
				"south": {"uv": [0, 0, 0.8, 1], "rotation": 180, "texture": "#1"},
				"west": {"uv": [0, 0, 1.425, 1], "rotation": 180, "texture": "#1"},
				"up": {"uv": [0, 0, 0.8, 1.425], "texture": "#1"},
				"down": {"uv": [0, 0, 0.8, 1.425], "texture": "#1"}
			}
		},
		{
			"name": "hexadecagon",
			"from": [9.984, 11.41986, 2.05309],
			"to": [10.224, 11.89725, 4.13309],
			"rotation": {"angle": -45, "axis": "x", "origin": [10.23909, 17.83072, 5.24195]},
			"faces": {
				"north": {"uv": [0, 0, 1, 1], "texture": "#1"},
				"east": {"uv": [0, 0, 1, 1], "texture": "#1"},
				"south": {"uv": [0, 0, 1, 1], "texture": "#1"},
				"west": {"uv": [0, 0, 1, 1], "texture": "#1"},
				"up": {"uv": [0, 0, 1, 1], "texture": "#1"},
				"down": {"uv": [0, 0, 1, 1], "texture": "#1"}
			}
		},
		{
			"name": "hexadecagon",
			"from": [9.984, 11.12858, 4.56647],
			"to": [10.224, 11.60597, 5.04647],
			"rotation": {"angle": -22.5, "axis": "x", "origin": [10.23909, 17.83072, 5.24195]},
			"faces": {
				"north": {"uv": [0, 0, 1, 1], "texture": "#1"},
				"east": {"uv": [0, 0, 1, 1], "texture": "#1"},
				"south": {"uv": [0, 0, 1, 1], "texture": "#1"},
				"west": {"uv": [0, 0, 1, 1], "texture": "#1"},
				"up": {"uv": [0, 0, 1, 1], "texture": "#1"},
				"down": {"uv": [0, 0, 1, 1], "texture": "#1"}
			}
		},
		{
			"name": "hexadecagon",
			"from": [9.984, 11.82131, 7],
			"to": [10.224, 12.29869, 7.48],
			"rotation": {"angle": 0, "axis": "y", "origin": [10.23909, 17.83072, 5.24195]},
			"faces": {
				"north": {"uv": [0, 0, 1, 1], "texture": "#1"},
				"east": {"uv": [0, 0, 1, 1], "texture": "#1"},
				"south": {"uv": [0, 0, 1, 1], "texture": "#1"},
				"west": {"uv": [0, 0, 1, 1], "texture": "#1"},
				"up": {"uv": [0, 0, 1, 1], "texture": "#1"},
				"down": {"uv": [0, 0, 1, 1], "texture": "#1"}
			}
		},
		{
			"name": "hexadecagon",
			"from": [9.984, 13.39257, 8.98319],
			"to": [10.224, 13.86996, 9.46319],
			"rotation": {"angle": 22.5, "axis": "x", "origin": [10.23909, 17.83072, 5.24195]},
			"faces": {
				"north": {"uv": [0, 0, 1, 1], "texture": "#1"},
				"east": {"uv": [0, 0, 1, 1], "texture": "#1"},
				"south": {"uv": [0, 0, 1, 1], "texture": "#1"},
				"west": {"uv": [0, 0, 1, 1], "texture": "#1"},
				"up": {"uv": [0, 0, 1, 1], "texture": "#1"},
				"down": {"uv": [0, 0, 1, 1], "texture": "#1"}
			}
		},
		{
			"name": "hexadecagon",
			"from": [9.984, 15.60316, 10.21412],
			"to": [10.224, 16.08055, 10.72612],
			"rotation": {"angle": 45, "axis": "x", "origin": [10.23909, 17.83072, 5.24195]},
			"faces": {
				"north": {"uv": [0, 0, 1, 1], "texture": "#1"},
				"east": {"uv": [0, 0, 1, 1], "texture": "#1"},
				"south": {"uv": [0, 0, 1, 1], "texture": "#1"},
				"west": {"uv": [0, 0, 1, 1], "texture": "#1"},
				"up": {"uv": [0, 0, 1, 1], "texture": "#1"},
				"down": {"uv": [0, 0, 1, 1], "texture": "#1"}
			}
		},
		{
			"name": "hexadecagon",
			"from": [9.984, 11.41986, 3.97309],
			"to": [10.224, 11.89725, 4.45309],
			"rotation": {"angle": -45, "axis": "x", "origin": [10.23909, 17.83072, 5.24195]},
			"faces": {
				"north": {"uv": [0, 0, 1, 1], "texture": "#1"},
				"east": {"uv": [0, 0, 1, 1], "texture": "#1"},
				"south": {"uv": [0, 0, 1, 1], "texture": "#1"},
				"west": {"uv": [0, 0, 1, 1], "texture": "#1"},
				"up": {"uv": [0, 0, 1, 1], "texture": "#1"},
				"down": {"uv": [0, 0, 1, 1], "texture": "#1"}
			}
		},
		{
			"name": "hexadecagon",
			"from": [9.984, 11.12858, 6.48647],
			"to": [10.224, 11.60597, 6.96647],
			"rotation": {"angle": -22.5, "axis": "x", "origin": [10.23909, 17.83072, 5.24195]},
			"faces": {
				"north": {"uv": [0, 0, 1, 1], "texture": "#1"},
				"east": {"uv": [0, 0, 1, 1], "texture": "#1"},
				"south": {"uv": [0, 0, 1, 1], "texture": "#1"},
				"west": {"uv": [0, 0, 1, 1], "texture": "#1"},
				"up": {"uv": [0, 0, 1, 1], "texture": "#1"},
				"down": {"uv": [0, 0, 1, 1], "texture": "#1"}
			}
		},
		{
			"name": "hexadecagon",
			"from": [9.984, 11.82131, 8.92],
			"to": [10.224, 12.29869, 9.4],
			"rotation": {"angle": 0, "axis": "y", "origin": [10.23909, 17.83072, 5.24195]},
			"faces": {
				"north": {"uv": [0, 0, 1, 1], "texture": "#1"},
				"east": {"uv": [0, 0, 1, 1], "texture": "#1"},
				"south": {"uv": [0, 0, 1, 1], "texture": "#1"},
				"west": {"uv": [0, 0, 1, 1], "texture": "#1"},
				"up": {"uv": [0, 0, 1, 1], "texture": "#1"},
				"down": {"uv": [0, 0, 1, 1], "texture": "#1"}
			}
		},
		{
			"name": "hexadecagon",
			"from": [9.984, 13.39257, 10.90319],
			"to": [10.224, 13.86996, 11.38319],
			"rotation": {"angle": 22.5, "axis": "x", "origin": [10.23909, 17.83072, 5.24195]},
			"faces": {
				"north": {"uv": [0, 0, 1, 1], "texture": "#1"},
				"east": {"uv": [0, 0, 1, 1], "texture": "#1"},
				"south": {"uv": [0, 0, 1, 1], "texture": "#1"},
				"west": {"uv": [0, 0, 1, 1], "texture": "#1"},
				"up": {"uv": [0, 0, 1, 1], "texture": "#1"},
				"down": {"uv": [0, 0, 1, 1], "texture": "#1"}
			}
		},
		{
			"name": "hexadecagon",
			"from": [9.984, 15.60316, 12.13412],
			"to": [10.224, 16.08055, 12.61412],
			"rotation": {"angle": 45, "axis": "x", "origin": [10.23909, 17.83072, 5.24195]},
			"faces": {
				"north": {"uv": [0, 0, 1, 1], "texture": "#1"},
				"east": {"uv": [0, 0, 1, 1], "texture": "#1"},
				"south": {"uv": [0, 0, 1, 1], "texture": "#1"},
				"west": {"uv": [0, 0, 1, 1], "texture": "#1"},
				"up": {"uv": [0, 0, 1, 1], "texture": "#1"},
				"down": {"uv": [0, 0, 1, 1], "texture": "#1"}
			}
		},
		{
			"name": "hexadecagon",
			"from": [9.984, 10.16727, 5.52778],
			"to": [10.224, 10.64727, 6.00517],
			"rotation": {"angle": -22.5, "axis": "x", "origin": [10.23909, 17.83072, 5.24195]},
			"faces": {
				"north": {"uv": [0, 0, 1, 1], "texture": "#1"},
				"east": {"uv": [0, 0, 1, 1], "texture": "#1"},
				"south": {"uv": [0, 0, 1, 1], "texture": "#1"},
				"west": {"uv": [0, 0, 1, 1], "texture": "#1"},
				"up": {"uv": [0, 0, 1, 1], "texture": "#1"},
				"down": {"uv": [0, 0, 1, 1], "texture": "#1"}
			}
		},
		{
			"name": "hexadecagon",
			"from": [9.984, 10.86, 7.96131],
			"to": [10.224, 11.34, 8.43869],
			"rotation": {"angle": 0, "axis": "y", "origin": [10.23909, 17.83072, 5.24195]},
			"faces": {
				"north": {"uv": [0, 0, 1, 1], "texture": "#1"},
				"east": {"uv": [0, 0, 1, 1], "texture": "#1"},
				"south": {"uv": [0, 0, 1, 1], "texture": "#1"},
				"west": {"uv": [0, 0, 1, 1], "texture": "#1"},
				"up": {"uv": [0, 0, 1, 1], "texture": "#1"},
				"down": {"uv": [0, 0, 1, 1], "texture": "#1"}
			}
		},
		{
			"name": "hexadecagon",
			"from": [9.984, 12.43126, 9.9445],
			"to": [10.224, 12.91126, 10.42189],
			"rotation": {"angle": 22.5, "axis": "x", "origin": [10.23909, 17.83072, 5.24195]},
			"faces": {
				"north": {"uv": [0, 0, 1, 1], "texture": "#1"},
				"east": {"uv": [0, 0, 1, 1], "texture": "#1"},
				"south": {"uv": [0, 0, 1, 1], "texture": "#1"},
				"west": {"uv": [0, 0, 1, 1], "texture": "#1"},
				"up": {"uv": [0, 0, 1, 1], "texture": "#1"},
				"down": {"uv": [0, 0, 1, 1], "texture": "#1"}
			}
		},
		{
			"name": "hexadecagon",
			"from": [9.984, 12.08727, 5.52778],
			"to": [10.224, 12.56727, 6.00517],
			"rotation": {"angle": -22.5, "axis": "x", "origin": [10.23909, 17.83072, 5.24195]},
			"faces": {
				"north": {"uv": [0, 0, 1, 1], "texture": "#1"},
				"east": {"uv": [0, 0, 1, 1], "texture": "#1"},
				"south": {"uv": [0, 0, 1, 1], "texture": "#1"},
				"west": {"uv": [0, 0, 1, 1], "texture": "#1"},
				"up": {"uv": [0, 0, 1, 1], "texture": "#1"},
				"down": {"uv": [0, 0, 1, 1], "texture": "#1"}
			}
		},
		{
			"name": "hexadecagon",
			"from": [9.984, 12.78, 7.96131],
			"to": [10.224, 13.26, 8.43869],
			"rotation": {"angle": 0, "axis": "y", "origin": [10.23909, 17.83072, 5.24195]},
			"faces": {
				"north": {"uv": [0, 0, 1, 1], "texture": "#1"},
				"east": {"uv": [0, 0, 1, 1], "texture": "#1"},
				"south": {"uv": [0, 0, 1, 1], "texture": "#1"},
				"west": {"uv": [0, 0, 1, 1], "texture": "#1"},
				"up": {"uv": [0, 0, 1, 1], "texture": "#1"},
				"down": {"uv": [0, 0, 1, 1], "texture": "#1"}
			}
		},
		{
			"name": "hexadecagon",
			"from": [9.984, 14.35126, 9.9445],
			"to": [10.224, 14.83126, 10.42189],
			"rotation": {"angle": 22.5, "axis": "x", "origin": [10.23909, 17.83072, 5.24195]},
			"faces": {
				"north": {"uv": [0, 0, 1, 1], "texture": "#1"},
				"east": {"uv": [0, 0, 1, 1], "texture": "#1"},
				"south": {"uv": [0, 0, 1, 1], "texture": "#1"},
				"west": {"uv": [0, 0, 1, 1], "texture": "#1"},
				"up": {"uv": [0, 0, 1, 1], "texture": "#1"},
				"down": {"uv": [0, 0, 1, 1], "texture": "#1"}
			}
		}
	],
	"display": {
		"thirdperson_righthand": {
			"rotation": [90, 0, 0],
			"translation": [1.25, 0.75, -5]
		},
		"thirdperson_lefthand": {
			"rotation": [90, -180, 0],
			"translation": [1.25, -4.75, -5]
		},
		"firstperson_righthand": {
			"rotation": [90, 0, -90],
			"translation": [-4.75, 1, 0],
			"scale": [0.75, 0.75, 0.75]
		},
		"firstperson_lefthand": {
			"rotation": [90, 0, 90],
			"translation": [9, 1, 0],
			"scale": [0.75, 0.75, 0.75]
		},
		"gui": {
			"rotation": [0, -90, 0],
			"translation": [3, -9, 0]
		},
		"fixed": {
			"rotation": [1, 83, 0],
			"translation": [0, -8.25, 0]
		}
	},
	"groups": [
		{
			"name": "group",
			"origin": [8, 8, 8],
			"color": 0,
			"nbt": "{}",
			"armAnimationEnabled": false,
			"children": [
				{
					"name": "hexadecagon",
					"origin": [8, 8, 8],
					"color": 0,
					"nbt": "{}",
					"armAnimationEnabled": false,
					"children": [0, 1, 2, 3, 4, 5, 6, 7, 8, 9, 10, 11, 12, 13, 14, 15]
				},
				{
					"name": "hexadecagon",
					"origin": [8, 8, 8],
					"color": 0,
					"nbt": "{}",
					"armAnimationEnabled": false,
					"children": [16, 17, 18, 19, 20, 21, 22, 23, 24, 25, 26, 27, 28, 29, 30, 31]
				},
				{
					"name": "group",
					"origin": [0, 0, 0],
					"color": 6,
					"nbt": "{}",
					"armAnimationEnabled": false,
					"children": [32]
				},
				{
					"name": "group",
					"origin": [9.5, 27.47487, 9.18198],
					"color": 7,
					"nbt": "{}",
					"armAnimationEnabled": false,
					"children": [33, 34, 35, 36, 37, 38, 39, 40]
				},
				{
					"name": "hexadecagon",
					"origin": [8, 8, 8],
					"color": 0,
					"nbt": "{}",
					"armAnimationEnabled": false,
					"children": [41, 42, 43, 44, 45, 46, 47, 48, 49, 50, 51, 52, 53, 54, 55, 56]
				}
			]
		}
	]
}