{
	"credit": "Made with Blockbench",
	"textures": {
		"0": "block/black_concrete",
		"2": "block/gray_concrete",
		"3": "block/light_blue_concrete",
		"6": "block/yellow_concrete",
		"particle": "block/black_concrete"
	},
	"elements": [
		{
			"from": [8, 0, 8],
			"to": [9, 9, 9],
			"faces": {
				"north": {"uv": [0, 0, 1, 9], "texture": "#2"},
				"east": {"uv": [0, 0, 1, 9], "texture": "#2"},
				"south": {"uv": [0, 0, 1, 9], "texture": "#2"},
				"west": {"uv": [0, 0, 1, 9], "texture": "#2"},
				"up": {"uv": [0, 0, 1, 1], "texture": "#2"},
				"down": {"uv": [0, 0, 1, 1], "texture": "#2"}
			}
		},
		{
			"from": [6, 8.75, 5],
			"to": [11, 11, 12],
			"faces": {
				"north": {"uv": [0, 0, 5, 2.25], "texture": "#6"},
				"east": {"uv": [0, 0, 7, 2.25], "texture": "#6"},
				"south": {"uv": [0, 0, 5, 2.25], "texture": "#6"},
				"west": {"uv": [0, 0, 7, 2.25], "texture": "#6"},
				"up": {"uv": [0, 0, 5, 7], "texture": "#6"},
				"down": {"uv": [0, 0, 5, 7], "texture": "#6"}
			}
		},
		{
			"from": [6, 11, 5],
			"to": [11, 12.5, 10],
			"faces": {
				"north": {"uv": [0, 0, 5, 1.5], "texture": "#6"},
				"east": {"uv": [0, 0, 5, 1.5], "texture": "#6"},
				"south": {"uv": [0, 0, 5, 1.5], "texture": "#6"},
				"west": {"uv": [0, 0, 5, 1.5], "texture": "#6"},
				"up": {"uv": [0, 0, 5, 5], "texture": "#6"},
				"down": {"uv": [0, 0, 5, 5], "texture": "#6"}
			}
		},
		{
			"from": [6, 12.5, 5],
			"to": [11, 13, 10.25],
			"faces": {
				"north": {"uv": [0, 0, 5, 0.5], "texture": "#6"},
				"east": {"uv": [0, 0, 5.25, 0.5], "texture": "#6"},
				"south": {"uv": [0, 0, 5, 0.5], "texture": "#6"},
				"west": {"uv": [0, 0, 5.25, 0.5], "texture": "#6"},
				"up": {"uv": [0, 0, 5, 5.25], "texture": "#6"},
				"down": {"uv": [0, 0, 5, 5.25], "texture": "#6"}
			}
		},
		{
			"from": [10, 9.75, 11],
			"to": [10.75, 10.75, 12.025],
			"faces": {
				"north": {"uv": [0, 0, 0.75, 1], "texture": "#3"},
				"east": {"uv": [0, 0, 1.025, 1], "texture": "#3"},
				"south": {"uv": [0, 0, 0.75, 1], "texture": "#3"},
				"west": {"uv": [0, 0, 1.025, 1], "texture": "#3"},
				"up": {"uv": [0, 0, 0.75, 1.025], "texture": "#3"},
				"down": {"uv": [0, 0, 0.75, 1.025], "texture": "#3"}
			}
		},
		{
			"from": [6.5, 11.5, 9.075],
			"to": [10.5, 12.25, 10.1],
			"faces": {
				"north": {"uv": [0, 0, 4, 0.75], "texture": "#3"},
				"east": {"uv": [0, 0, 1.025, 0.75], "texture": "#3"},
				"south": {"uv": [0, 0, 4, 0.75], "texture": "#3"},
				"west": {"uv": [0, 0, 1.025, 0.75], "texture": "#3"},
				"up": {"uv": [0, 0, 4, 1.025], "texture": "#3"},
				"down": {"uv": [0, 0, 4, 1.025], "texture": "#3"}
			}
		},
		{
			"from": [5.95, 11.5, 8.825],
			"to": [11.05, 12.25, 9.85],
			"faces": {
				"north": {"uv": [0, 0, 5.1, 0.75], "texture": "#3"},
				"east": {"uv": [0, 0, 1.025, 0.75], "texture": "#3"},
				"south": {"uv": [0, 0, 5.1, 0.75], "texture": "#3"},
				"west": {"uv": [0, 0, 1.025, 0.75], "texture": "#3"},
				"up": {"uv": [0, 0, 5.1, 1.025], "texture": "#3"},
				"down": {"uv": [0, 0, 5.1, 1.025], "texture": "#3"}
			}
		},
		{
			"from": [5.95, 11.5, 7.575],
			"to": [11.05, 12.25, 8.6],
			"faces": {
				"north": {"uv": [0, 0, 5.1, 0.75], "texture": "#3"},
				"east": {"uv": [0, 0, 1.025, 0.75], "texture": "#3"},
				"south": {"uv": [0, 0, 5.1, 0.75], "texture": "#3"},
				"west": {"uv": [0, 0, 1.025, 0.75], "texture": "#3"},
				"up": {"uv": [0, 0, 5.1, 1.025], "texture": "#3"},
				"down": {"uv": [0, 0, 5.1, 1.025], "texture": "#3"}
			}
		},
		{
			"from": [5.95, 11.5, 5.075],
			"to": [11.05, 12.25, 6.1],
			"faces": {
				"north": {"uv": [0, 0, 5.1, 0.75], "texture": "#3"},
				"east": {"uv": [0, 0, 1.025, 0.75], "texture": "#3"},
				"south": {"uv": [0, 0, 5.1, 0.75], "texture": "#3"},
				"west": {"uv": [0, 0, 1.025, 0.75], "texture": "#3"},
				"up": {"uv": [0, 0, 5.1, 1.025], "texture": "#3"},
				"down": {"uv": [0, 0, 5.1, 1.025], "texture": "#3"}
			}
		},
		{
			"from": [5.95, 11.5, 6.325],
			"to": [11.05, 12.25, 7.35],
			"faces": {
				"north": {"uv": [0, 0, 5.1, 0.75], "texture": "#3"},
				"east": {"uv": [0, 0, 1.025, 0.75], "texture": "#3"},
				"south": {"uv": [0, 0, 5.1, 0.75], "texture": "#3"},
				"west": {"uv": [0, 0, 1.025, 0.75], "texture": "#3"},
				"up": {"uv": [0, 0, 5.1, 1.025], "texture": "#3"},
				"down": {"uv": [0, 0, 5.1, 1.025], "texture": "#3"}
			}
		},
		{
			"from": [6.25, 9.75, 11],
			"to": [7, 10.75, 12.05],
			"faces": {
				"north": {"uv": [0, 0, 0.75, 1], "texture": "#3"},
				"east": {"uv": [0, 0, 1.05, 1], "texture": "#3"},
				"south": {"uv": [0, 0, 0.75, 1], "texture": "#3"},
				"west": {"uv": [0, 0, 1.05, 1], "texture": "#3"},
				"up": {"uv": [0, 0, 0.75, 1.05], "texture": "#3"},
				"down": {"uv": [0, 0, 0.75, 1.05], "texture": "#3"}
			}
		},
		{
			"from": [5.925, 8.5, 10],
			"to": [6.6, 9.5, 11.05],
			"faces": {
				"north": {"uv": [0, 0, 0.675, 1], "texture": "#0"},
				"east": {"uv": [0, 0, 1.05, 1], "texture": "#0"},
				"south": {"uv": [0, 0, 0.675, 1], "texture": "#0"},
				"west": {"uv": [0, 0, 1.05, 1], "texture": "#0"},
				"up": {"uv": [0, 0, 0.675, 1.05], "texture": "#0"},
				"down": {"uv": [0, 0, 0.675, 1.05], "texture": "#0"}
			}
		},
		{
			"from": [10.4, 8.5, 10],
			"to": [11.075, 9.5, 11.05],
			"faces": {
				"north": {"uv": [0, 0, 0.675, 1], "texture": "#0"},
				"east": {"uv": [0, 0, 1.05, 1], "texture": "#0"},
				"south": {"uv": [0, 0, 0.675, 1], "texture": "#0"},
				"west": {"uv": [0, 0, 1.05, 1], "texture": "#0"},
				"up": {"uv": [0, 0, 0.675, 1.05], "texture": "#0"},
				"down": {"uv": [0, 0, 0.675, 1.05], "texture": "#0"}
			}
		},
		{
			"from": [10.4, 8.5, 5.75],
			"to": [11.075, 9.5, 6.8],
			"faces": {
				"north": {"uv": [0, 0, 0.675, 1], "texture": "#0"},
				"east": {"uv": [0, 0, 1.05, 1], "texture": "#0"},
				"south": {"uv": [0, 0, 0.675, 1], "texture": "#0"},
				"west": {"uv": [0, 0, 1.05, 1], "texture": "#0"},
				"up": {"uv": [0, 0, 0.675, 1.05], "texture": "#0"},
				"down": {"uv": [0, 0, 0.675, 1.05], "texture": "#0"}
			}
		},
		{
			"from": [5.9, 8.5, 5.75],
			"to": [6.575, 9.5, 6.8],
			"faces": {
				"north": {"uv": [0, 0, 0.675, 1], "texture": "#0"},
				"east": {"uv": [0, 0, 1.05, 1], "texture": "#0"},
				"south": {"uv": [0, 0, 0.675, 1], "texture": "#0"},
				"west": {"uv": [0, 0, 1.05, 1], "texture": "#0"},
				"up": {"uv": [0, 0, 0.675, 1.05], "texture": "#0"},
				"down": {"uv": [0, 0, 0.675, 1.05], "texture": "#0"}
			}
		},
		{
			"from": [5.9, 10, 6],
			"to": [6.575, 11, 6.2],
			"faces": {
				"north": {"uv": [0, 0, 0.675, 1], "texture": "#0"},
				"east": {"uv": [0, 0, 0.2, 1], "texture": "#0"},
				"south": {"uv": [0, 0, 0.675, 1], "texture": "#0"},
				"west": {"uv": [0, 0, 0.2, 1], "texture": "#0"},
				"up": {"uv": [0, 0, 0.675, 0.2], "texture": "#0"},
				"down": {"uv": [0, 0, 0.675, 0.2], "texture": "#0"}
			}
		},
		{
			"from": [10.4, 10, 8.065],
			"to": [11.075, 10.15, 8.315],
			"rotation": {"angle": 0, "axis": "y", "origin": [11.7375, 10.43833, 7.2575]},
			"faces": {
				"north": {"uv": [0, 0, 0.675, 0.15], "texture": "#0"},
				"east": {"uv": [0, 0, 0.25, 0.15], "texture": "#0"},
				"south": {"uv": [0, 0, 0.675, 0.15], "texture": "#0"},
				"west": {"uv": [0, 0, 0.25, 0.15], "texture": "#0"},
				"up": {"uv": [0, 0, 0.675, 0.25], "rotation": 180, "texture": "#0"},
				"down": {"uv": [0, 0, 0.675, 0.25], "rotation": 180, "texture": "#0"}
			}
		},
		{
			"from": [10.4, 10.25, 6.89],
			"to": [11.075, 11, 7.04],
			"rotation": {"angle": 0, "axis": "y", "origin": [11.7375, 10.43833, 7.2575]},
			"faces": {
				"north": {"uv": [0, 0, 0.675, 0.75], "texture": "#0"},
				"east": {"uv": [0, 0, 0.15, 0.75], "texture": "#0"},
				"south": {"uv": [0, 0, 0.675, 0.75], "texture": "#0"},
				"west": {"uv": [0, 0, 0.15, 0.75], "texture": "#0"},
				"up": {"uv": [0, 0, 0.675, 0.15], "rotation": 180, "texture": "#0"},
				"down": {"uv": [0, 0, 0.675, 0.15], "rotation": 180, "texture": "#0"}
			}
		},
		{
			"from": [10.4, 10.25, 7.415],
			"to": [11.075, 11, 7.565],
			"rotation": {"angle": 0, "axis": "y", "origin": [11.7375, 10.43833, 7.2575]},
			"faces": {
				"north": {"uv": [0, 0, 0.675, 0.75], "texture": "#0"},
				"east": {"uv": [0, 0, 0.15, 0.75], "texture": "#0"},
				"south": {"uv": [0, 0, 0.675, 0.75], "texture": "#0"},
				"west": {"uv": [0, 0, 0.15, 0.75], "texture": "#0"},
				"up": {"uv": [0, 0, 0.675, 0.15], "rotation": 180, "texture": "#0"},
				"down": {"uv": [0, 0, 0.675, 0.15], "rotation": 180, "texture": "#0"}
			}
		},
		{
			"from": [10.4, 10, 7.09],
			"to": [11.075, 10.125, 7.365],
			"rotation": {"angle": 0, "axis": "y", "origin": [11.7375, 10.43833, 7.2575]},
			"faces": {
				"north": {"uv": [0, 0, 0.675, 0.125], "texture": "#0"},
				"east": {"uv": [0, 0, 0.275, 0.125], "texture": "#0"},
				"south": {"uv": [0, 0, 0.675, 0.125], "texture": "#0"},
				"west": {"uv": [0, 0, 0.275, 0.125], "texture": "#0"},
				"up": {"uv": [0, 0, 0.675, 0.275], "rotation": 180, "texture": "#0"},
				"down": {"uv": [0, 0, 0.675, 0.275], "rotation": 180, "texture": "#0"}
			}
		},
		{
			"from": [10.4, 10.175, 5.965],
			"to": [11.075, 10.4, 6.115],
			"rotation": {"angle": 0, "axis": "y", "origin": [11.7375, 10.43833, 7.2575]},
			"faces": {
				"north": {"uv": [0, 0, 0.675, 0.225], "texture": "#0"},
				"east": {"uv": [0, 0, 0.15, 0.225], "texture": "#0"},
				"south": {"uv": [0, 0, 0.675, 0.225], "texture": "#0"},
				"west": {"uv": [0, 0, 0.15, 0.225], "texture": "#0"},
				"up": {"uv": [0, 0, 0.675, 0.15], "rotation": 180, "texture": "#0"},
				"down": {"uv": [0, 0, 0.675, 0.15], "rotation": 180, "texture": "#0"}
			}
		},
		{
			"from": [10.4, 10.6, 6.59],
			"to": [11.075, 10.8, 6.74],
			"rotation": {"angle": 0, "axis": "y", "origin": [11.7375, 10.43833, 7.2575]},
			"faces": {
				"north": {"uv": [0, 0, 0.675, 0.2], "texture": "#0"},
				"east": {"uv": [0, 0, 0.15, 0.2], "texture": "#0"},
				"south": {"uv": [0, 0, 0.675, 0.2], "texture": "#0"},
				"west": {"uv": [0, 0, 0.15, 0.2], "texture": "#0"},
				"up": {"uv": [0, 0, 0.675, 0.15], "rotation": 180, "texture": "#0"},
				"down": {"uv": [0, 0, 0.675, 0.15], "rotation": 180, "texture": "#0"}
			}
		},
		{
			"from": [10.4, 10.125, 6.94],
			"to": [11.075, 10.25, 7.09],
			"rotation": {"angle": 0, "axis": "y", "origin": [11.7375, 10.43833, 7.2575]},
			"faces": {
				"north": {"uv": [0, 0, 0.675, 0.125], "texture": "#0"},
				"east": {"uv": [0, 0, 0.15, 0.125], "texture": "#0"},
				"south": {"uv": [0, 0, 0.675, 0.125], "texture": "#0"},
				"west": {"uv": [0, 0, 0.15, 0.125], "texture": "#0"},
				"up": {"uv": [0, 0, 0.675, 0.15], "rotation": 180, "texture": "#0"},
				"down": {"uv": [0, 0, 0.675, 0.15], "rotation": 180, "texture": "#0"}
			}
		},
		{
			"from": [10.4, 10.125, 7.365],
			"to": [11.075, 10.25, 7.515],
			"rotation": {"angle": 0, "axis": "y", "origin": [11.7375, 10.43833, 7.2575]},
			"faces": {
				"north": {"uv": [0, 0, 0.675, 0.125], "texture": "#0"},
				"east": {"uv": [0, 0, 0.15, 0.125], "texture": "#0"},
				"south": {"uv": [0, 0, 0.675, 0.125], "texture": "#0"},
				"west": {"uv": [0, 0, 0.15, 0.125], "texture": "#0"},
				"up": {"uv": [0, 0, 0.675, 0.15], "rotation": 180, "texture": "#0"},
				"down": {"uv": [0, 0, 0.675, 0.15], "rotation": 180, "texture": "#0"}
			}
		},
		{
			"from": [10.4, 10, 7.915],
			"to": [11.075, 10.85, 8.065],
			"rotation": {"angle": 0, "axis": "y", "origin": [11.7375, 10.43833, 7.2575]},
			"faces": {
				"north": {"uv": [0, 0, 0.675, 0.85], "texture": "#0"},
				"east": {"uv": [0, 0, 0.15, 0.85], "texture": "#0"},
				"south": {"uv": [0, 0, 0.675, 0.85], "texture": "#0"},
				"west": {"uv": [0, 0, 0.15, 0.85], "texture": "#0"},
				"up": {"uv": [0, 0, 0.675, 0.15], "rotation": 180, "texture": "#0"},
				"down": {"uv": [0, 0, 0.675, 0.15], "rotation": 180, "texture": "#0"}
			}
		},
		{
			"from": [10.4, 10.425, 8.065],
			"to": [11.075, 10.575, 8.315],
			"rotation": {"angle": 0, "axis": "y", "origin": [11.7375, 10.43833, 7.2575]},
			"faces": {
				"north": {"uv": [0, 0, 0.675, 0.15], "texture": "#0"},
				"east": {"uv": [0, 0, 0.25, 0.15], "texture": "#0"},
				"south": {"uv": [0, 0, 0.675, 0.15], "texture": "#0"},
				"west": {"uv": [0, 0, 0.25, 0.15], "texture": "#0"},
				"up": {"uv": [0, 0, 0.675, 0.25], "rotation": 180, "texture": "#0"},
				"down": {"uv": [0, 0, 0.675, 0.25], "rotation": 180, "texture": "#0"}
			}
		},
		{
			"from": [10.4, 10.85, 8.065],
			"to": [11.075, 11, 8.315],
			"rotation": {"angle": 0, "axis": "y", "origin": [11.7375, 10.43833, 7.2575]},
			"faces": {
				"north": {"uv": [0, 0, 0.675, 0.15], "texture": "#0"},
				"east": {"uv": [0, 0, 0.25, 0.15], "texture": "#0"},
				"south": {"uv": [0, 0, 0.675, 0.15], "texture": "#0"},
				"west": {"uv": [0, 0, 0.25, 0.15], "texture": "#0"},
				"up": {"uv": [0, 0, 0.675, 0.25], "rotation": 180, "texture": "#0"},
				"down": {"uv": [0, 0, 0.675, 0.25], "rotation": 180, "texture": "#0"}
			}
		},
		{
			"from": [10.4, 10.8, 5.94],
			"to": [11.075, 11, 6.59],
			"rotation": {"angle": 0, "axis": "y", "origin": [11.7375, 10.43833, 7.2575]},
			"faces": {
				"north": {"uv": [0, 0, 0.675, 0.2], "texture": "#0"},
				"east": {"uv": [0, 0, 0.65, 0.2], "texture": "#0"},
				"south": {"uv": [0, 0, 0.675, 0.2], "texture": "#0"},
				"west": {"uv": [0, 0, 0.65, 0.2], "texture": "#0"},
				"up": {"uv": [0, 0, 0.675, 0.65], "rotation": 180, "texture": "#0"},
				"down": {"uv": [0, 0, 0.675, 0.65], "rotation": 180, "texture": "#0"}
			}
		},
		{
			"from": [10.4, 9.975, 6.115],
			"to": [11.075, 10.175, 6.74],
			"rotation": {"angle": 0, "axis": "y", "origin": [11.7375, 10.43833, 7.2575]},
			"faces": {
				"north": {"uv": [0, 0, 0.675, 0.2], "texture": "#0"},
				"east": {"uv": [0, 0, 0.625, 0.2], "texture": "#0"},
				"south": {"uv": [0, 0, 0.675, 0.2], "texture": "#0"},
				"west": {"uv": [0, 0, 0.625, 0.2], "texture": "#0"},
				"up": {"uv": [0, 0, 0.675, 0.625], "rotation": 180, "texture": "#0"},
				"down": {"uv": [0, 0, 0.675, 0.625], "rotation": 180, "texture": "#0"}
			}
		},
		{
			"from": [10.4, 10.4, 6.115],
			"to": [11.075, 10.6, 6.59],
			"rotation": {"angle": 0, "axis": "y", "origin": [11.7375, 10.43833, 7.2575]},
			"faces": {
				"north": {"uv": [0, 0, 0.675, 0.2], "texture": "#0"},
				"east": {"uv": [0, 0, 0.475, 0.2], "texture": "#0"},
				"south": {"uv": [0, 0, 0.675, 0.2], "texture": "#0"},
				"west": {"uv": [0, 0, 0.475, 0.2], "texture": "#0"},
				"up": {"uv": [0, 0, 0.675, 0.475], "rotation": 180, "texture": "#0"},
				"down": {"uv": [0, 0, 0.675, 0.475], "rotation": 180, "texture": "#0"}
			}
		},
		{
			"from": [10.4, 10, 8.315],
			"to": [11.075, 11, 8.515],
			"rotation": {"angle": 0, "axis": "y", "origin": [11.7375, 10.43833, 7.2575]},
			"faces": {
				"north": {"uv": [0, 0, 0.675, 1], "texture": "#0"},
				"east": {"uv": [0, 0, 0.2, 1], "texture": "#0"},
				"south": {"uv": [0, 0, 0.675, 1], "texture": "#0"},
				"west": {"uv": [0, 0, 0.2, 1], "texture": "#0"},
				"up": {"uv": [0, 0, 0.675, 0.2], "rotation": 180, "texture": "#0"},
				"down": {"uv": [0, 0, 0.675, 0.2], "rotation": 180, "texture": "#0"}
			}
		},
		{
			"from": [5.9, 10.4, 7.925],
			"to": [6.575, 10.6, 8.4],
			"faces": {
				"north": {"uv": [0, 0, 0.675, 0.2], "texture": "#0"},
				"east": {"uv": [0, 0, 0.475, 0.2], "texture": "#0"},
				"south": {"uv": [0, 0, 0.675, 0.2], "texture": "#0"},
				"west": {"uv": [0, 0, 0.475, 0.2], "texture": "#0"},
				"up": {"uv": [0, 0, 0.675, 0.475], "texture": "#0"},
				"down": {"uv": [0, 0, 0.675, 0.475], "texture": "#0"}
			}
		},
		{
			"from": [5.9, 9.975, 7.775],
			"to": [6.575, 10.175, 8.4],
			"faces": {
				"north": {"uv": [0, 0, 0.675, 0.2], "texture": "#0"},
				"east": {"uv": [0, 0, 0.625, 0.2], "texture": "#0"},
				"south": {"uv": [0, 0, 0.675, 0.2], "texture": "#0"},
				"west": {"uv": [0, 0, 0.625, 0.2], "texture": "#0"},
				"up": {"uv": [0, 0, 0.675, 0.625], "texture": "#0"},
				"down": {"uv": [0, 0, 0.675, 0.625], "texture": "#0"}
			}
		},
		{
			"from": [5.9, 10.8, 7.925],
			"to": [6.575, 11, 8.575],
			"faces": {
				"north": {"uv": [0, 0, 0.675, 0.2], "texture": "#0"},
				"east": {"uv": [0, 0, 0.65, 0.2], "texture": "#0"},
				"south": {"uv": [0, 0, 0.675, 0.2], "texture": "#0"},
				"west": {"uv": [0, 0, 0.65, 0.2], "texture": "#0"},
				"up": {"uv": [0, 0, 0.675, 0.65], "texture": "#0"},
				"down": {"uv": [0, 0, 0.675, 0.65], "texture": "#0"}
			}
		},
		{
			"from": [5.9, 10.85, 6.2],
			"to": [6.575, 11, 6.45],
			"faces": {
				"north": {"uv": [0, 0, 0.675, 0.15], "texture": "#0"},
				"east": {"uv": [0, 0, 0.25, 0.15], "texture": "#0"},
				"south": {"uv": [0, 0, 0.675, 0.15], "texture": "#0"},
				"west": {"uv": [0, 0, 0.25, 0.15], "texture": "#0"},
				"up": {"uv": [0, 0, 0.675, 0.25], "texture": "#0"},
				"down": {"uv": [0, 0, 0.675, 0.25], "texture": "#0"}
			}
		},
		{
			"from": [5.9, 10.425, 6.2],
			"to": [6.575, 10.575, 6.45],
			"faces": {
				"north": {"uv": [0, 0, 0.675, 0.15], "texture": "#0"},
				"east": {"uv": [0, 0, 0.25, 0.15], "texture": "#0"},
				"south": {"uv": [0, 0, 0.675, 0.15], "texture": "#0"},
				"west": {"uv": [0, 0, 0.25, 0.15], "texture": "#0"},
				"up": {"uv": [0, 0, 0.675, 0.25], "texture": "#0"},
				"down": {"uv": [0, 0, 0.675, 0.25], "texture": "#0"}
			}
		},
		{
			"from": [5.9, 10, 6.45],
			"to": [6.575, 10.85, 6.6],
			"faces": {
				"north": {"uv": [0, 0, 0.675, 0.85], "texture": "#0"},
				"east": {"uv": [0, 0, 0.15, 0.85], "texture": "#0"},
				"south": {"uv": [0, 0, 0.675, 0.85], "texture": "#0"},
				"west": {"uv": [0, 0, 0.15, 0.85], "texture": "#0"},
				"up": {"uv": [0, 0, 0.675, 0.15], "texture": "#0"},
				"down": {"uv": [0, 0, 0.675, 0.15], "texture": "#0"}
			}
		},
		{
			"from": [5.9, 10.125, 7],
			"to": [6.575, 10.25, 7.15],
			"faces": {
				"north": {"uv": [0, 0, 0.675, 0.125], "texture": "#0"},
				"east": {"uv": [0, 0, 0.15, 0.125], "texture": "#0"},
				"south": {"uv": [0, 0, 0.675, 0.125], "texture": "#0"},
				"west": {"uv": [0, 0, 0.15, 0.125], "texture": "#0"},
				"up": {"uv": [0, 0, 0.675, 0.15], "texture": "#0"},
				"down": {"uv": [0, 0, 0.675, 0.15], "texture": "#0"}
			}
		},
		{
			"from": [5.9, 10.125, 7.425],
			"to": [6.575, 10.25, 7.575],
			"faces": {
				"north": {"uv": [0, 0, 0.675, 0.125], "texture": "#0"},
				"east": {"uv": [0, 0, 0.15, 0.125], "texture": "#0"},
				"south": {"uv": [0, 0, 0.675, 0.125], "texture": "#0"},
				"west": {"uv": [0, 0, 0.15, 0.125], "texture": "#0"},
				"up": {"uv": [0, 0, 0.675, 0.15], "texture": "#0"},
				"down": {"uv": [0, 0, 0.675, 0.15], "texture": "#0"}
			}
		},
		{
			"from": [5.9, 10.6, 7.775],
			"to": [6.575, 10.8, 7.925],
			"faces": {
				"north": {"uv": [0, 0, 0.675, 0.2], "texture": "#0"},
				"east": {"uv": [0, 0, 0.15, 0.2], "texture": "#0"},
				"south": {"uv": [0, 0, 0.675, 0.2], "texture": "#0"},
				"west": {"uv": [0, 0, 0.15, 0.2], "texture": "#0"},
				"up": {"uv": [0, 0, 0.675, 0.15], "texture": "#0"},
				"down": {"uv": [0, 0, 0.675, 0.15], "texture": "#0"}
			}
		},
		{
			"from": [5.9, 10.175, 8.4],
			"to": [6.575, 10.4, 8.55],
			"faces": {
				"north": {"uv": [0, 0, 0.675, 0.225], "texture": "#0"},
				"east": {"uv": [0, 0, 0.15, 0.225], "texture": "#0"},
				"south": {"uv": [0, 0, 0.675, 0.225], "texture": "#0"},
				"west": {"uv": [0, 0, 0.15, 0.225], "texture": "#0"},
				"up": {"uv": [0, 0, 0.675, 0.15], "texture": "#0"},
				"down": {"uv": [0, 0, 0.675, 0.15], "texture": "#0"}
			}
		},
		{
			"from": [5.9, 10, 7.15],
			"to": [6.575, 10.125, 7.425],
			"faces": {
				"north": {"uv": [0, 0, 0.675, 0.125], "texture": "#0"},
				"east": {"uv": [0, 0, 0.275, 0.125], "texture": "#0"},
				"south": {"uv": [0, 0, 0.675, 0.125], "texture": "#0"},
				"west": {"uv": [0, 0, 0.275, 0.125], "texture": "#0"},
				"up": {"uv": [0, 0, 0.675, 0.275], "texture": "#0"},
				"down": {"uv": [0, 0, 0.675, 0.275], "texture": "#0"}
			}
		},
		{
			"from": [5.9, 10.25, 6.95],
			"to": [6.575, 11, 7.1],
			"faces": {
				"north": {"uv": [0, 0, 0.675, 0.75], "texture": "#0"},
				"east": {"uv": [0, 0, 0.15, 0.75], "texture": "#0"},
				"south": {"uv": [0, 0, 0.675, 0.75], "texture": "#0"},
				"west": {"uv": [0, 0, 0.15, 0.75], "texture": "#0"},
				"up": {"uv": [0, 0, 0.675, 0.15], "texture": "#0"},
				"down": {"uv": [0, 0, 0.675, 0.15], "texture": "#0"}
			}
		},
		{
			"from": [5.9, 10.25, 7.475],
			"to": [6.575, 11, 7.625],
			"faces": {
				"north": {"uv": [0, 0, 0.675, 0.75], "texture": "#0"},
				"east": {"uv": [0, 0, 0.15, 0.75], "texture": "#0"},
				"south": {"uv": [0, 0, 0.675, 0.75], "texture": "#0"},
				"west": {"uv": [0, 0, 0.15, 0.75], "texture": "#0"},
				"up": {"uv": [0, 0, 0.675, 0.15], "texture": "#0"},
				"down": {"uv": [0, 0, 0.675, 0.15], "texture": "#0"}
			}
		},
		{
			"from": [5.9, 10, 6.2],
			"to": [6.575, 10.15, 6.45],
			"faces": {
				"north": {"uv": [0, 0, 0.675, 0.15], "texture": "#0"},
				"east": {"uv": [0, 0, 0.25, 0.15], "texture": "#0"},
				"south": {"uv": [0, 0, 0.675, 0.15], "texture": "#0"},
				"west": {"uv": [0, 0, 0.25, 0.15], "texture": "#0"},
				"up": {"uv": [0, 0, 0.675, 0.25], "texture": "#0"},
				"down": {"uv": [0, 0, 0.675, 0.25], "texture": "#0"}
			}
		}
	],
	"display": {
		"thirdperson_righthand": {
			"rotation": [0, -180, 0],
			"translation": [0, 6.25, 1]
		},
		"thirdperson_lefthand": {
			"rotation": [0, -180, 0],
			"translation": [0, 7.5, 0.75]
		},
		"firstperson_righthand": {
			"rotation": [0, -12, 0],
			"translation": [2.25, 3, 0]
		},
		"firstperson_lefthand": {
			"rotation": [0, -12, 0],
			"translation": [3.25, 3.25, 0]
		},
		"ground": {
			"rotation": [0, 0, 29],
			"translation": [0, 4.75, 0]
		},
		"gui": {
			"rotation": [0, 90, -2]
		},
		"head": {
			"rotation": [-41, -180, 0],
			"translation": [0, 10.25, -12.5]
		},
		"fixed": {
			"rotation": [0, 90, 0]
		}
	}
}