{
	"credit": "Made with Blockbench",
	"textures": {
		"0": "block/black_concrete",
		"1": "block/green_concrete",
		"2": "block/red_concrete",
		"3": "block/yellow_concrete",
		"4": "block/oak_log",
		"particle": "block/black_concrete"
	},
	"elements": [
		{
			"from": [8, 1, 7],
			"to": [10, 17, 9],
			"faces": {
				"north": {"uv": [0, 0, 2, 16], "texture": "#4"},
				"east": {"uv": [0, 0, 2, 16], "texture": "#4"},
				"south": {"uv": [0, 0, 2, 16], "texture": "#4"},
				"west": {"uv": [0, 0, 2, 16], "texture": "#4"},
				"up": {"uv": [0, 0, 2, 2], "texture": "#4"},
				"down": {"uv": [0, 0, 2, 2], "texture": "#4"}
			}
		},
		{
			"from": [6.25, 11, 5.25],
			"to": [11.75, 18, 10.75],
			"faces": {
				"north": {"uv": [0, 0, 5.5, 7], "texture": "#3"},
				"east": {"uv": [0, 0, 5.5, 7], "texture": "#3"},
				"south": {"uv": [0, 0, 5.5, 7], "texture": "#3"},
				"west": {"uv": [0, 0, 5.5, 7], "texture": "#3"},
				"up": {"uv": [0, 0, 5.5, 5.5], "texture": "#3"},
				"down": {"uv": [0, 0, 5.5, 5.5], "texture": "#3"}
			}
		},
		{
			"from": [6.25, 18, 5.25],
			"to": [11.75, 25, 10.75],
			"faces": {
				"north": {"uv": [0, 0, 5.5, 7], "texture": "#2"},
				"east": {"uv": [0, 0, 5.5, 7], "texture": "#2"},
				"south": {"uv": [0, 0, 5.5, 7], "texture": "#2"},
				"west": {"uv": [0, 0, 5.5, 7], "texture": "#2"},
				"up": {"uv": [0, 0, 5.5, 5.5], "texture": "#2"},
				"down": {"uv": [0, 0, 5.5, 5.5], "texture": "#2"}
			}
		},
		{
			"from": [6.225, 25, 5.2],
			"to": [11.85, 31.25, 10.75],
			"faces": {
				"north": {"uv": [0, 0, 5.625, 6.25], "texture": "#missing"},
				"east": {"uv": [0, 0, 5.55, 6.25], "texture": "#missing"},
				"south": {"uv": [0, 0, 5.625, 6.25], "texture": "#missing"},
				"west": {"uv": [0, 0, 5.55, 6.25], "texture": "#missing"},
				"up": {"uv": [0, 0, 5.625, 5.55], "texture": "#missing"},
				"down": {"uv": [0, 0, 5.625, 5.55], "texture": "#missing"}
			}
		},
		{
			"from": [6, 25, 5],
			"to": [12, 31.5, 11],
			"faces": {
				"north": {"uv": [0, 0, 6, 6.5], "texture": "#1"},
				"east": {"uv": [0, 0, 6, 6.5], "texture": "#1"},
				"south": {"uv": [0, 0, 6, 6.5], "texture": "#1"},
				"west": {"uv": [0, 0, 6, 6.5], "texture": "#1"},
				"up": {"uv": [0, 0, 6, 6], "texture": "#1"},
				"down": {"uv": [0, 0, 6, 6], "texture": "#1"}
			}
		},
		{
			"from": [7.2, 26.25, 4.675],
			"to": [7.75, 26.8, 5.25],
			"faces": {
				"north": {"uv": [0, 0, 0.55, 0.55], "texture": "#0"},
				"east": {"uv": [0, 0, 0.575, 0.55], "texture": "#0"},
				"south": {"uv": [0, 0, 0.55, 0.55], "texture": "#0"},
				"west": {"uv": [0, 0, 0.575, 0.55], "texture": "#0"},
				"up": {"uv": [0, 0, 0.55, 0.575], "texture": "#0"},
				"down": {"uv": [0, 0, 0.55, 0.575], "texture": "#0"}
			}
		},
		{
			"from": [8.95, 27.25, 4.675],
			"to": [9.5, 27.8, 5.25],
			"faces": {
				"north": {"uv": [0, 0, 0.55, 0.55], "texture": "#0"},
				"east": {"uv": [0, 0, 0.575, 0.55], "texture": "#0"},
				"south": {"uv": [0, 0, 0.55, 0.55], "texture": "#0"},
				"west": {"uv": [0, 0, 0.575, 0.55], "texture": "#0"},
				"up": {"uv": [0, 0, 0.55, 0.575], "texture": "#0"},
				"down": {"uv": [0, 0, 0.55, 0.575], "texture": "#0"}
			}
		},
		{
			"from": [7.45, 29.25, 4.675],
			"to": [8, 29.8, 5.25],
			"faces": {
				"north": {"uv": [0, 0, 0.55, 0.55], "texture": "#0"},
				"east": {"uv": [0, 0, 0.575, 0.55], "texture": "#0"},
				"south": {"uv": [0, 0, 0.55, 0.55], "texture": "#0"},
				"west": {"uv": [0, 0, 0.575, 0.55], "texture": "#0"},
				"up": {"uv": [0, 0, 0.55, 0.575], "texture": "#0"},
				"down": {"uv": [0, 0, 0.55, 0.575], "texture": "#0"}
			}
		},
		{
			"from": [9.95, 30.5, 4.675],
			"to": [10.5, 31.05, 5.25],
			"faces": {
				"north": {"uv": [0, 0, 0.55, 0.55], "texture": "#0"},
				"east": {"uv": [0, 0, 0.575, 0.55], "texture": "#0"},
				"south": {"uv": [0, 0, 0.55, 0.55], "texture": "#0"},
				"west": {"uv": [0, 0, 0.575, 0.55], "texture": "#0"},
				"up": {"uv": [0, 0, 0.55, 0.575], "texture": "#0"},
				"down": {"uv": [0, 0, 0.55, 0.575], "texture": "#0"}
			}
		},
		{
			"from": [6.95, 27.5, 4.675],
			"to": [7.5, 28.05, 5.25],
			"faces": {
				"north": {"uv": [0, 0, 0.55, 0.55], "texture": "#0"},
				"east": {"uv": [0, 0, 0.575, 0.55], "texture": "#0"},
				"south": {"uv": [0, 0, 0.55, 0.55], "texture": "#0"},
				"west": {"uv": [0, 0, 0.575, 0.55], "texture": "#0"},
				"up": {"uv": [0, 0, 0.55, 0.575], "texture": "#0"},
				"down": {"uv": [0, 0, 0.55, 0.575], "texture": "#0"}
			}
		},
		{
			"from": [6.95, 30.5, 4.675],
			"to": [7.5, 31.05, 5.25],
			"faces": {
				"north": {"uv": [0, 0, 0.55, 0.55], "texture": "#0"},
				"east": {"uv": [0, 0, 0.575, 0.55], "texture": "#0"},
				"south": {"uv": [0, 0, 0.55, 0.55], "texture": "#0"},
				"west": {"uv": [0, 0, 0.575, 0.55], "texture": "#0"},
				"up": {"uv": [0, 0, 0.55, 0.575], "texture": "#0"},
				"down": {"uv": [0, 0, 0.55, 0.575], "texture": "#0"}
			}
		},
		{
			"from": [10.95, 26.25, 4.675],
			"to": [11.5, 26.8, 5.25],
			"faces": {
				"north": {"uv": [0, 0, 0.55, 0.55], "texture": "#0"},
				"east": {"uv": [0, 0, 0.575, 0.55], "texture": "#0"},
				"south": {"uv": [0, 0, 0.55, 0.55], "texture": "#0"},
				"west": {"uv": [0, 0, 0.575, 0.55], "texture": "#0"},
				"up": {"uv": [0, 0, 0.55, 0.575], "texture": "#0"},
				"down": {"uv": [0, 0, 0.55, 0.575], "texture": "#0"}
			}
		},
		{
			"from": [8.95, 29.25, 4.675],
			"to": [9.5, 29.8, 5.25],
			"faces": {
				"north": {"uv": [0, 0, 0.55, 0.55], "texture": "#0"},
				"east": {"uv": [0, 0, 0.575, 0.55], "texture": "#0"},
				"south": {"uv": [0, 0, 0.55, 0.55], "texture": "#0"},
				"west": {"uv": [0, 0, 0.575, 0.55], "texture": "#0"},
				"up": {"uv": [0, 0, 0.55, 0.575], "texture": "#0"},
				"down": {"uv": [0, 0, 0.55, 0.575], "texture": "#0"}
			}
		},
		{
			"from": [9.95, 28.25, 4.675],
			"to": [10.5, 28.8, 5.25],
			"faces": {
				"north": {"uv": [0, 0, 0.55, 0.55], "texture": "#0"},
				"east": {"uv": [0, 0, 0.575, 0.55], "texture": "#0"},
				"south": {"uv": [0, 0, 0.55, 0.55], "texture": "#0"},
				"west": {"uv": [0, 0, 0.575, 0.55], "texture": "#0"},
				"up": {"uv": [0, 0, 0.55, 0.575], "texture": "#0"},
				"down": {"uv": [0, 0, 0.55, 0.575], "texture": "#0"}
			}
		},
		{
			"from": [7.2, 26.25, 10.675],
			"to": [7.75, 26.8, 11.25],
			"faces": {
				"north": {"uv": [0, 0, 0.55, 0.55], "texture": "#0"},
				"east": {"uv": [0, 0, 0.575, 0.55], "texture": "#0"},
				"south": {"uv": [0, 0, 0.55, 0.55], "texture": "#0"},
				"west": {"uv": [0, 0, 0.575, 0.55], "texture": "#0"},
				"up": {"uv": [0, 0, 0.55, 0.575], "texture": "#0"},
				"down": {"uv": [0, 0, 0.55, 0.575], "texture": "#0"}
			}
		},
		{
			"from": [5.675, 26.25, 9.25],
			"to": [6.25, 26.8, 9.8],
			"faces": {
				"north": {"uv": [0, 0, 0.575, 0.55], "texture": "#0"},
				"east": {"uv": [0, 0, 0.55, 0.55], "texture": "#0"},
				"south": {"uv": [0, 0, 0.575, 0.55], "texture": "#0"},
				"west": {"uv": [0, 0, 0.55, 0.55], "texture": "#0"},
				"up": {"uv": [0, 0, 0.55, 0.575], "rotation": 270, "texture": "#0"},
				"down": {"uv": [0, 0, 0.55, 0.575], "rotation": 90, "texture": "#0"}
			}
		},
		{
			"from": [11.675, 28.25, 6.5],
			"to": [12.25, 28.8, 7.05],
			"faces": {
				"north": {"uv": [0, 0, 0.575, 0.55], "texture": "#0"},
				"east": {"uv": [0, 0, 0.55, 0.55], "texture": "#0"},
				"south": {"uv": [0, 0, 0.575, 0.55], "texture": "#0"},
				"west": {"uv": [0, 0, 0.55, 0.55], "texture": "#0"},
				"up": {"uv": [0, 0, 0.55, 0.575], "rotation": 270, "texture": "#0"},
				"down": {"uv": [0, 0, 0.55, 0.575], "rotation": 90, "texture": "#0"}
			}
		},
		{
			"from": [11.675, 29.25, 7.5],
			"to": [12.25, 29.8, 8.05],
			"faces": {
				"north": {"uv": [0, 0, 0.575, 0.55], "texture": "#0"},
				"east": {"uv": [0, 0, 0.55, 0.55], "texture": "#0"},
				"south": {"uv": [0, 0, 0.575, 0.55], "texture": "#0"},
				"west": {"uv": [0, 0, 0.55, 0.55], "texture": "#0"},
				"up": {"uv": [0, 0, 0.55, 0.575], "rotation": 270, "texture": "#0"},
				"down": {"uv": [0, 0, 0.55, 0.575], "rotation": 90, "texture": "#0"}
			}
		},
		{
			"from": [11.675, 26.25, 5.5],
			"to": [12.25, 26.8, 6.05],
			"faces": {
				"north": {"uv": [0, 0, 0.575, 0.55], "texture": "#0"},
				"east": {"uv": [0, 0, 0.55, 0.55], "texture": "#0"},
				"south": {"uv": [0, 0, 0.575, 0.55], "texture": "#0"},
				"west": {"uv": [0, 0, 0.55, 0.55], "texture": "#0"},
				"up": {"uv": [0, 0, 0.55, 0.575], "rotation": 270, "texture": "#0"},
				"down": {"uv": [0, 0, 0.55, 0.575], "rotation": 90, "texture": "#0"}
			}
		},
		{
			"from": [11.675, 30.5, 9.5],
			"to": [12.25, 31.05, 10.05],
			"faces": {
				"north": {"uv": [0, 0, 0.575, 0.55], "texture": "#0"},
				"east": {"uv": [0, 0, 0.55, 0.55], "texture": "#0"},
				"south": {"uv": [0, 0, 0.575, 0.55], "texture": "#0"},
				"west": {"uv": [0, 0, 0.55, 0.55], "texture": "#0"},
				"up": {"uv": [0, 0, 0.55, 0.575], "rotation": 270, "texture": "#0"},
				"down": {"uv": [0, 0, 0.55, 0.575], "rotation": 90, "texture": "#0"}
			}
		},
		{
			"from": [11.675, 27.5, 9.5],
			"to": [12.25, 28.05, 10.05],
			"faces": {
				"north": {"uv": [0, 0, 0.575, 0.55], "texture": "#0"},
				"east": {"uv": [0, 0, 0.55, 0.55], "texture": "#0"},
				"south": {"uv": [0, 0, 0.575, 0.55], "texture": "#0"},
				"west": {"uv": [0, 0, 0.55, 0.55], "texture": "#0"},
				"up": {"uv": [0, 0, 0.55, 0.575], "rotation": 270, "texture": "#0"},
				"down": {"uv": [0, 0, 0.55, 0.575], "rotation": 90, "texture": "#0"}
			}
		},
		{
			"from": [11.675, 30.5, 6.5],
			"to": [12.25, 31.05, 7.05],
			"faces": {
				"north": {"uv": [0, 0, 0.575, 0.55], "texture": "#0"},
				"east": {"uv": [0, 0, 0.55, 0.55], "texture": "#0"},
				"south": {"uv": [0, 0, 0.575, 0.55], "texture": "#0"},
				"west": {"uv": [0, 0, 0.55, 0.55], "texture": "#0"},
				"up": {"uv": [0, 0, 0.55, 0.575], "rotation": 270, "texture": "#0"},
				"down": {"uv": [0, 0, 0.55, 0.575], "rotation": 90, "texture": "#0"}
			}
		},
		{
			"from": [11.675, 29.25, 9],
			"to": [12.25, 29.8, 9.55],
			"faces": {
				"north": {"uv": [0, 0, 0.575, 0.55], "texture": "#0"},
				"east": {"uv": [0, 0, 0.55, 0.55], "texture": "#0"},
				"south": {"uv": [0, 0, 0.575, 0.55], "texture": "#0"},
				"west": {"uv": [0, 0, 0.55, 0.55], "texture": "#0"},
				"up": {"uv": [0, 0, 0.55, 0.575], "rotation": 270, "texture": "#0"},
				"down": {"uv": [0, 0, 0.55, 0.575], "rotation": 90, "texture": "#0"}
			}
		},
		{
			"from": [11.675, 27.25, 7.5],
			"to": [12.25, 27.8, 8.05],
			"faces": {
				"north": {"uv": [0, 0, 0.575, 0.55], "texture": "#0"},
				"east": {"uv": [0, 0, 0.55, 0.55], "texture": "#0"},
				"south": {"uv": [0, 0, 0.575, 0.55], "texture": "#0"},
				"west": {"uv": [0, 0, 0.55, 0.55], "texture": "#0"},
				"up": {"uv": [0, 0, 0.55, 0.575], "rotation": 270, "texture": "#0"},
				"down": {"uv": [0, 0, 0.55, 0.575], "rotation": 90, "texture": "#0"}
			}
		},
		{
			"from": [11.675, 26.25, 9.25],
			"to": [12.25, 26.8, 9.8],
			"faces": {
				"north": {"uv": [0, 0, 0.575, 0.55], "texture": "#0"},
				"east": {"uv": [0, 0, 0.55, 0.55], "texture": "#0"},
				"south": {"uv": [0, 0, 0.575, 0.55], "texture": "#0"},
				"west": {"uv": [0, 0, 0.55, 0.55], "texture": "#0"},
				"up": {"uv": [0, 0, 0.55, 0.575], "rotation": 270, "texture": "#0"},
				"down": {"uv": [0, 0, 0.55, 0.575], "rotation": 90, "texture": "#0"}
			}
		},
		{
			"from": [5.675, 27.25, 7.5],
			"to": [6.25, 27.8, 8.05],
			"faces": {
				"north": {"uv": [0, 0, 0.575, 0.55], "texture": "#0"},
				"east": {"uv": [0, 0, 0.55, 0.55], "texture": "#0"},
				"south": {"uv": [0, 0, 0.575, 0.55], "texture": "#0"},
				"west": {"uv": [0, 0, 0.55, 0.55], "texture": "#0"},
				"up": {"uv": [0, 0, 0.55, 0.575], "rotation": 270, "texture": "#0"},
				"down": {"uv": [0, 0, 0.55, 0.575], "rotation": 90, "texture": "#0"}
			}
		},
		{
			"from": [5.675, 29.25, 9],
			"to": [6.25, 29.8, 9.55],
			"faces": {
				"north": {"uv": [0, 0, 0.575, 0.55], "texture": "#0"},
				"east": {"uv": [0, 0, 0.55, 0.55], "texture": "#0"},
				"south": {"uv": [0, 0, 0.575, 0.55], "texture": "#0"},
				"west": {"uv": [0, 0, 0.55, 0.55], "texture": "#0"},
				"up": {"uv": [0, 0, 0.55, 0.575], "rotation": 270, "texture": "#0"},
				"down": {"uv": [0, 0, 0.55, 0.575], "rotation": 90, "texture": "#0"}
			}
		},
		{
			"from": [5.675, 30.5, 6.5],
			"to": [6.25, 31.05, 7.05],
			"faces": {
				"north": {"uv": [0, 0, 0.575, 0.55], "texture": "#0"},
				"east": {"uv": [0, 0, 0.55, 0.55], "texture": "#0"},
				"south": {"uv": [0, 0, 0.575, 0.55], "texture": "#0"},
				"west": {"uv": [0, 0, 0.55, 0.55], "texture": "#0"},
				"up": {"uv": [0, 0, 0.55, 0.575], "rotation": 270, "texture": "#0"},
				"down": {"uv": [0, 0, 0.55, 0.575], "rotation": 90, "texture": "#0"}
			}
		},
		{
			"from": [5.675, 27.5, 9.5],
			"to": [6.25, 28.05, 10.05],
			"faces": {
				"north": {"uv": [0, 0, 0.575, 0.55], "texture": "#0"},
				"east": {"uv": [0, 0, 0.55, 0.55], "texture": "#0"},
				"south": {"uv": [0, 0, 0.575, 0.55], "texture": "#0"},
				"west": {"uv": [0, 0, 0.55, 0.55], "texture": "#0"},
				"up": {"uv": [0, 0, 0.55, 0.575], "rotation": 270, "texture": "#0"},
				"down": {"uv": [0, 0, 0.55, 0.575], "rotation": 90, "texture": "#0"}
			}
		},
		{
			"from": [5.675, 30.5, 9.5],
			"to": [6.25, 31.05, 10.05],
			"faces": {
				"north": {"uv": [0, 0, 0.575, 0.55], "texture": "#0"},
				"east": {"uv": [0, 0, 0.55, 0.55], "texture": "#0"},
				"south": {"uv": [0, 0, 0.575, 0.55], "texture": "#0"},
				"west": {"uv": [0, 0, 0.55, 0.55], "texture": "#0"},
				"up": {"uv": [0, 0, 0.55, 0.575], "rotation": 270, "texture": "#0"},
				"down": {"uv": [0, 0, 0.55, 0.575], "rotation": 90, "texture": "#0"}
			}
		},
		{
			"from": [5.675, 26.25, 5.5],
			"to": [6.25, 26.8, 6.05],
			"faces": {
				"north": {"uv": [0, 0, 0.575, 0.55], "texture": "#0"},
				"east": {"uv": [0, 0, 0.55, 0.55], "texture": "#0"},
				"south": {"uv": [0, 0, 0.575, 0.55], "texture": "#0"},
				"west": {"uv": [0, 0, 0.55, 0.55], "texture": "#0"},
				"up": {"uv": [0, 0, 0.55, 0.575], "rotation": 270, "texture": "#0"},
				"down": {"uv": [0, 0, 0.55, 0.575], "rotation": 90, "texture": "#0"}
			}
		},
		{
			"from": [5.675, 29.25, 7.5],
			"to": [6.25, 29.8, 8.05],
			"faces": {
				"north": {"uv": [0, 0, 0.575, 0.55], "texture": "#0"},
				"east": {"uv": [0, 0, 0.55, 0.55], "texture": "#0"},
				"south": {"uv": [0, 0, 0.575, 0.55], "texture": "#0"},
				"west": {"uv": [0, 0, 0.55, 0.55], "texture": "#0"},
				"up": {"uv": [0, 0, 0.55, 0.575], "rotation": 270, "texture": "#0"},
				"down": {"uv": [0, 0, 0.55, 0.575], "rotation": 90, "texture": "#0"}
			}
		},
		{
			"from": [5.675, 28.25, 6.5],
			"to": [6.25, 28.8, 7.05],
			"faces": {
				"north": {"uv": [0, 0, 0.575, 0.55], "texture": "#0"},
				"east": {"uv": [0, 0, 0.55, 0.55], "texture": "#0"},
				"south": {"uv": [0, 0, 0.575, 0.55], "texture": "#0"},
				"west": {"uv": [0, 0, 0.55, 0.55], "texture": "#0"},
				"up": {"uv": [0, 0, 0.55, 0.575], "rotation": 270, "texture": "#0"},
				"down": {"uv": [0, 0, 0.55, 0.575], "rotation": 90, "texture": "#0"}
			}
		},
		{
			"from": [8.5, 31.25, 6.5],
			"to": [9.05, 31.825, 7.05],
			"faces": {
				"north": {"uv": [0, 0, 0.575, 0.55], "rotation": 270, "texture": "#0"},
				"east": {"uv": [0, 0, 0.55, 0.575], "texture": "#0"},
				"south": {"uv": [0, 0, 0.575, 0.55], "rotation": 90, "texture": "#0"},
				"west": {"uv": [0, 0, 0.55, 0.575], "rotation": 180, "texture": "#0"},
				"up": {"uv": [0, 0, 0.55, 0.55], "rotation": 90, "texture": "#0"},
				"down": {"uv": [0, 0, 0.55, 0.55], "rotation": 90, "texture": "#0"}
			}
		},
		{
			"from": [9.5, 31.25, 7.5],
			"to": [10.05, 31.825, 8.05],
			"faces": {
				"north": {"uv": [0, 0, 0.575, 0.55], "rotation": 270, "texture": "#0"},
				"east": {"uv": [0, 0, 0.55, 0.575], "texture": "#0"},
				"south": {"uv": [0, 0, 0.575, 0.55], "rotation": 90, "texture": "#0"},
				"west": {"uv": [0, 0, 0.55, 0.575], "rotation": 180, "texture": "#0"},
				"up": {"uv": [0, 0, 0.55, 0.55], "rotation": 90, "texture": "#0"},
				"down": {"uv": [0, 0, 0.55, 0.55], "rotation": 90, "texture": "#0"}
			}
		},
		{
			"from": [6.5, 31.25, 5.5],
			"to": [7.05, 31.825, 6.05],
			"faces": {
				"north": {"uv": [0, 0, 0.575, 0.55], "rotation": 270, "texture": "#0"},
				"east": {"uv": [0, 0, 0.55, 0.575], "texture": "#0"},
				"south": {"uv": [0, 0, 0.575, 0.55], "rotation": 90, "texture": "#0"},
				"west": {"uv": [0, 0, 0.55, 0.575], "rotation": 180, "texture": "#0"},
				"up": {"uv": [0, 0, 0.55, 0.55], "rotation": 90, "texture": "#0"},
				"down": {"uv": [0, 0, 0.55, 0.55], "rotation": 90, "texture": "#0"}
			}
		},
		{
			"from": [10.75, 31.25, 9.5],
			"to": [11.3, 31.825, 10.05],
			"faces": {
				"north": {"uv": [0, 0, 0.575, 0.55], "rotation": 270, "texture": "#0"},
				"east": {"uv": [0, 0, 0.55, 0.575], "texture": "#0"},
				"south": {"uv": [0, 0, 0.575, 0.55], "rotation": 90, "texture": "#0"},
				"west": {"uv": [0, 0, 0.55, 0.575], "rotation": 180, "texture": "#0"},
				"up": {"uv": [0, 0, 0.55, 0.55], "rotation": 90, "texture": "#0"},
				"down": {"uv": [0, 0, 0.55, 0.55], "rotation": 90, "texture": "#0"}
			}
		},
		{
			"from": [7.75, 31.25, 9.5],
			"to": [8.3, 31.825, 10.05],
			"faces": {
				"north": {"uv": [0, 0, 0.575, 0.55], "rotation": 270, "texture": "#0"},
				"east": {"uv": [0, 0, 0.55, 0.575], "texture": "#0"},
				"south": {"uv": [0, 0, 0.575, 0.55], "rotation": 90, "texture": "#0"},
				"west": {"uv": [0, 0, 0.55, 0.575], "rotation": 180, "texture": "#0"},
				"up": {"uv": [0, 0, 0.55, 0.55], "rotation": 90, "texture": "#0"},
				"down": {"uv": [0, 0, 0.55, 0.55], "rotation": 90, "texture": "#0"}
			}
		},
		{
			"from": [10.75, 31.25, 6.5],
			"to": [11.3, 31.825, 7.05],
			"faces": {
				"north": {"uv": [0, 0, 0.575, 0.55], "rotation": 270, "texture": "#0"},
				"east": {"uv": [0, 0, 0.55, 0.575], "texture": "#0"},
				"south": {"uv": [0, 0, 0.575, 0.55], "rotation": 90, "texture": "#0"},
				"west": {"uv": [0, 0, 0.55, 0.575], "rotation": 180, "texture": "#0"},
				"up": {"uv": [0, 0, 0.55, 0.55], "rotation": 90, "texture": "#0"},
				"down": {"uv": [0, 0, 0.55, 0.55], "rotation": 90, "texture": "#0"}
			}
		},
		{
			"from": [9.5, 31.25, 9],
			"to": [10.05, 31.825, 9.55],
			"faces": {
				"north": {"uv": [0, 0, 0.575, 0.55], "rotation": 270, "texture": "#0"},
				"east": {"uv": [0, 0, 0.55, 0.575], "texture": "#0"},
				"south": {"uv": [0, 0, 0.575, 0.55], "rotation": 90, "texture": "#0"},
				"west": {"uv": [0, 0, 0.55, 0.575], "rotation": 180, "texture": "#0"},
				"up": {"uv": [0, 0, 0.55, 0.55], "rotation": 90, "texture": "#0"},
				"down": {"uv": [0, 0, 0.55, 0.55], "rotation": 90, "texture": "#0"}
			}
		},
		{
			"from": [7.5, 31.25, 7.5],
			"to": [8.05, 31.825, 8.05],
			"faces": {
				"north": {"uv": [0, 0, 0.575, 0.55], "rotation": 270, "texture": "#0"},
				"east": {"uv": [0, 0, 0.55, 0.575], "texture": "#0"},
				"south": {"uv": [0, 0, 0.575, 0.55], "rotation": 90, "texture": "#0"},
				"west": {"uv": [0, 0, 0.55, 0.575], "rotation": 180, "texture": "#0"},
				"up": {"uv": [0, 0, 0.55, 0.55], "rotation": 90, "texture": "#0"},
				"down": {"uv": [0, 0, 0.55, 0.55], "rotation": 90, "texture": "#0"}
			}
		},
		{
			"from": [6.5, 31.25, 9.25],
			"to": [7.05, 31.825, 9.8],
			"faces": {
				"north": {"uv": [0, 0, 0.575, 0.55], "rotation": 270, "texture": "#0"},
				"east": {"uv": [0, 0, 0.55, 0.575], "texture": "#0"},
				"south": {"uv": [0, 0, 0.575, 0.55], "rotation": 90, "texture": "#0"},
				"west": {"uv": [0, 0, 0.55, 0.575], "rotation": 180, "texture": "#0"},
				"up": {"uv": [0, 0, 0.55, 0.55], "rotation": 90, "texture": "#0"},
				"down": {"uv": [0, 0, 0.55, 0.55], "rotation": 90, "texture": "#0"}
			}
		},
		{
			"from": [8.95, 27.25, 10.675],
			"to": [9.5, 27.8, 11.25],
			"faces": {
				"north": {"uv": [0, 0, 0.55, 0.55], "texture": "#0"},
				"east": {"uv": [0, 0, 0.575, 0.55], "texture": "#0"},
				"south": {"uv": [0, 0, 0.55, 0.55], "texture": "#0"},
				"west": {"uv": [0, 0, 0.575, 0.55], "texture": "#0"},
				"up": {"uv": [0, 0, 0.55, 0.575], "texture": "#0"},
				"down": {"uv": [0, 0, 0.55, 0.575], "texture": "#0"}
			}
		},
		{
			"from": [7.45, 29.25, 10.675],
			"to": [8, 29.8, 11.25],
			"faces": {
				"north": {"uv": [0, 0, 0.55, 0.55], "texture": "#0"},
				"east": {"uv": [0, 0, 0.575, 0.55], "texture": "#0"},
				"south": {"uv": [0, 0, 0.55, 0.55], "texture": "#0"},
				"west": {"uv": [0, 0, 0.575, 0.55], "texture": "#0"},
				"up": {"uv": [0, 0, 0.55, 0.575], "texture": "#0"},
				"down": {"uv": [0, 0, 0.55, 0.575], "texture": "#0"}
			}
		},
		{
			"from": [9.95, 30.5, 10.675],
			"to": [10.5, 31.05, 11.25],
			"faces": {
				"north": {"uv": [0, 0, 0.55, 0.55], "texture": "#0"},
				"east": {"uv": [0, 0, 0.575, 0.55], "texture": "#0"},
				"south": {"uv": [0, 0, 0.55, 0.55], "texture": "#0"},
				"west": {"uv": [0, 0, 0.575, 0.55], "texture": "#0"},
				"up": {"uv": [0, 0, 0.55, 0.575], "texture": "#0"},
				"down": {"uv": [0, 0, 0.55, 0.575], "texture": "#0"}
			}
		},
		{
			"from": [6.95, 27.5, 10.675],
			"to": [7.5, 28.05, 11.25],
			"faces": {
				"north": {"uv": [0, 0, 0.55, 0.55], "texture": "#0"},
				"east": {"uv": [0, 0, 0.575, 0.55], "texture": "#0"},
				"south": {"uv": [0, 0, 0.55, 0.55], "texture": "#0"},
				"west": {"uv": [0, 0, 0.575, 0.55], "texture": "#0"},
				"up": {"uv": [0, 0, 0.55, 0.575], "texture": "#0"},
				"down": {"uv": [0, 0, 0.55, 0.575], "texture": "#0"}
			}
		},
		{
			"from": [6.95, 30.5, 10.675],
			"to": [7.5, 31.05, 11.25],
			"faces": {
				"north": {"uv": [0, 0, 0.55, 0.55], "texture": "#0"},
				"east": {"uv": [0, 0, 0.575, 0.55], "texture": "#0"},
				"south": {"uv": [0, 0, 0.55, 0.55], "texture": "#0"},
				"west": {"uv": [0, 0, 0.575, 0.55], "texture": "#0"},
				"up": {"uv": [0, 0, 0.55, 0.575], "texture": "#0"},
				"down": {"uv": [0, 0, 0.55, 0.575], "texture": "#0"}
			}
		},
		{
			"from": [10.95, 26.25, 10.675],
			"to": [11.5, 26.8, 11.25],
			"faces": {
				"north": {"uv": [0, 0, 0.55, 0.55], "texture": "#0"},
				"east": {"uv": [0, 0, 0.575, 0.55], "texture": "#0"},
				"south": {"uv": [0, 0, 0.55, 0.55], "texture": "#0"},
				"west": {"uv": [0, 0, 0.575, 0.55], "texture": "#0"},
				"up": {"uv": [0, 0, 0.55, 0.575], "texture": "#0"},
				"down": {"uv": [0, 0, 0.55, 0.575], "texture": "#0"}
			}
		},
		{
			"from": [8.95, 29.25, 10.675],
			"to": [9.5, 29.8, 11.25],
			"faces": {
				"north": {"uv": [0, 0, 0.55, 0.55], "texture": "#0"},
				"east": {"uv": [0, 0, 0.575, 0.55], "texture": "#0"},
				"south": {"uv": [0, 0, 0.55, 0.55], "texture": "#0"},
				"west": {"uv": [0, 0, 0.575, 0.55], "texture": "#0"},
				"up": {"uv": [0, 0, 0.55, 0.575], "texture": "#0"},
				"down": {"uv": [0, 0, 0.55, 0.575], "texture": "#0"}
			}
		},
		{
			"from": [10.45, 28.25, 10.675],
			"to": [11, 28.8, 11.25],
			"faces": {
				"north": {"uv": [0, 0, 0.55, 0.55], "texture": "#0"},
				"east": {"uv": [0, 0, 0.575, 0.55], "texture": "#0"},
				"south": {"uv": [0, 0, 0.55, 0.55], "texture": "#0"},
				"west": {"uv": [0, 0, 0.575, 0.55], "texture": "#0"},
				"up": {"uv": [0, 0, 0.55, 0.575], "texture": "#0"},
				"down": {"uv": [0, 0, 0.55, 0.575], "texture": "#0"}
			}
		}
	],
	"display": {
		"thirdperson_righthand": {
			"translation": [-0.5, 0.75, 1.5],
			"scale": [0.61328, 0.55078, 0.69141]
		},
		"thirdperson_lefthand": {
			"translation": [0, 1.25, 1.5],
			"scale": [0.5918, 0.56055, 0.65234]
		},
		"firstperson_righthand": {
			"rotation": [-6, 0, 0],
			"translation": [3.75, 0.75, 0],
			"scale": [0.43555, 0.51172, 0.31836]
		},
		"firstperson_lefthand": {
			"rotation": [-6, 0, 0],
			"translation": [3.75, 1.25, 0],
			"scale": [0.43609, 0.5, 0.34]
		},
		"ground": {
			"scale": [0.64, 0.64, 0.64]
		},
		"gui": {
			"rotation": [0, 0, 39],
			"translation": [2.75, -4.5, 0],
			"scale": [0.55, 0.55, 0.55]
		},
		"fixed": {
			"translation": [0, -6.75, 0],
			"scale": [0.7, 0.7, 0.7]
		}
	},
	"groups": [
		0,
		1,
		2,
		3,
		4,
		{
			"name": "group",
			"origin": [0, 0, 0],
			"color": 0,
			"children": [5, 6, 7, 8, 9, 10, 11, 12, 13]
		},
		{
			"name": "group",
			"origin": [0, 0, 0],
			"color": 0,
			"children": [
				14,
				{
					"name": "group",
					"origin": [0, 0, 0],
					"color": 0,
					"children": [15, 16, 17, 18, 19, 20, 21, 22, 23, 24, 25, 26, 27, 28, 29, 30, 31, 32, 33, 34, 35, 36, 37, 38, 39, 40, 41]
				},
				42,
				43,
				44,
				45,
				46,
				47,
				48,
				49
			]
		}
	]
}