{
	"credit": "Made with Blockbench",
	"textures": {
		"0": "block/stripped_oak_log",
		"1": "block/netherrack",
		"2": "block/barrel_bottom",
		"particle": "block/stripped_oak_log"
	},
	"elements": [
		{
			"from": [7, 0, 10],
			"to": [8, 5, 11],
			"rotation": {"angle": 45, "axis": "y", "origin": [7, 0, 10]},
			"faces": {
				"north": {"uv": [11, 5, 12, 11], "texture": "#1"},
				"east": {"uv": [11, 5, 12, 11], "texture": "#1"},
				"south": {"uv": [11, 5, 12, 11], "texture": "#1"},
				"west": {"uv": [11, 5, 12, 11], "texture": "#1"},
				"up": {"uv": [11, 5, 12, 6], "texture": "#1"},
				"down": {"uv": [11, 5, 12, 6], "texture": "#1"}
			}
		},
		{
			"from": [6.75, 0.5, 9.75],
			"to": [8.25, 1.25, 11.25],
			"rotation": {"angle": 45, "axis": "y", "origin": [7, 0, 10]},
			"faces": {
				"north": {"uv": [0, 0, 1.5, 0.75], "texture": "#2"},
				"east": {"uv": [0, 0, 1.5, 0.75], "texture": "#2"},
				"south": {"uv": [0, 0, 1.5, 0.75], "texture": "#2"},
				"west": {"uv": [0, 0, 1.5, 0.75], "texture": "#2"},
				"up": {"uv": [0, 0, 1.5, 1.5], "texture": "#2"},
				"down": {"uv": [0, 0, 1.5, 1.5], "texture": "#2"}
			}
		},
		{
			"from": [6.5, 5, 9.25],
			"to": [9, 6.25, 10.75],
			"rotation": {"angle": 0, "axis": "y", "origin": [7, 0, 10]},
			"faces": {
				"north": {"uv": [0, 0, 2.5, 1.25], "texture": "#2"},
				"east": {"uv": [0, 0, 1.5, 1.25], "texture": "#2"},
				"south": {"uv": [0, 0, 2.5, 1.25], "texture": "#2"},
				"west": {"uv": [0, 0, 1.5, 1.25], "texture": "#2"},
				"up": {"uv": [0, 0, 2.5, 1.5], "texture": "#2"},
				"down": {"uv": [0, 0, 2.5, 1.5], "texture": "#2"}
			}
		},
		{
			"from": [11.05, 3, 9.2],
			"to": [12.8, 4.75, 10.775],
			"rotation": {"angle": 45, "axis": "z", "origin": [7, 0, 10]},
			"faces": {
				"north": {"uv": [0, 0, 1.75, 1.75], "texture": "#2"},
				"east": {"uv": [0, 0, 1.575, 1.75], "texture": "#2"},
				"south": {"uv": [0, 0, 1.75, 1.75], "texture": "#2"},
				"west": {"uv": [0, 0, 1.575, 1.75], "texture": "#2"},
				"up": {"uv": [0, 0, 1.75, 1.575], "texture": "#2"},
				"down": {"uv": [0, 0, 1.75, 1.575], "texture": "#2"}
			}
		},
		{
			"from": [11.55, 3.5, 9.15],
			"to": [12.3, 4.25, 10.85],
			"rotation": {"angle": 45, "axis": "z", "origin": [7, 0, 10]},
			"faces": {
				"north": {"uv": [6, 8, 6.75, 8.75], "texture": "#0"},
				"east": {"uv": [5, 7, 6.7, 7.75], "texture": "#0"},
				"south": {"uv": [7, 9, 7.75, 9.75], "texture": "#0"},
				"west": {"uv": [9, 8, 10.7, 8.75], "texture": "#0"},
				"up": {"uv": [5, 8, 5.75, 9.7], "texture": "#0"},
				"down": {"uv": [7, 7, 7.75, 8.7], "texture": "#0"}
			}
		},
		{
			"from": [7, 6.5, 9.75],
			"to": [8.5, 27.5, 10.25],
			"rotation": {"angle": 0, "axis": "y", "origin": [7, 0, 10]},
			"faces": {
				"north": {"uv": [6, 0, 8, 16], "texture": "#0"},
				"east": {"uv": [0, 0, 0.5, 16], "texture": "#0"},
				"south": {"uv": [7, 3, 12.5, 8], "texture": "#0"},
				"west": {"uv": [0, 0, 0.5, 16], "texture": "#0"},
				"up": {"uv": [0, 0, 1.5, 0.5], "texture": "#0"},
				"down": {"uv": [0, 0, 1.5, 0.5], "texture": "#0"}
			}
		},
		{
			"from": [-13.14645, 19.86218, 9.75],
			"to": [-12.07145, 20.93718, 10.2],
			"rotation": {"angle": -45, "axis": "z", "origin": [6.14645, -0.63782, 9.975]},
			"faces": {
				"north": {"uv": [4, 7, 5.075, 8.075], "texture": "#0"},
				"east": {"uv": [4, 6, 4.45, 7.075], "texture": "#0"},
				"south": {"uv": [5, 7, 6.075, 8.075], "texture": "#0"},
				"west": {"uv": [5, 6, 5.45, 7.075], "texture": "#0"},
				"up": {"uv": [4, 5, 5.075, 5.45], "texture": "#0"},
				"down": {"uv": [5, 5, 6.075, 5.45], "texture": "#0"}
			}
		}
	],
	"display": {
		"thirdperson_righthand": {
			"rotation": [0, 90, 0],
			"translation": [-2, 2.75, 0]
		},
		"thirdperson_lefthand": {
			"rotation": [0, -90, 0],
			"translation": [1.75, 3.25, 0.25]
		},
		"firstperson_righthand": {
			"rotation": [0, 90, 0],
			"translation": [0, 3.5, 2],
			"scale": [0.59, 0.59, 0.59]
		},
		"firstperson_lefthand": {
			"rotation": [0, 90, 0],
			"translation": [0.75, 3.25, 1.75],
			"scale": [0.58, 0.58, 0.58]
		},
		"ground": {
			"rotation": [0, 0, 43],
			"translation": [0, 4.25, 0]
		},
		"gui": {
			"rotation": [0, 0, 41],
			"translation": [2.25, -2.75, 0.25],
			"scale": [0.73, 0.73, 0.73]
		},
		"head": {
			"rotation": [-54, 0, 1],
			"translation": [0, 8.25, -13]
		},
		"fixed": {
			"translation": [0, -2.25, -4.5],
			"scale": [0.62, 0.62, 0.62]
		}
	}
}