{
	"credit": "Made with Blockbench",
	"textures": {
		"0": "stp/item_skin/miecze/znaczek",
		"1": "stp/item_skin/miecze/frytki",
		"2": "block/red_concrete",
		"particle": "stp/item_skin/miecze/znaczek"
	},
	"elements": [
		{
			"from": [2.4206, 2.84944, 8],
			"to": [12.0706, 8.62444, 10.6],
			"rotation": {"angle": 0, "axis": "y", "origin": [0.0206, 0.02444, 0]},
			"faces": {
				"north": {"uv": [0, 0, 9.65, 5.775], "texture": "#2"},
				"east": {"uv": [0, 0, 2.6, 5.775], "texture": "#2"},
				"south": {"uv": [0, 0, 9.65, 5.775], "texture": "#2"},
				"west": {"uv": [0, 0, 2.6, 5.775], "texture": "#2"},
				"up": {"uv": [0, 0, 9.65, 2.6], "texture": "#2"},
				"down": {"uv": [0, 0, 9.65, 2.6], "texture": "#2"}
			}
		},
		{
			"from": [1.82662, 4.03558, 8],
			"to": [4.37662, 8.41058, 10.6],
			"rotation": {"angle": 22.5, "axis": "z", "origin": [2.15162, 6.32308, 9.3]},
			"faces": {
				"north": {"uv": [0, 0, 2.55, 4.375], "texture": "#2"},
				"east": {"uv": [0, 0, 2.6, 4.375], "texture": "#2"},
				"south": {"uv": [0, 0, 2.55, 4.375], "texture": "#2"},
				"west": {"uv": [0, 0, 2.6, 4.375], "texture": "#2"},
				"up": {"uv": [0, 0, 2.55, 2.6], "texture": "#2"},
				"down": {"uv": [0, 0, 2.55, 2.6], "texture": "#2"}
			}
		},
		{
			"from": [10.71458, 3.73558, 8],
			"to": [12.66458, 8.41058, 10.6],
			"rotation": {"angle": -22.5, "axis": "z", "origin": [12.33958, 6.32308, 9.3]},
			"faces": {
				"north": {"uv": [0, 0, 1.95, 4.675], "texture": "#2"},
				"east": {"uv": [0, 0, 2.6, 4.675], "texture": "#2"},
				"south": {"uv": [0, 0, 1.95, 4.675], "texture": "#2"},
				"west": {"uv": [0, 0, 2.6, 4.675], "texture": "#2"},
				"up": {"uv": [0, 0, 1.95, 2.6], "texture": "#2"},
				"down": {"uv": [0, 0, 1.95, 2.6], "texture": "#2"}
			}
		},
		{
			"from": [12.78869, 8.12731, 8],
			"to": [13.43869, 14.80231, 10.6],
			"rotation": {"angle": 0, "axis": "z", "origin": [13.11369, 10.71481, 9.3]},
			"faces": {
				"north": {"uv": [0, 0, 0.65, 6.675], "texture": "#2"},
				"east": {"uv": [0, 0, 2.6, 6.675], "texture": "#2"},
				"south": {"uv": [0, 0, 0.65, 6.675], "texture": "#2"},
				"west": {"uv": [0, 0, 2.6, 6.675], "texture": "#2"},
				"up": {"uv": [0, 0, 0.65, 2.6], "texture": "#2"},
				"down": {"uv": [0, 0, 0.65, 2.6], "texture": "#2"}
			}
		},
		{
			"from": [9.01239, 10.18551, 8],
			"to": [9.86239, 13.86051, 10.6],
			"rotation": {"angle": -45, "axis": "z", "origin": [12.03739, 9.77301, 9.3]},
			"faces": {
				"north": {"uv": [0, 0, 0.85, 3.675], "texture": "#2"},
				"east": {"uv": [0, 0, 2.6, 3.675], "texture": "#2"},
				"south": {"uv": [0, 0, 0.85, 3.675], "texture": "#2"},
				"west": {"uv": [0, 0, 2.6, 3.675], "texture": "#2"},
				"up": {"uv": [0, 0, 0.85, 2.6], "texture": "#2"},
				"down": {"uv": [0, 0, 0.85, 2.6], "texture": "#2"}
			}
		},
		{
			"from": [9.86239, 10.18551, 8],
			"to": [10.71239, 13.06051, 10.6],
			"rotation": {"angle": -45, "axis": "z", "origin": [12.03739, 9.77301, 9.3]},
			"faces": {
				"north": {"uv": [0, 0, 0.85, 2.875], "texture": "#2"},
				"east": {"uv": [0, 0, 2.6, 2.875], "texture": "#2"},
				"south": {"uv": [0, 0, 0.85, 2.875], "texture": "#2"},
				"west": {"uv": [0, 0, 2.6, 2.875], "texture": "#2"},
				"up": {"uv": [0, 0, 0.85, 2.6], "texture": "#2"},
				"down": {"uv": [0, 0, 0.85, 2.6], "texture": "#2"}
			}
		},
		{
			"from": [1.44969, 8.04407, 8],
			"to": [13.04969, 12.39407, 10.6],
			"rotation": {"angle": 0, "axis": "z", "origin": [8.81219, 12.06907, 9.3]},
			"faces": {
				"north": {"uv": [0, 0, 4.35, 11.6], "rotation": 270, "texture": "#2"},
				"east": {"uv": [0, 0, 4.35, 2.6], "rotation": 90, "texture": "#2"},
				"south": {"uv": [0, 0, 4.35, 11.6], "rotation": 90, "texture": "#2"},
				"west": {"uv": [0, 0, 4.35, 2.6], "rotation": 90, "texture": "#2"},
				"up": {"uv": [0, 0, 2.6, 11.6], "rotation": 90, "texture": "#2"},
				"down": {"uv": [0, 0, 2.6, 11.6], "rotation": 90, "texture": "#2"}
			}
		},
		{
			"from": [1.67469, 10.44407, 10.2],
			"to": [12.74969, 14.79407, 10.6],
			"rotation": {"angle": 0, "axis": "y", "origin": [8.81219, 12.06907, 9.3]},
			"faces": {
				"north": {"uv": [0, 0, 4.35, 11.075], "rotation": 270, "texture": "#2"},
				"east": {"uv": [0, 0, 4.35, 0.4], "rotation": 90, "texture": "#2"},
				"south": {"uv": [0, 0, 4.35, 11.075], "rotation": 90, "texture": "#2"},
				"west": {"uv": [0, 0, 4.35, 0.4], "rotation": 90, "texture": "#2"},
				"up": {"uv": [0, 0, 0.4, 11.075], "rotation": 90, "texture": "#2"},
				"down": {"uv": [0, 0, 0.4, 11.075], "rotation": 90, "texture": "#2"}
			}
		},
		{
			"from": [3.67469, 14.69407, 10.2],
			"to": [10.74969, 16.34407, 10.6],
			"rotation": {"angle": 0, "axis": "y", "origin": [8.81219, 12.06907, 9.3]},
			"faces": {
				"north": {"uv": [0, 0, 1.65, 7.075], "rotation": 270, "texture": "#2"},
				"east": {"uv": [0, 0, 1.65, 0.4], "rotation": 90, "texture": "#2"},
				"south": {"uv": [0, 0, 1.65, 7.075], "rotation": 90, "texture": "#2"},
				"west": {"uv": [0, 0, 1.65, 0.4], "rotation": 90, "texture": "#2"},
				"up": {"uv": [0, 0, 0.4, 7.075], "rotation": 90, "texture": "#2"},
				"down": {"uv": [0, 0, 0.4, 7.075], "rotation": 90, "texture": "#2"}
			}
		},
		{
			"from": [3.89005, 14.57617, 10.2],
			"to": [7.26505, 16.22617, 10.6],
			"rotation": {"angle": 45, "axis": "z", "origin": [5.32755, 11.95117, 9.3]},
			"faces": {
				"north": {"uv": [0, 0, 1.65, 3.375], "rotation": 270, "texture": "#2"},
				"east": {"uv": [0, 0, 1.65, 0.4], "rotation": 90, "texture": "#2"},
				"south": {"uv": [0, 0, 1.65, 3.375], "rotation": 90, "texture": "#2"},
				"west": {"uv": [0, 0, 1.65, 0.4], "rotation": 90, "texture": "#2"},
				"up": {"uv": [0, 0, 0.4, 3.375], "rotation": 90, "texture": "#2"},
				"down": {"uv": [0, 0, 0.4, 3.375], "rotation": 90, "texture": "#2"}
			}
		},
		{
			"from": [7.30578, 14.92972, 10.2],
			"to": [10.68078, 16.57972, 10.6],
			"rotation": {"angle": -45, "axis": "z", "origin": [8.74328, 12.30472, 9.3]},
			"faces": {
				"north": {"uv": [0, 0, 1.65, 3.375], "rotation": 270, "texture": "#2"},
				"east": {"uv": [0, 0, 1.65, 0.4], "rotation": 90, "texture": "#2"},
				"south": {"uv": [0, 0, 1.65, 3.375], "rotation": 90, "texture": "#2"},
				"west": {"uv": [0, 0, 1.65, 0.4], "rotation": 90, "texture": "#2"},
				"up": {"uv": [0, 0, 0.4, 3.375], "rotation": 90, "texture": "#2"},
				"down": {"uv": [0, 0, 0.4, 3.375], "rotation": 90, "texture": "#2"}
			}
		},
		{
			"from": [3.04718, 14.00389, 8],
			"to": [3.89718, 17.67889, 10.6],
			"rotation": {"angle": 45, "axis": "z", "origin": [6.27218, 13.59139, 9.3]},
			"faces": {
				"north": {"uv": [0, 0, 0.85, 3.675], "texture": "#2"},
				"east": {"uv": [0, 0, 2.6, 3.675], "texture": "#2"},
				"south": {"uv": [0, 0, 0.85, 3.675], "texture": "#2"},
				"west": {"uv": [0, 0, 2.6, 3.675], "texture": "#2"},
				"up": {"uv": [0, 0, 0.85, 2.6], "texture": "#2"},
				"down": {"uv": [0, 0, 0.85, 2.6], "texture": "#2"}
			}
		},
		{
			"from": [2.19718, 13.20389, 8],
			"to": [3.04718, 16.87889, 10.6],
			"rotation": {"angle": 45, "axis": "z", "origin": [6.27218, 13.59139, 9.3]},
			"faces": {
				"north": {"uv": [0, 0, 0.85, 3.675], "texture": "#2"},
				"east": {"uv": [0, 0, 2.6, 3.675], "texture": "#2"},
				"south": {"uv": [0, 0, 0.85, 3.675], "texture": "#2"},
				"west": {"uv": [0, 0, 2.6, 3.675], "texture": "#2"},
				"up": {"uv": [0, 0, 0.85, 2.6], "texture": "#2"},
				"down": {"uv": [0, 0, 0.85, 2.6], "texture": "#2"}
			}
		},
		{
			"from": [1.0525, 8.12731, 8],
			"to": [1.7025, 14.80231, 10.6],
			"rotation": {"angle": 0, "axis": "y", "origin": [1.3775, 10.71481, 9.3]},
			"faces": {
				"north": {"uv": [0, 0, 0.65, 6.675], "texture": "#2"},
				"east": {"uv": [0, 0, 2.6, 6.675], "texture": "#2"},
				"south": {"uv": [0, 0, 0.65, 6.675], "texture": "#2"},
				"west": {"uv": [0, 0, 2.6, 6.675], "texture": "#2"},
				"up": {"uv": [0, 0, 0.65, 2.6], "texture": "#2"},
				"down": {"uv": [0, 0, 0.65, 2.6], "texture": "#2"}
			}
		},
		{
			"from": [2.6, 4.9, 7.975],
			"to": [11.6, 12.2, 7.975],
			"faces": {
				"north": {"uv": [0, 0, 16, 16], "texture": "#1"},
				"east": {"uv": [0, 0, 0, 7.3], "texture": "#1"},
				"south": {"uv": [10.45917, 7.79136, 12.66866, 9.19367], "texture": "#1"},
				"west": {"uv": [0, 0, 0, 7.3], "texture": "#1"},
				"up": {"uv": [0, 0, 9, 0], "texture": "#1"},
				"down": {"uv": [0, 0, 9, 0], "texture": "#1"}
			}
		},
		{
			"from": [2.1, 10.2, 9.375],
			"to": [12.2, 17.5, 9.375],
			"faces": {
				"north": {"uv": [2.96296, 2.47811, 12.55219, 7.32827], "texture": "#0"},
				"east": {"uv": [0, 0, 0, 7.3], "texture": "#0"},
				"south": {"uv": [0, 0, 9, 7.3], "texture": "#0"},
				"west": {"uv": [0, 0, 0, 7.3], "texture": "#0"},
				"up": {"uv": [0, 0, 9, 0], "texture": "#0"},
				"down": {"uv": [0, 0, 9, 0], "texture": "#0"}
			}
		}
	],
	"display": {
		"thirdperson_righthand": {
			"rotation": [0, 90, 0],
			"translation": [-0.5, 1.5, 0.25],
			"scale": [0.4, 0.4, 0.41]
		},
		"thirdperson_lefthand": {
			"rotation": [0, 90, 0],
			"translation": [-0.25, 1.5, 0.25],
			"scale": [0.4, 0.4, 0.41]
		},
		"firstperson_righthand": {
			"rotation": [0, 90, 0],
			"translation": [-0.25, 0.75, 0],
			"scale": [0.57, 0.57, 0.57]
		},
		"firstperson_lefthand": {
			"rotation": [0, 90, 0],
			"translation": [1, 0.75, 0],
			"scale": [0.57, 0.57, 0.57]
		},
		"ground": {
			"translation": [0, 0, -1.5],
			"scale": [0.66, 0.66, 0.66]
		},
		"gui": {
			"rotation": [0, -180, 0],
			"translation": [-0.75, -1.25, 0]
		}
	},
	"groups": [
		{
			"name": "group",
			"origin": [3.46997, 9.55834, 9.6],
			"color": 4,
			"nbt": "{}",
			"armAnimationEnabled": false,
			"children": [0, 1, 2, 3, 4, 5, 6, 7, 8, 9, 10, 11, 12, 13]
		},
		{
			"name": "group",
			"origin": [0, 0, 0],
			"color": 0,
			"nbt": "{}",
			"armAnimationEnabled": false,
			"children": [14, 15]
		}
	]
}