{
	"credit": "Made with Blockbench",
	"textures": {
		"0": "block/black_concrete",
		"1": "block/black_concrete_powder",
		"2": "block/red_concrete",
		"3": "block/gray_concrete",
		"5": "block/red_mushroom_block",
		"6": "stp/item_skin/miecze/gradient white gray",
		"particle": "block/black_concrete"
	},
	"elements": [
		{
			"from": [14.25, -7.5, 8.25],
			"to": [14.75, -4, 8.75],
			"rotation": {"angle": 0, "axis": "y", "origin": [0, -4, 0]},
			"faces": {
				"north": {"uv": [0, 0, 0.5, 3.5], "texture": "#0"},
				"east": {"uv": [0, 0, 0.5, 3.5], "texture": "#0"},
				"south": {"uv": [0, 0, 0.5, 3.5], "texture": "#0"},
				"west": {"uv": [0, 0, 0.5, 3.5], "texture": "#0"},
				"up": {"uv": [0, 0, 0.5, 0.5], "texture": "#0"},
				"down": {"uv": [0, 0, 0.5, 0.5], "texture": "#0"}
			}
		},
		{
			"from": [14.55, -7.5, 8.225],
			"to": [14.675, -4, 8.8],
			"rotation": {"angle": 0, "axis": "y", "origin": [0, -4, 0]},
			"faces": {
				"north": {"uv": [0, 0, 0.125, 3.5], "texture": "#5"},
				"east": {"uv": [0, 0, 0.575, 3.5], "texture": "#5"},
				"south": {"uv": [0, 0, 0.125, 3.5], "texture": "#5"},
				"west": {"uv": [0, 0, 0.575, 3.5], "texture": "#5"},
				"up": {"uv": [0, 0, 0.125, 0.575], "texture": "#5"},
				"down": {"uv": [0, 0, 0.125, 0.575], "texture": "#5"}
			}
		},
		{
			"from": [14.35, -4.125, 8.225],
			"to": [14.55, -4, 8.8],
			"rotation": {"angle": 0, "axis": "y", "origin": [0, -4, 0]},
			"faces": {
				"north": {"uv": [0, 0, 0.2, 0.125], "texture": "#2"},
				"east": {"uv": [0, 0, 0.575, 0.125], "texture": "#2"},
				"south": {"uv": [0, 0, 0.2, 0.125], "texture": "#2"},
				"west": {"uv": [0, 0, 0.575, 0.125], "texture": "#2"},
				"up": {"uv": [0, 0, 0.2, 0.575], "texture": "#2"},
				"down": {"uv": [0, 0, 0.2, 0.575], "texture": "#2"}
			}
		},
		{
			"from": [14.35, -4.625, 8.225],
			"to": [14.55, -4.5, 8.8],
			"rotation": {"angle": 0, "axis": "y", "origin": [0, -4, 0]},
			"faces": {
				"north": {"uv": [0, 0, 0.2, 0.125], "texture": "#2"},
				"east": {"uv": [0, 0, 0.575, 0.125], "texture": "#2"},
				"south": {"uv": [0, 0, 0.2, 0.125], "texture": "#2"},
				"west": {"uv": [0, 0, 0.575, 0.125], "texture": "#2"},
				"up": {"uv": [0, 0, 0.2, 0.575], "texture": "#2"},
				"down": {"uv": [0, 0, 0.2, 0.575], "texture": "#2"}
			}
		},
		{
			"from": [14.35, -5.55, 8.225],
			"to": [14.5, -5.425, 8.8],
			"rotation": {"angle": 0, "axis": "y", "origin": [0, -4, 0]},
			"faces": {
				"north": {"uv": [0, 0, 0.15, 0.125], "texture": "#2"},
				"east": {"uv": [0, 0, 0.575, 0.125], "texture": "#2"},
				"south": {"uv": [0, 0, 0.15, 0.125], "texture": "#2"},
				"west": {"uv": [0, 0, 0.575, 0.125], "texture": "#2"},
				"up": {"uv": [0, 0, 0.15, 0.575], "texture": "#2"},
				"down": {"uv": [0, 0, 0.15, 0.575], "texture": "#2"}
			}
		},
		{
			"from": [14.35, -6.05, 8.225],
			"to": [14.5, -5.775, 8.8],
			"rotation": {"angle": 0, "axis": "y", "origin": [0, -4, 0]},
			"faces": {
				"north": {"uv": [0, 0, 0.15, 0.275], "texture": "#2"},
				"east": {"uv": [0, 0, 0.575, 0.275], "texture": "#2"},
				"south": {"uv": [0, 0, 0.15, 0.275], "texture": "#2"},
				"west": {"uv": [0, 0, 0.575, 0.275], "texture": "#2"},
				"up": {"uv": [0, 0, 0.15, 0.575], "texture": "#2"},
				"down": {"uv": [0, 0, 0.15, 0.575], "texture": "#2"}
			}
		},
		{
			"from": [14.45, -5.775, 8.225],
			"to": [14.525, -5.55, 8.8],
			"rotation": {"angle": 0, "axis": "y", "origin": [0, -4, 0]},
			"faces": {
				"north": {"uv": [0, 0, 0.075, 0.225], "texture": "#2"},
				"east": {"uv": [0, 0, 0.575, 0.225], "texture": "#2"},
				"south": {"uv": [0, 0, 0.075, 0.225], "texture": "#2"},
				"west": {"uv": [0, 0, 0.575, 0.225], "texture": "#2"},
				"up": {"uv": [0, 0, 0.075, 0.575], "texture": "#2"},
				"down": {"uv": [0, 0, 0.075, 0.575], "texture": "#2"}
			}
		},
		{
			"from": [14.35, -5.425, 8.225],
			"to": [14.4, -4.925, 8.8],
			"rotation": {"angle": 0, "axis": "y", "origin": [0, -4, 0]},
			"faces": {
				"north": {"uv": [0, 0, 0.05, 0.5], "texture": "#2"},
				"east": {"uv": [0, 0, 0.575, 0.5], "texture": "#2"},
				"south": {"uv": [0, 0, 0.05, 0.5], "texture": "#2"},
				"west": {"uv": [0, 0, 0.575, 0.5], "texture": "#2"},
				"up": {"uv": [0, 0, 0.05, 0.575], "texture": "#2"},
				"down": {"uv": [0, 0, 0.05, 0.575], "texture": "#2"}
			}
		},
		{
			"from": [14.35, -6.45, 8.225],
			"to": [14.4, -6.05, 8.8],
			"rotation": {"angle": 0, "axis": "y", "origin": [0, -4, 0]},
			"faces": {
				"north": {"uv": [0, 0, 0.05, 0.4], "texture": "#2"},
				"east": {"uv": [0, 0, 0.575, 0.4], "texture": "#2"},
				"south": {"uv": [0, 0, 0.05, 0.4], "texture": "#2"},
				"west": {"uv": [0, 0, 0.575, 0.4], "texture": "#2"},
				"up": {"uv": [0, 0, 0.05, 0.575], "texture": "#2"},
				"down": {"uv": [0, 0, 0.05, 0.575], "texture": "#2"}
			}
		},
		{
			"from": [14.35, -6.7, 8.225],
			"to": [14.55, -6.45, 8.8],
			"rotation": {"angle": 0, "axis": "y", "origin": [0, -4, 0]},
			"faces": {
				"north": {"uv": [0, 0, 0.2, 0.25], "texture": "#2"},
				"east": {"uv": [0, 0, 0.575, 0.25], "texture": "#2"},
				"south": {"uv": [0, 0, 0.2, 0.25], "texture": "#2"},
				"west": {"uv": [0, 0, 0.575, 0.25], "texture": "#2"},
				"up": {"uv": [0, 0, 0.2, 0.575], "texture": "#2"},
				"down": {"uv": [0, 0, 0.2, 0.575], "texture": "#2"}
			}
		},
		{
			"from": [14.4, -6.95, 8.225],
			"to": [14.5, -6.7, 8.8],
			"rotation": {"angle": 0, "axis": "y", "origin": [0, -4, 0]},
			"faces": {
				"north": {"uv": [0, 0, 0.1, 0.25], "texture": "#2"},
				"east": {"uv": [0, 0, 0.575, 0.25], "texture": "#2"},
				"south": {"uv": [0, 0, 0.1, 0.25], "texture": "#2"},
				"west": {"uv": [0, 0, 0.575, 0.25], "texture": "#2"},
				"up": {"uv": [0, 0, 0.1, 0.575], "texture": "#2"},
				"down": {"uv": [0, 0, 0.1, 0.575], "texture": "#2"}
			}
		},
		{
			"from": [14.35, -7.2, 8.225],
			"to": [14.425, -6.95, 8.8],
			"rotation": {"angle": 0, "axis": "y", "origin": [0, -4, 0]},
			"faces": {
				"north": {"uv": [0, 0, 0.075, 0.25], "texture": "#2"},
				"east": {"uv": [0, 0, 0.575, 0.25], "texture": "#2"},
				"south": {"uv": [0, 0, 0.075, 0.25], "texture": "#2"},
				"west": {"uv": [0, 0, 0.575, 0.25], "texture": "#2"},
				"up": {"uv": [0, 0, 0.075, 0.575], "texture": "#2"},
				"down": {"uv": [0, 0, 0.075, 0.575], "texture": "#2"}
			}
		},
		{
			"from": [14.35, -7.45, 8.225],
			"to": [14.425, -7.2, 8.8],
			"rotation": {"angle": 0, "axis": "y", "origin": [0, -4, 0]},
			"faces": {
				"north": {"uv": [0, 0, 0.075, 0.25], "texture": "#2"},
				"east": {"uv": [0, 0, 0.575, 0.25], "texture": "#2"},
				"south": {"uv": [0, 0, 0.075, 0.25], "texture": "#2"},
				"west": {"uv": [0, 0, 0.575, 0.25], "texture": "#2"},
				"up": {"uv": [0, 0, 0.075, 0.575], "texture": "#2"},
				"down": {"uv": [0, 0, 0.075, 0.575], "texture": "#2"}
			}
		},
		{
			"from": [14.475, -7.2, 8.225],
			"to": [14.525, -6.95, 8.8],
			"rotation": {"angle": 0, "axis": "y", "origin": [0, -4, 0]},
			"faces": {
				"north": {"uv": [0, 0, 0.05, 0.25], "texture": "#2"},
				"east": {"uv": [0, 0, 0.575, 0.25], "texture": "#2"},
				"south": {"uv": [0, 0, 0.05, 0.25], "texture": "#2"},
				"west": {"uv": [0, 0, 0.575, 0.25], "texture": "#2"},
				"up": {"uv": [0, 0, 0.05, 0.575], "texture": "#2"},
				"down": {"uv": [0, 0, 0.05, 0.575], "texture": "#2"}
			}
		},
		{
			"from": [14.475, -7.4, 8.225],
			"to": [14.5, -7.2, 8.8],
			"rotation": {"angle": 0, "axis": "y", "origin": [0, -4, 0]},
			"faces": {
				"north": {"uv": [0, 0, 0.025, 0.2], "texture": "#2"},
				"east": {"uv": [0, 0, 0.575, 0.2], "texture": "#2"},
				"south": {"uv": [0, 0, 0.025, 0.2], "texture": "#2"},
				"west": {"uv": [0, 0, 0.575, 0.2], "texture": "#2"},
				"up": {"uv": [0, 0, 0.025, 0.575], "texture": "#2"},
				"down": {"uv": [0, 0, 0.025, 0.575], "texture": "#2"}
			}
		},
		{
			"from": [14.475, -7.45, 8.225],
			"to": [14.55, -7.4, 8.8],
			"rotation": {"angle": 0, "axis": "y", "origin": [0, -4, 0]},
			"faces": {
				"north": {"uv": [0, 0, 0.075, 0.05], "texture": "#2"},
				"east": {"uv": [0, 0, 0.575, 0.05], "texture": "#2"},
				"south": {"uv": [0, 0, 0.075, 0.05], "texture": "#2"},
				"west": {"uv": [0, 0, 0.575, 0.05], "texture": "#2"},
				"up": {"uv": [0, 0, 0.075, 0.575], "texture": "#2"},
				"down": {"uv": [0, 0, 0.075, 0.575], "texture": "#2"}
			}
		},
		{
			"from": [14.35, -4.925, 8.225],
			"to": [14.45, -4.625, 8.8],
			"rotation": {"angle": 0, "axis": "y", "origin": [0, -4, 0]},
			"faces": {
				"north": {"uv": [0, 0, 0.1, 0.3], "texture": "#2"},
				"east": {"uv": [0, 0, 0.575, 0.3], "texture": "#2"},
				"south": {"uv": [0, 0, 0.1, 0.3], "texture": "#2"},
				"west": {"uv": [0, 0, 0.575, 0.3], "texture": "#2"},
				"up": {"uv": [0, 0, 0.1, 0.575], "texture": "#2"},
				"down": {"uv": [0, 0, 0.1, 0.575], "texture": "#2"}
			}
		},
		{
			"from": [14, -4, 8],
			"to": [15, 24, 9],
			"rotation": {"angle": 0, "axis": "y", "origin": [0, -4, 0]},
			"faces": {
				"north": {"uv": [0, 0, 1, 16], "texture": "#1"},
				"east": {"uv": [0, 0, 1, 16], "texture": "#1"},
				"south": {"uv": [0, 0, 1, 16], "texture": "#1"},
				"west": {"uv": [0, 0, 1, 16], "texture": "#1"},
				"up": {"uv": [0, 0, 1, 1], "texture": "#1"},
				"down": {"uv": [0, 0, 1, 1], "texture": "#1"}
			}
		},
		{
			"from": [14.075, -4.5, 8.05],
			"to": [14.925, -4.25, 8.95],
			"rotation": {"angle": 0, "axis": "y", "origin": [0, -4, 0]},
			"faces": {
				"north": {"uv": [0, 0, 0.85, 0.25], "texture": "#3"},
				"east": {"uv": [0, 0, 0.9, 0.25], "texture": "#3"},
				"south": {"uv": [0, 0, 0.85, 0.25], "texture": "#3"},
				"west": {"uv": [0, 0, 0.9, 0.25], "texture": "#3"},
				"up": {"uv": [0, 0, 0.85, 0.9], "texture": "#3"},
				"down": {"uv": [0, 0, 0.85, 0.9], "texture": "#3"}
			}
		},
		{
			"from": [13.975, -4.125, 7.975],
			"to": [15.025, -3.85, 9.025],
			"rotation": {"angle": 0, "axis": "y", "origin": [0, -4, 0]},
			"faces": {
				"north": {"uv": [0, 0, 1.05, 0.275], "texture": "#3"},
				"east": {"uv": [0, 0, 1.05, 0.275], "texture": "#3"},
				"south": {"uv": [0, 0, 1.05, 0.275], "texture": "#3"},
				"west": {"uv": [0, 0, 1.05, 0.275], "texture": "#3"},
				"up": {"uv": [0, 0, 1.05, 1.05], "texture": "#3"},
				"down": {"uv": [0, 0, 1.05, 1.05], "texture": "#3"}
			}
		},
		{
			"from": [13.975, -3.125, 7.975],
			"to": [15.025, -2.1, 9.025],
			"rotation": {"angle": 0, "axis": "y", "origin": [0, -4, 0]},
			"faces": {
				"north": {"uv": [0, 0, 1.05, 1.025], "texture": "#2"},
				"east": {"uv": [0, 0, 1.05, 1.025], "texture": "#2"},
				"south": {"uv": [0, 0, 1.05, 1.025], "texture": "#2"},
				"west": {"uv": [0, 0, 1.05, 1.025], "texture": "#2"},
				"up": {"uv": [0, 0, 1.05, 1.05], "texture": "#2"},
				"down": {"uv": [0, 0, 1.05, 1.05], "texture": "#2"}
			}
		},
		{
			"from": [13.775, 1.375, 8.025],
			"to": [14.725, 2.15, 8.975],
			"rotation": {"angle": 45, "axis": "z", "origin": [14.5, 1.3875, 8.5]},
			"faces": {
				"north": {"uv": [0, 0, 0.95, 0.775], "texture": "#2"},
				"east": {"uv": [0, 0, 0.95, 0.775], "texture": "#2"},
				"south": {"uv": [0, 0, 0.95, 0.775], "texture": "#2"},
				"west": {"uv": [0, 0, 0.95, 0.775], "texture": "#2"},
				"up": {"uv": [0, 0, 0.95, 0.95], "texture": "#2"},
				"down": {"uv": [0, 0, 0.95, 0.95], "texture": "#2"}
			}
		},
		{
			"from": [14.275, 1.875, 8.05],
			"to": [15.225, 2.65, 8.95],
			"rotation": {"angle": 45, "axis": "z", "origin": [14.5, 1.3875, 8.5]},
			"faces": {
				"north": {"uv": [0, 0, 0.95, 0.775], "texture": "#5"},
				"east": {"uv": [0, 0, 0.9, 0.775], "texture": "#5"},
				"south": {"uv": [0, 0, 0.95, 0.775], "texture": "#5"},
				"west": {"uv": [0, 0, 0.9, 0.775], "texture": "#5"},
				"up": {"uv": [0, 0, 0.95, 0.9], "texture": "#5"},
				"down": {"uv": [0, 0, 0.95, 0.9], "texture": "#5"}
			}
		},
		{
			"from": [15.275, 2.875, 8.05],
			"to": [16.225, 3.65, 8.95],
			"rotation": {"angle": 45, "axis": "z", "origin": [14.5, 1.3875, 8.5]},
			"faces": {
				"north": {"uv": [0, 0, 0.95, 0.775], "texture": "#5"},
				"east": {"uv": [0, 0, 0.9, 0.775], "texture": "#5"},
				"south": {"uv": [0, 0, 0.95, 0.775], "texture": "#5"},
				"west": {"uv": [0, 0, 0.9, 0.775], "texture": "#5"},
				"up": {"uv": [0, 0, 0.95, 0.9], "texture": "#5"},
				"down": {"uv": [0, 0, 0.95, 0.9], "texture": "#5"}
			}
		},
		{
			"from": [17.775, 5.375, 8.025],
			"to": [18.725, 6.15, 8.975],
			"rotation": {"angle": 45, "axis": "z", "origin": [14.5, 1.3875, 8.5]},
			"faces": {
				"north": {"uv": [0, 0, 0.95, 0.775], "texture": "#2"},
				"east": {"uv": [0, 0, 0.95, 0.775], "texture": "#2"},
				"south": {"uv": [0, 0, 0.95, 0.775], "texture": "#2"},
				"west": {"uv": [0, 0, 0.95, 0.775], "texture": "#2"},
				"up": {"uv": [0, 0, 0.95, 0.95], "texture": "#2"},
				"down": {"uv": [0, 0, 0.95, 0.95], "texture": "#2"}
			}
		},
		{
			"from": [16.775, 4.375, 8.025],
			"to": [17.725, 5.15, 8.975],
			"rotation": {"angle": 45, "axis": "z", "origin": [14.5, 1.3875, 8.5]},
			"faces": {
				"north": {"uv": [0, 0, 0.95, 0.775], "texture": "#2"},
				"east": {"uv": [0, 0, 0.95, 0.775], "texture": "#2"},
				"south": {"uv": [0, 0, 0.95, 0.775], "texture": "#2"},
				"west": {"uv": [0, 0, 0.95, 0.775], "texture": "#2"},
				"up": {"uv": [0, 0, 0.95, 0.95], "texture": "#2"},
				"down": {"uv": [0, 0, 0.95, 0.95], "texture": "#2"}
			}
		},
		{
			"from": [18.275, 5.875, 8.05],
			"to": [19.225, 6.65, 8.95],
			"rotation": {"angle": 45, "axis": "z", "origin": [14.5, 1.3875, 8.5]},
			"faces": {
				"north": {"uv": [0, 0, 0.95, 0.775], "texture": "#5"},
				"east": {"uv": [0, 0, 0.9, 0.775], "texture": "#5"},
				"south": {"uv": [0, 0, 0.95, 0.775], "texture": "#5"},
				"west": {"uv": [0, 0, 0.9, 0.775], "texture": "#5"},
				"up": {"uv": [0, 0, 0.95, 0.9], "texture": "#5"},
				"down": {"uv": [0, 0, 0.95, 0.9], "texture": "#5"}
			}
		},
		{
			"from": [17.275, 4.875, 8.05],
			"to": [18.225, 5.65, 8.95],
			"rotation": {"angle": 45, "axis": "z", "origin": [14.5, 1.3875, 8.5]},
			"faces": {
				"north": {"uv": [0, 0, 0.95, 0.775], "texture": "#5"},
				"east": {"uv": [0, 0, 0.9, 0.775], "texture": "#5"},
				"south": {"uv": [0, 0, 0.95, 0.775], "texture": "#5"},
				"west": {"uv": [0, 0, 0.9, 0.775], "texture": "#5"},
				"up": {"uv": [0, 0, 0.95, 0.9], "texture": "#5"},
				"down": {"uv": [0, 0, 0.95, 0.9], "texture": "#5"}
			}
		},
		{
			"from": [20.775, 8.375, 8.025],
			"to": [21.725, 9.15, 8.975],
			"rotation": {"angle": 45, "axis": "z", "origin": [14.5, 1.3875, 8.5]},
			"faces": {
				"north": {"uv": [0, 0, 0.95, 0.775], "texture": "#2"},
				"east": {"uv": [0, 0, 0.95, 0.775], "texture": "#2"},
				"south": {"uv": [0, 0, 0.95, 0.775], "texture": "#2"},
				"west": {"uv": [0, 0, 0.95, 0.775], "texture": "#2"},
				"up": {"uv": [0, 0, 0.95, 0.95], "texture": "#2"},
				"down": {"uv": [0, 0, 0.95, 0.95], "texture": "#2"}
			}
		},
		{
			"from": [22.775, 10.375, 8.025],
			"to": [23.725, 11.15, 8.975],
			"rotation": {"angle": 45, "axis": "z", "origin": [14.5, 1.3875, 8.5]},
			"faces": {
				"north": {"uv": [0, 0, 0.95, 0.775], "texture": "#2"},
				"east": {"uv": [0, 0, 0.95, 0.775], "texture": "#2"},
				"south": {"uv": [0, 0, 0.95, 0.775], "texture": "#2"},
				"west": {"uv": [0, 0, 0.95, 0.775], "texture": "#2"},
				"up": {"uv": [0, 0, 0.95, 0.95], "texture": "#2"},
				"down": {"uv": [0, 0, 0.95, 0.95], "texture": "#2"}
			}
		},
		{
			"from": [21.275, 8.875, 8.05],
			"to": [22.225, 9.65, 8.95],
			"rotation": {"angle": 45, "axis": "z", "origin": [14.5, 1.3875, 8.5]},
			"faces": {
				"north": {"uv": [0, 0, 0.95, 0.775], "texture": "#5"},
				"east": {"uv": [0, 0, 0.9, 0.775], "texture": "#5"},
				"south": {"uv": [0, 0, 0.95, 0.775], "texture": "#5"},
				"west": {"uv": [0, 0, 0.9, 0.775], "texture": "#5"},
				"up": {"uv": [0, 0, 0.95, 0.9], "texture": "#5"},
				"down": {"uv": [0, 0, 0.95, 0.9], "texture": "#5"}
			}
		},
		{
			"from": [22.275, 9.875, 8.05],
			"to": [23.225, 10.65, 8.95],
			"rotation": {"angle": 45, "axis": "z", "origin": [14.5, 1.3875, 8.5]},
			"faces": {
				"north": {"uv": [0, 0, 0.95, 0.775], "texture": "#5"},
				"east": {"uv": [0, 0, 0.9, 0.775], "texture": "#5"},
				"south": {"uv": [0, 0, 0.95, 0.775], "texture": "#5"},
				"west": {"uv": [0, 0, 0.9, 0.775], "texture": "#5"},
				"up": {"uv": [0, 0, 0.95, 0.9], "texture": "#5"},
				"down": {"uv": [0, 0, 0.95, 0.9], "texture": "#5"}
			}
		},
		{
			"from": [24.775, 12.375, 8.025],
			"to": [25.725, 13.15, 8.975],
			"rotation": {"angle": 45, "axis": "z", "origin": [14.5, 1.3875, 8.5]},
			"faces": {
				"north": {"uv": [0, 0, 0.95, 0.775], "texture": "#2"},
				"east": {"uv": [0, 0, 0.95, 0.775], "texture": "#2"},
				"south": {"uv": [0, 0, 0.95, 0.775], "texture": "#2"},
				"west": {"uv": [0, 0, 0.95, 0.775], "texture": "#2"},
				"up": {"uv": [0, 0, 0.95, 0.95], "texture": "#2"},
				"down": {"uv": [0, 0, 0.95, 0.95], "texture": "#2"}
			}
		},
		{
			"from": [23.775, 11.375, 8.025],
			"to": [24.725, 12.15, 8.975],
			"rotation": {"angle": 45, "axis": "z", "origin": [14.5, 1.3875, 8.5]},
			"faces": {
				"north": {"uv": [0, 0, 0.95, 0.775], "texture": "#2"},
				"east": {"uv": [0, 0, 0.95, 0.775], "texture": "#2"},
				"south": {"uv": [0, 0, 0.95, 0.775], "texture": "#2"},
				"west": {"uv": [0, 0, 0.95, 0.775], "texture": "#2"},
				"up": {"uv": [0, 0, 0.95, 0.95], "texture": "#2"},
				"down": {"uv": [0, 0, 0.95, 0.95], "texture": "#2"}
			}
		},
		{
			"from": [21.775, 9.375, 8.025],
			"to": [22.725, 10.15, 8.975],
			"rotation": {"angle": 45, "axis": "z", "origin": [14.5, 1.3875, 8.5]},
			"faces": {
				"north": {"uv": [0, 0, 0.95, 0.775], "texture": "#2"},
				"east": {"uv": [0, 0, 0.95, 0.775], "texture": "#2"},
				"south": {"uv": [0, 0, 0.95, 0.775], "texture": "#2"},
				"west": {"uv": [0, 0, 0.95, 0.775], "texture": "#2"},
				"up": {"uv": [0, 0, 0.95, 0.95], "texture": "#2"},
				"down": {"uv": [0, 0, 0.95, 0.95], "texture": "#2"}
			}
		},
		{
			"from": [23.275, 10.875, 8.05],
			"to": [24.225, 11.65, 8.95],
			"rotation": {"angle": 45, "axis": "z", "origin": [14.5, 1.3875, 8.5]},
			"faces": {
				"north": {"uv": [0, 0, 0.95, 0.775], "texture": "#5"},
				"east": {"uv": [0, 0, 0.9, 0.775], "texture": "#5"},
				"south": {"uv": [0, 0, 0.95, 0.775], "texture": "#5"},
				"west": {"uv": [0, 0, 0.9, 0.775], "texture": "#5"},
				"up": {"uv": [0, 0, 0.95, 0.9], "texture": "#5"},
				"down": {"uv": [0, 0, 0.95, 0.9], "texture": "#5"}
			}
		},
		{
			"from": [26.275, 13.875, 8.05],
			"to": [27.225, 14.65, 8.95],
			"rotation": {"angle": 45, "axis": "z", "origin": [14.5, 1.3875, 8.5]},
			"faces": {
				"north": {"uv": [0, 0, 0.95, 0.775], "texture": "#5"},
				"east": {"uv": [0, 0, 0.9, 0.775], "texture": "#5"},
				"south": {"uv": [0, 0, 0.95, 0.775], "texture": "#5"},
				"west": {"uv": [0, 0, 0.9, 0.775], "texture": "#5"},
				"up": {"uv": [0, 0, 0.95, 0.9], "texture": "#5"},
				"down": {"uv": [0, 0, 0.95, 0.9], "texture": "#5"}
			}
		},
		{
			"from": [27.275, 14.875, 8.05],
			"to": [28.225, 15.65, 8.95],
			"rotation": {"angle": 45, "axis": "z", "origin": [14.5, 1.3875, 8.5]},
			"faces": {
				"north": {"uv": [0, 0, 0.95, 0.775], "texture": "#5"},
				"east": {"uv": [0, 0, 0.9, 0.775], "texture": "#5"},
				"south": {"uv": [0, 0, 0.95, 0.775], "texture": "#5"},
				"west": {"uv": [0, 0, 0.9, 0.775], "texture": "#5"},
				"up": {"uv": [0, 0, 0.95, 0.9], "texture": "#5"},
				"down": {"uv": [0, 0, 0.95, 0.9], "texture": "#5"}
			}
		},
		{
			"from": [25.775, 13.375, 8.025],
			"to": [26.725, 14.15, 8.975],
			"rotation": {"angle": 45, "axis": "z", "origin": [14.5, 1.3875, 8.5]},
			"faces": {
				"north": {"uv": [0, 0, 0.95, 0.775], "texture": "#2"},
				"east": {"uv": [0, 0, 0.95, 0.775], "texture": "#2"},
				"south": {"uv": [0, 0, 0.95, 0.775], "texture": "#2"},
				"west": {"uv": [0, 0, 0.95, 0.775], "texture": "#2"},
				"up": {"uv": [0, 0, 0.95, 0.95], "texture": "#2"},
				"down": {"uv": [0, 0, 0.95, 0.95], "texture": "#2"}
			}
		},
		{
			"from": [26.775, 14.375, 8.025],
			"to": [27.725, 15.15, 8.975],
			"rotation": {"angle": 45, "axis": "z", "origin": [14.5, 1.3875, 8.5]},
			"faces": {
				"north": {"uv": [0, 0, 0.95, 0.775], "texture": "#2"},
				"east": {"uv": [0, 0, 0.95, 0.775], "texture": "#2"},
				"south": {"uv": [0, 0, 0.95, 0.775], "texture": "#2"},
				"west": {"uv": [0, 0, 0.95, 0.775], "texture": "#2"},
				"up": {"uv": [0, 0, 0.95, 0.95], "texture": "#2"},
				"down": {"uv": [0, 0, 0.95, 0.95], "texture": "#2"}
			}
		},
		{
			"from": [25.275, 12.875, 8.05],
			"to": [26.225, 13.65, 8.95],
			"rotation": {"angle": 45, "axis": "z", "origin": [14.5, 1.3875, 8.5]},
			"faces": {
				"north": {"uv": [0, 0, 0.95, 0.775], "texture": "#5"},
				"east": {"uv": [0, 0, 0.9, 0.775], "texture": "#5"},
				"south": {"uv": [0, 0, 0.95, 0.775], "texture": "#5"},
				"west": {"uv": [0, 0, 0.9, 0.775], "texture": "#5"},
				"up": {"uv": [0, 0, 0.95, 0.9], "texture": "#5"},
				"down": {"uv": [0, 0, 0.95, 0.9], "texture": "#5"}
			}
		},
		{
			"from": [24.275, 11.875, 8.05],
			"to": [25.225, 12.65, 8.95],
			"rotation": {"angle": 45, "axis": "z", "origin": [14.5, 1.3875, 8.5]},
			"faces": {
				"north": {"uv": [0, 0, 0.95, 0.775], "texture": "#5"},
				"east": {"uv": [0, 0, 0.9, 0.775], "texture": "#5"},
				"south": {"uv": [0, 0, 0.95, 0.775], "texture": "#5"},
				"west": {"uv": [0, 0, 0.9, 0.775], "texture": "#5"},
				"up": {"uv": [0, 0, 0.95, 0.9], "texture": "#5"},
				"down": {"uv": [0, 0, 0.95, 0.9], "texture": "#5"}
			}
		},
		{
			"from": [19.775, 7.375, 8.025],
			"to": [20.725, 8.15, 8.975],
			"rotation": {"angle": 45, "axis": "z", "origin": [14.5, 1.3875, 8.5]},
			"faces": {
				"north": {"uv": [0, 0, 0.95, 0.775], "texture": "#2"},
				"east": {"uv": [0, 0, 0.95, 0.775], "texture": "#2"},
				"south": {"uv": [0, 0, 0.95, 0.775], "texture": "#2"},
				"west": {"uv": [0, 0, 0.95, 0.775], "texture": "#2"},
				"up": {"uv": [0, 0, 0.95, 0.95], "texture": "#2"},
				"down": {"uv": [0, 0, 0.95, 0.95], "texture": "#2"}
			}
		},
		{
			"from": [18.775, 6.375, 8.025],
			"to": [19.725, 7.15, 8.975],
			"rotation": {"angle": 45, "axis": "z", "origin": [14.5, 1.3875, 8.5]},
			"faces": {
				"north": {"uv": [0, 0, 0.95, 0.775], "texture": "#2"},
				"east": {"uv": [0, 0, 0.95, 0.775], "texture": "#2"},
				"south": {"uv": [0, 0, 0.95, 0.775], "texture": "#2"},
				"west": {"uv": [0, 0, 0.95, 0.775], "texture": "#2"},
				"up": {"uv": [0, 0, 0.95, 0.95], "texture": "#2"},
				"down": {"uv": [0, 0, 0.95, 0.95], "texture": "#2"}
			}
		},
		{
			"from": [20.275, 7.875, 8.05],
			"to": [21.225, 8.65, 8.95],
			"rotation": {"angle": 45, "axis": "z", "origin": [14.5, 1.3875, 8.5]},
			"faces": {
				"north": {"uv": [0, 0, 0.95, 0.775], "texture": "#5"},
				"east": {"uv": [0, 0, 0.9, 0.775], "texture": "#5"},
				"south": {"uv": [0, 0, 0.95, 0.775], "texture": "#5"},
				"west": {"uv": [0, 0, 0.9, 0.775], "texture": "#5"},
				"up": {"uv": [0, 0, 0.95, 0.9], "texture": "#5"},
				"down": {"uv": [0, 0, 0.95, 0.9], "texture": "#5"}
			}
		},
		{
			"from": [19.275, 6.875, 8.05],
			"to": [20.225, 7.65, 8.95],
			"rotation": {"angle": 45, "axis": "z", "origin": [14.5, 1.3875, 8.5]},
			"faces": {
				"north": {"uv": [0, 0, 0.95, 0.775], "texture": "#5"},
				"east": {"uv": [0, 0, 0.9, 0.775], "texture": "#5"},
				"south": {"uv": [0, 0, 0.95, 0.775], "texture": "#5"},
				"west": {"uv": [0, 0, 0.9, 0.775], "texture": "#5"},
				"up": {"uv": [0, 0, 0.95, 0.9], "texture": "#5"},
				"down": {"uv": [0, 0, 0.95, 0.9], "texture": "#5"}
			}
		},
		{
			"from": [16.275, 3.875, 8.05],
			"to": [17.225, 4.65, 8.95],
			"rotation": {"angle": 45, "axis": "z", "origin": [14.5, 1.3875, 8.5]},
			"faces": {
				"north": {"uv": [0, 0, 0.95, 0.775], "texture": "#5"},
				"east": {"uv": [0, 0, 0.9, 0.775], "texture": "#5"},
				"south": {"uv": [0, 0, 0.95, 0.775], "texture": "#5"},
				"west": {"uv": [0, 0, 0.9, 0.775], "texture": "#5"},
				"up": {"uv": [0, 0, 0.95, 0.9], "texture": "#5"},
				"down": {"uv": [0, 0, 0.95, 0.9], "texture": "#5"}
			}
		},
		{
			"from": [14.775, 2.375, 8.025],
			"to": [15.725, 3.15, 8.975],
			"rotation": {"angle": 45, "axis": "z", "origin": [14.5, 1.3875, 8.5]},
			"faces": {
				"north": {"uv": [0, 0, 0.95, 0.775], "texture": "#2"},
				"east": {"uv": [0, 0, 0.95, 0.775], "texture": "#2"},
				"south": {"uv": [0, 0, 0.95, 0.775], "texture": "#2"},
				"west": {"uv": [0, 0, 0.95, 0.775], "texture": "#2"},
				"up": {"uv": [0, 0, 0.95, 0.95], "texture": "#2"},
				"down": {"uv": [0, 0, 0.95, 0.95], "texture": "#2"}
			}
		},
		{
			"from": [15.775, 3.375, 8.025],
			"to": [16.725, 4.15, 8.975],
			"rotation": {"angle": 45, "axis": "z", "origin": [14.5, 1.3875, 8.5]},
			"faces": {
				"north": {"uv": [0, 0, 0.95, 0.775], "texture": "#2"},
				"east": {"uv": [0, 0, 0.95, 0.775], "texture": "#2"},
				"south": {"uv": [0, 0, 0.95, 0.775], "texture": "#2"},
				"west": {"uv": [0, 0, 0.95, 0.775], "texture": "#2"},
				"up": {"uv": [0, 0, 0.95, 0.95], "texture": "#2"},
				"down": {"uv": [0, 0, 0.95, 0.95], "texture": "#2"}
			}
		},
		{
			"from": [13.95, -2.875, 8.225],
			"to": [15.05, -2.35, 8.775],
			"rotation": {"angle": 0, "axis": "y", "origin": [0, -4, 0]},
			"faces": {
				"north": {"uv": [0, 0, 1.1, 0.525], "texture": "#5"},
				"east": {"uv": [0, 0, 0.55, 0.525], "texture": "#5"},
				"south": {"uv": [0, 0, 1.1, 0.525], "texture": "#5"},
				"west": {"uv": [0, 0, 0.55, 0.525], "texture": "#5"},
				"up": {"uv": [0, 0, 1.1, 0.55], "texture": "#5"},
				"down": {"uv": [0, 0, 1.1, 0.55], "texture": "#5"}
			}
		},
		{
			"from": [13.95, -2.225, 8.225],
			"to": [15.05, -2.15, 8.775],
			"rotation": {"angle": 0, "axis": "y", "origin": [0, -4, 0]},
			"faces": {
				"north": {"uv": [0, 0, 1.1, 0.075], "texture": "#5"},
				"east": {"uv": [0, 0, 0.55, 0.075], "texture": "#5"},
				"south": {"uv": [0, 0, 1.1, 0.075], "texture": "#5"},
				"west": {"uv": [0, 0, 0.55, 0.075], "texture": "#5"},
				"up": {"uv": [0, 0, 1.1, 0.55], "texture": "#5"},
				"down": {"uv": [0, 0, 1.1, 0.55], "texture": "#5"}
			}
		},
		{
			"from": [13.95, -3.05, 8.225],
			"to": [15.05, -2.975, 8.775],
			"rotation": {"angle": 0, "axis": "y", "origin": [0, -4, 0]},
			"faces": {
				"north": {"uv": [0, 0, 1.1, 0.075], "texture": "#5"},
				"east": {"uv": [0, 0, 0.55, 0.075], "texture": "#5"},
				"south": {"uv": [0, 0, 1.1, 0.075], "texture": "#5"},
				"west": {"uv": [0, 0, 0.55, 0.075], "texture": "#5"},
				"up": {"uv": [0, 0, 1.1, 0.55], "texture": "#5"},
				"down": {"uv": [0, 0, 1.1, 0.55], "texture": "#5"}
			}
		},
		{
			"from": [14.125, -5, 8.125],
			"to": [14.875, -4.75, 8.9],
			"rotation": {"angle": 0, "axis": "y", "origin": [0, -4, 0]},
			"faces": {
				"north": {"uv": [0, 0, 0.75, 0.25], "texture": "#3"},
				"east": {"uv": [0, 0, 0.775, 0.25], "texture": "#3"},
				"south": {"uv": [0, 0, 0.75, 0.25], "texture": "#3"},
				"west": {"uv": [0, 0, 0.775, 0.25], "texture": "#3"},
				"up": {"uv": [0, 0, 0.75, 0.775], "texture": "#3"},
				"down": {"uv": [0, 0, 0.75, 0.775], "texture": "#3"}
			}
		},
		{
			"from": [14.15, -5.5, 8.15],
			"to": [14.85, -5.25, 8.875],
			"rotation": {"angle": 0, "axis": "y", "origin": [0, -4, 0]},
			"faces": {
				"north": {"uv": [0, 0, 0.7, 0.25], "texture": "#3"},
				"east": {"uv": [0, 0, 0.725, 0.25], "texture": "#3"},
				"south": {"uv": [0, 0, 0.7, 0.25], "texture": "#3"},
				"west": {"uv": [0, 0, 0.725, 0.25], "texture": "#3"},
				"up": {"uv": [0, 0, 0.7, 0.725], "texture": "#3"},
				"down": {"uv": [0, 0, 0.7, 0.725], "texture": "#3"}
			}
		},
		{
			"from": [12.9, 24, 7.9],
			"to": [16.1, 27.5, 9.1],
			"rotation": {"angle": 0, "axis": "y", "origin": [0, -4, 0]},
			"faces": {
				"north": {"uv": [0, 0, 2.2, 1.5], "texture": "#5"},
				"east": {"uv": [0, 0, 1.2, 3.5], "texture": "#5"},
				"south": {"uv": [0, 0, 2.2, 1.5], "texture": "#5"},
				"west": {"uv": [0, 0, 1.2, 3.5], "texture": "#5"},
				"up": {"uv": [0, 0, 3.2, 1.2], "texture": "#5"},
				"down": {"uv": [0, 0, 3.2, 1.2], "texture": "#5"}
			}
		},
		{
			"from": [12.65, 24.25, 7.9],
			"to": [16.35, 27.25, 9.1],
			"rotation": {"angle": 22.5, "axis": "z", "origin": [14.5, 25.75, 8.5]},
			"faces": {
				"north": {"uv": [0, 0, 2, 1.7], "rotation": 90, "texture": "#5"},
				"east": {"uv": [0, 0, 3, 1.2], "rotation": 270, "texture": "#5"},
				"south": {"uv": [0, 0, 2, 1.7], "rotation": 270, "texture": "#5"},
				"west": {"uv": [0, 0, 3, 1.2], "rotation": 270, "texture": "#5"},
				"up": {"uv": [0, 0, 1.2, 3.7], "rotation": 270, "texture": "#5"},
				"down": {"uv": [0, 0, 1.2, 3.7], "rotation": 270, "texture": "#5"}
			}
		},
		{
			"from": [12.65, 24.25, 7.9],
			"to": [16.35, 27.25, 9.1],
			"rotation": {"angle": 45, "axis": "z", "origin": [14.5, 25.75, 8.5]},
			"faces": {
				"north": {"uv": [0, 0, 2, 1.7], "rotation": 90, "texture": "#5"},
				"east": {"uv": [0, 0, 3, 1.2], "rotation": 270, "texture": "#5"},
				"south": {"uv": [0, 0, 2, 1.7], "rotation": 270, "texture": "#5"},
				"west": {"uv": [0, 0, 3, 1.2], "rotation": 270, "texture": "#5"},
				"up": {"uv": [0, 0, 1.2, 3.7], "rotation": 270, "texture": "#5"},
				"down": {"uv": [0, 0, 1.2, 3.7], "rotation": 270, "texture": "#5"}
			}
		},
		{
			"from": [12.9, 24, 7.9],
			"to": [16.1, 27.5, 9.1],
			"rotation": {"angle": -22.5, "axis": "z", "origin": [14.5, 25.75, 8.5]},
			"faces": {
				"north": {"uv": [0, 0, 2.2, 1.5], "rotation": 180, "texture": "#5"},
				"east": {"uv": [0, 0, 1.2, 3.5], "rotation": 180, "texture": "#5"},
				"south": {"uv": [0, 0, 2.2, 1.5], "rotation": 180, "texture": "#5"},
				"west": {"uv": [0, 0, 1.2, 3.5], "rotation": 180, "texture": "#5"},
				"up": {"uv": [0, 0, 3.2, 1.2], "rotation": 180, "texture": "#5"},
				"down": {"uv": [0, 0, 3.2, 1.2], "rotation": 180, "texture": "#5"}
			}
		},
		{
			"from": [12.9, 24, 7.9],
			"to": [16.1, 27.5, 9.1],
			"rotation": {"angle": 22.5, "axis": "z", "origin": [14.5, 25.75, 8.5]},
			"faces": {
				"north": {"uv": [0, 0, 2.2, 1.5], "rotation": 180, "texture": "#5"},
				"east": {"uv": [0, 0, 1.2, 3.5], "rotation": 180, "texture": "#5"},
				"south": {"uv": [0, 0, 2.2, 1.5], "rotation": 180, "texture": "#5"},
				"west": {"uv": [0, 0, 1.2, 3.5], "rotation": 180, "texture": "#5"},
				"up": {"uv": [0, 0, 3.2, 1.2], "rotation": 180, "texture": "#5"},
				"down": {"uv": [0, 0, 3.2, 1.2], "rotation": 180, "texture": "#5"}
			}
		},
		{
			"from": [12.65, 24.25, 7.9],
			"to": [16.35, 27.25, 9.1],
			"rotation": {"angle": 0, "axis": "z", "origin": [14.5, 25.75, 8.5]},
			"faces": {
				"north": {"uv": [0, 0, 2, 1.7], "rotation": 90, "texture": "#5"},
				"east": {"uv": [0, 0, 3, 1.2], "rotation": 270, "texture": "#5"},
				"south": {"uv": [0, 0, 2, 1.7], "rotation": 270, "texture": "#5"},
				"west": {"uv": [0, 0, 3, 1.2], "rotation": 270, "texture": "#5"},
				"up": {"uv": [0, 0, 1.2, 3.7], "rotation": 270, "texture": "#5"},
				"down": {"uv": [0, 0, 1.2, 3.7], "rotation": 270, "texture": "#5"}
			}
		},
		{
			"from": [12.9, 24, 7.9],
			"to": [16.1, 27.5, 9.1],
			"rotation": {"angle": 45, "axis": "z", "origin": [14.5, 25.75, 8.5]},
			"faces": {
				"north": {"uv": [0, 0, 2.2, 1.5], "rotation": 180, "texture": "#5"},
				"east": {"uv": [0, 0, 1.2, 3.5], "rotation": 180, "texture": "#5"},
				"south": {"uv": [0, 0, 2.2, 1.5], "rotation": 180, "texture": "#5"},
				"west": {"uv": [0, 0, 1.2, 3.5], "rotation": 180, "texture": "#5"},
				"up": {"uv": [0, 0, 3.2, 1.2], "rotation": 180, "texture": "#5"},
				"down": {"uv": [0, 0, 3.2, 1.2], "rotation": 180, "texture": "#5"}
			}
		},
		{
			"from": [12.9, 24, 7.9],
			"to": [16.1, 27.5, 9.1],
			"rotation": {"angle": 22.5, "axis": "z", "origin": [14.5, 25.75, 8.5]},
			"faces": {
				"north": {"uv": [0, 0, 2.2, 1.5], "texture": "#5"},
				"east": {"uv": [0, 0, 1.2, 3.5], "texture": "#5"},
				"south": {"uv": [0, 0, 2.2, 1.5], "texture": "#5"},
				"west": {"uv": [0, 0, 1.2, 3.5], "texture": "#5"},
				"up": {"uv": [0, 0, 3.2, 1.2], "texture": "#5"},
				"down": {"uv": [0, 0, 3.2, 1.2], "texture": "#5"}
			}
		},
		{
			"from": [12.9, 24, 7.9],
			"to": [16.1, 27.5, 9.1],
			"rotation": {"angle": 45, "axis": "z", "origin": [14.5, 25.75, 8.5]},
			"faces": {
				"north": {"uv": [0, 0, 2.2, 1.5], "texture": "#5"},
				"east": {"uv": [0, 0, 1.2, 3.5], "texture": "#5"},
				"south": {"uv": [0, 0, 2.2, 1.5], "texture": "#5"},
				"west": {"uv": [0, 0, 1.2, 3.5], "texture": "#5"},
				"up": {"uv": [0, 0, 3.2, 1.2], "texture": "#5"},
				"down": {"uv": [0, 0, 3.2, 1.2], "texture": "#5"}
			}
		},
		{
			"from": [12.65, 24.25, 7.9],
			"to": [16.35, 27.25, 9.1],
			"rotation": {"angle": -22.5, "axis": "z", "origin": [14.5, 25.75, 8.5]},
			"faces": {
				"north": {"uv": [0, 0, 2, 1.7], "rotation": 90, "texture": "#5"},
				"east": {"uv": [0, 0, 3, 1.2], "rotation": 270, "texture": "#5"},
				"south": {"uv": [0, 0, 2, 1.7], "rotation": 270, "texture": "#5"},
				"west": {"uv": [0, 0, 3, 1.2], "rotation": 270, "texture": "#5"},
				"up": {"uv": [0, 0, 1.2, 3.7], "rotation": 270, "texture": "#5"},
				"down": {"uv": [0, 0, 1.2, 3.7], "rotation": 270, "texture": "#5"}
			}
		},
		{
			"from": [12.65, 24.25, 7.9],
			"to": [16.35, 27.25, 9.1],
			"rotation": {"angle": 0, "axis": "z", "origin": [14.5, 25.75, 8.5]},
			"faces": {
				"north": {"uv": [0, 0, 2, 1.7], "rotation": 90, "texture": "#5"},
				"east": {"uv": [0, 0, 3, 1.2], "rotation": 270, "texture": "#5"},
				"south": {"uv": [0, 0, 2, 1.7], "rotation": 270, "texture": "#5"},
				"west": {"uv": [0, 0, 3, 1.2], "rotation": 270, "texture": "#5"},
				"up": {"uv": [0, 0, 1.2, 3.7], "rotation": 270, "texture": "#5"},
				"down": {"uv": [0, 0, 1.2, 3.7], "rotation": 270, "texture": "#5"}
			}
		},
		{
			"from": [22.4, 24.5, 8.15],
			"to": [24.1, 27, 8.85],
			"rotation": {"angle": 0, "axis": "y", "origin": [8.75, -4, 0]},
			"faces": {
				"north": {"uv": [0, 0, 2.2, 1.5], "texture": "#5"},
				"east": {"uv": [0, 0, 1.2, 3.5], "texture": "#5"},
				"south": {"uv": [0, 0, 2.2, 1.5], "texture": "#5"},
				"west": {"uv": [0, 0, 1.2, 3.5], "texture": "#5"},
				"up": {"uv": [0, 0, 3.2, 1.2], "texture": "#5"},
				"down": {"uv": [0, 0, 3.2, 1.2], "texture": "#5"}
			}
		},
		{
			"from": [22.15, 24.75, 8.15],
			"to": [24.35, 26.75, 8.85],
			"rotation": {"angle": 22.5, "axis": "z", "origin": [23.25, 25.75, 8.5]},
			"faces": {
				"north": {"uv": [0, 0, 2, 1.7], "rotation": 90, "texture": "#5"},
				"east": {"uv": [0, 0, 3, 1.2], "rotation": 270, "texture": "#5"},
				"south": {"uv": [0, 0, 2, 1.7], "rotation": 270, "texture": "#5"},
				"west": {"uv": [0, 0, 3, 1.2], "rotation": 270, "texture": "#5"},
				"up": {"uv": [0, 0, 1.2, 3.7], "rotation": 270, "texture": "#5"},
				"down": {"uv": [0, 0, 1.2, 3.7], "rotation": 270, "texture": "#5"}
			}
		},
		{
			"from": [22.15, 24.75, 8.15],
			"to": [24.35, 26.75, 8.85],
			"rotation": {"angle": 45, "axis": "z", "origin": [23.25, 25.75, 8.5]},
			"faces": {
				"north": {"uv": [0, 0, 2, 1.7], "rotation": 90, "texture": "#5"},
				"east": {"uv": [0, 0, 3, 1.2], "rotation": 270, "texture": "#5"},
				"south": {"uv": [0, 0, 2, 1.7], "rotation": 270, "texture": "#5"},
				"west": {"uv": [0, 0, 3, 1.2], "rotation": 270, "texture": "#5"},
				"up": {"uv": [0, 0, 1.2, 3.7], "rotation": 270, "texture": "#5"},
				"down": {"uv": [0, 0, 1.2, 3.7], "rotation": 270, "texture": "#5"}
			}
		},
		{
			"from": [22.4, 24.5, 8.15],
			"to": [24.1, 27, 8.85],
			"rotation": {"angle": -22.5, "axis": "z", "origin": [23.25, 25.75, 8.5]},
			"faces": {
				"north": {"uv": [0, 0, 2.2, 1.5], "rotation": 180, "texture": "#5"},
				"east": {"uv": [0, 0, 1.2, 3.5], "rotation": 180, "texture": "#5"},
				"south": {"uv": [0, 0, 2.2, 1.5], "rotation": 180, "texture": "#5"},
				"west": {"uv": [0, 0, 1.2, 3.5], "rotation": 180, "texture": "#5"},
				"up": {"uv": [0, 0, 3.2, 1.2], "rotation": 180, "texture": "#5"},
				"down": {"uv": [0, 0, 3.2, 1.2], "rotation": 180, "texture": "#5"}
			}
		},
		{
			"from": [22.4, 24.5, 8.15],
			"to": [24.1, 27, 8.85],
			"rotation": {"angle": 22.5, "axis": "z", "origin": [23.25, 25.75, 8.5]},
			"faces": {
				"north": {"uv": [0, 0, 2.2, 1.5], "rotation": 180, "texture": "#5"},
				"east": {"uv": [0, 0, 1.2, 3.5], "rotation": 180, "texture": "#5"},
				"south": {"uv": [0, 0, 2.2, 1.5], "rotation": 180, "texture": "#5"},
				"west": {"uv": [0, 0, 1.2, 3.5], "rotation": 180, "texture": "#5"},
				"up": {"uv": [0, 0, 3.2, 1.2], "rotation": 180, "texture": "#5"},
				"down": {"uv": [0, 0, 3.2, 1.2], "rotation": 180, "texture": "#5"}
			}
		},
		{
			"from": [22.15, 24.75, 8.15],
			"to": [24.35, 26.75, 8.85],
			"rotation": {"angle": 0, "axis": "y", "origin": [23.25, 25.75, 8.5]},
			"faces": {
				"north": {"uv": [0, 0, 2, 1.7], "rotation": 90, "texture": "#5"},
				"east": {"uv": [0, 0, 3, 1.2], "rotation": 270, "texture": "#5"},
				"south": {"uv": [0, 0, 2, 1.7], "rotation": 270, "texture": "#5"},
				"west": {"uv": [0, 0, 3, 1.2], "rotation": 270, "texture": "#5"},
				"up": {"uv": [0, 0, 1.2, 3.7], "rotation": 270, "texture": "#5"},
				"down": {"uv": [0, 0, 1.2, 3.7], "rotation": 270, "texture": "#5"}
			}
		},
		{
			"from": [22.4, 24.5, 8.15],
			"to": [24.1, 27, 8.85],
			"rotation": {"angle": 45, "axis": "z", "origin": [23.25, 25.75, 8.5]},
			"faces": {
				"north": {"uv": [0, 0, 2.2, 1.5], "rotation": 180, "texture": "#5"},
				"east": {"uv": [0, 0, 1.2, 3.5], "rotation": 180, "texture": "#5"},
				"south": {"uv": [0, 0, 2.2, 1.5], "rotation": 180, "texture": "#5"},
				"west": {"uv": [0, 0, 1.2, 3.5], "rotation": 180, "texture": "#5"},
				"up": {"uv": [0, 0, 3.2, 1.2], "rotation": 180, "texture": "#5"},
				"down": {"uv": [0, 0, 3.2, 1.2], "rotation": 180, "texture": "#5"}
			}
		},
		{
			"from": [22.4, 24.5, 8.15],
			"to": [24.1, 27, 8.85],
			"rotation": {"angle": 22.5, "axis": "z", "origin": [23.25, 25.75, 8.5]},
			"faces": {
				"north": {"uv": [0, 0, 2.2, 1.5], "texture": "#5"},
				"east": {"uv": [0, 0, 1.2, 3.5], "texture": "#5"},
				"south": {"uv": [0, 0, 2.2, 1.5], "texture": "#5"},
				"west": {"uv": [0, 0, 1.2, 3.5], "texture": "#5"},
				"up": {"uv": [0, 0, 3.2, 1.2], "texture": "#5"},
				"down": {"uv": [0, 0, 3.2, 1.2], "texture": "#5"}
			}
		},
		{
			"from": [22.4, 24.5, 8.15],
			"to": [24.1, 27, 8.85],
			"rotation": {"angle": 45, "axis": "z", "origin": [23.25, 25.75, 8.5]},
			"faces": {
				"north": {"uv": [0, 0, 2.2, 1.5], "texture": "#5"},
				"east": {"uv": [0, 0, 1.2, 3.5], "texture": "#5"},
				"south": {"uv": [0, 0, 2.2, 1.5], "texture": "#5"},
				"west": {"uv": [0, 0, 1.2, 3.5], "texture": "#5"},
				"up": {"uv": [0, 0, 3.2, 1.2], "texture": "#5"},
				"down": {"uv": [0, 0, 3.2, 1.2], "texture": "#5"}
			}
		},
		{
			"from": [22.15, 24.75, 8.15],
			"to": [24.35, 26.75, 8.85],
			"rotation": {"angle": -22.5, "axis": "z", "origin": [23.25, 25.75, 8.5]},
			"faces": {
				"north": {"uv": [0, 0, 2, 1.7], "rotation": 90, "texture": "#5"},
				"east": {"uv": [0, 0, 3, 1.2], "rotation": 270, "texture": "#5"},
				"south": {"uv": [0, 0, 2, 1.7], "rotation": 270, "texture": "#5"},
				"west": {"uv": [0, 0, 3, 1.2], "rotation": 270, "texture": "#5"},
				"up": {"uv": [0, 0, 1.2, 3.7], "rotation": 270, "texture": "#5"},
				"down": {"uv": [0, 0, 1.2, 3.7], "rotation": 270, "texture": "#5"}
			}
		},
		{
			"from": [22.15, 24.75, 8.15],
			"to": [24.35, 26.75, 8.85],
			"rotation": {"angle": 0, "axis": "y", "origin": [23.25, 25.75, 8.5]},
			"faces": {
				"north": {"uv": [0, 0, 2, 1.7], "rotation": 90, "texture": "#5"},
				"east": {"uv": [0, 0, 3, 1.2], "rotation": 270, "texture": "#5"},
				"south": {"uv": [0, 0, 2, 1.7], "rotation": 270, "texture": "#5"},
				"west": {"uv": [0, 0, 3, 1.2], "rotation": 270, "texture": "#5"},
				"up": {"uv": [0, 0, 1.2, 3.7], "rotation": 270, "texture": "#5"},
				"down": {"uv": [0, 0, 1.2, 3.7], "rotation": 270, "texture": "#5"}
			}
		},
		{
			"from": [6.5, 25.25, 7.75],
			"to": [22, 26.25, 9.25],
			"rotation": {"angle": 0, "axis": "y", "origin": [0, -4, 0]},
			"faces": {
				"north": {"uv": [0, 0, 15.5, 1], "texture": "#2"},
				"east": {"uv": [0, 0, 1.5, 1], "texture": "#2"},
				"south": {"uv": [0, 0, 15.5, 1], "texture": "#2"},
				"west": {"uv": [0, 0, 1.5, 1], "texture": "#2"},
				"up": {"uv": [0, 0, 15.5, 1.5], "texture": "#2"},
				"down": {"uv": [0, 0, 15.5, 1.5], "texture": "#2"}
			}
		},
		{
			"from": [-3.40903, 23.27897, 7.75],
			"to": [7.09097, 24.27897, 9.25],
			"rotation": {"angle": 22.5, "axis": "z", "origin": [1.84097, 23.77897, 8.5]},
			"faces": {
				"north": {"uv": [0, 0, 10.5, 1], "texture": "#2"},
				"east": {"uv": [0, 0, 1.5, 1], "texture": "#2"},
				"south": {"uv": [0, 0, 10.5, 1], "texture": "#2"},
				"west": {"uv": [0, 0, 1.5, 1], "texture": "#2"},
				"up": {"uv": [0, 0, 10.5, 1.5], "texture": "#2"},
				"down": {"uv": [0, 0, 10.5, 1.5], "texture": "#2"}
			}
		},
		{
			"from": [16.75, 26.25, 7.7],
			"to": [24.75, 27.25, 9.3],
			"rotation": {"angle": 0, "axis": "y", "origin": [0, -4, 0]},
			"faces": {
				"north": {"uv": [0, 0, 8, 1], "texture": "#0"},
				"east": {"uv": [0, 0, 1.6, 1], "texture": "#0"},
				"south": {"uv": [0, 0, 8, 1], "texture": "#0"},
				"west": {"uv": [0, 0, 1.6, 1], "texture": "#0"},
				"up": {"uv": [0, 0, 8, 1.6], "texture": "#0"},
				"down": {"uv": [0, 0, 8, 1.6], "texture": "#0"}
			}
		},
		{
			"from": [16.75, 24.25, 7.7],
			"to": [23.25, 25.25, 9.3],
			"rotation": {"angle": 0, "axis": "y", "origin": [0, -4, 0]},
			"faces": {
				"north": {"uv": [0, 0, 6.5, 1], "texture": "#0"},
				"east": {"uv": [0, 0, 1.6, 1], "texture": "#0"},
				"south": {"uv": [0, 0, 6.5, 1], "texture": "#0"},
				"west": {"uv": [0, 0, 1.6, 1], "texture": "#0"},
				"up": {"uv": [0, 0, 6.5, 1.6], "texture": "#0"},
				"down": {"uv": [0, 0, 6.5, 1.6], "texture": "#0"}
			}
		},
		{
			"from": [24.5, 24.25, 8.2],
			"to": [25.5, 26.5, 8.8],
			"rotation": {"angle": 0, "axis": "y", "origin": [0, -4, 0]},
			"faces": {
				"north": {"uv": [0, 0, 1, 2.25], "texture": "#0"},
				"east": {"uv": [0, 0, 0.6, 2.25], "texture": "#0"},
				"south": {"uv": [0, 0, 1, 2.25], "texture": "#0"},
				"west": {"uv": [0, 0, 0.6, 2.25], "texture": "#0"},
				"up": {"uv": [0, 0, 1, 0.6], "texture": "#0"},
				"down": {"uv": [0, 0, 1, 0.6], "texture": "#0"}
			}
		},
		{
			"from": [25.025, 22.5, 8.45],
			"to": [25.475, 24.5, 8.55],
			"rotation": {"angle": 0, "axis": "y", "origin": [0, -4, 0]},
			"faces": {
				"north": {"uv": [0, 0, 0.45, 2], "texture": "#0"},
				"east": {"uv": [0, 0, 0.1, 2], "texture": "#0"},
				"south": {"uv": [0, 0, 0.45, 2], "texture": "#0"},
				"west": {"uv": [0, 0, 0.1, 2], "texture": "#0"},
				"up": {"uv": [0, 0, 0.45, 0.1], "texture": "#0"},
				"down": {"uv": [0, 0, 0.45, 0.1], "texture": "#0"}
			}
		},
		{
			"from": [22.42652, 26.18702, 8.225],
			"to": [24.92652, 27.93702, 8.775],
			"rotation": {"angle": 22.5, "axis": "z", "origin": [24.42652, 27.78504, 8.5]},
			"faces": {
				"north": {"uv": [0, 0, 2.5, 1.75], "texture": "#0"},
				"east": {"uv": [0, 0, 0.55, 1.75], "texture": "#0"},
				"south": {"uv": [0, 0, 2.5, 1.75], "texture": "#0"},
				"west": {"uv": [0, 0, 0.55, 1.75], "texture": "#0"},
				"up": {"uv": [0, 0, 2.5, 0.55], "texture": "#0"},
				"down": {"uv": [0, 0, 2.5, 0.55], "texture": "#0"}
			}
		},
		{
			"from": [15.75, 24.35, 7.975],
			"to": [16.75, 27.175, 9.025],
			"rotation": {"angle": 0, "axis": "y", "origin": [0, -4, 0]},
			"faces": {
				"north": {"uv": [0, 0, 1, 2.825], "texture": "#0"},
				"east": {"uv": [0, 0, 1.05, 2.825], "texture": "#0"},
				"south": {"uv": [0, 0, 1, 2.825], "texture": "#0"},
				"west": {"uv": [0, 0, 1.05, 2.825], "texture": "#0"},
				"up": {"uv": [0, 0, 1, 1.05], "texture": "#0"},
				"down": {"uv": [0, 0, 1, 1.05], "texture": "#0"}
			}
		},
		{
			"from": [15.75, 25.1, 8],
			"to": [16.75, 27.925, 8.975],
			"rotation": {"angle": 45, "axis": "z", "origin": [16.25, 27.5125, 8.4875]},
			"faces": {
				"north": {"uv": [0, 0, 1, 2.825], "texture": "#0"},
				"east": {"uv": [0, 0, 0.975, 2.825], "texture": "#0"},
				"south": {"uv": [0, 0, 1, 2.825], "texture": "#0"},
				"west": {"uv": [0, 0, 0.975, 2.825], "texture": "#0"},
				"up": {"uv": [0, 0, 1, 0.975], "texture": "#0"},
				"down": {"uv": [0, 0, 1, 0.975], "texture": "#0"}
			}
		},
		{
			"from": [14.07693, 27.35365, 8],
			"to": [16.15193, 28.35365, 8.975],
			"rotation": {"angle": -22.5, "axis": "z", "origin": [15.73943, 27.85365, 8.4875]},
			"faces": {
				"north": {"uv": [0, 0, 1, 2.075], "rotation": 90, "texture": "#0"},
				"east": {"uv": [0, 0, 1, 0.975], "rotation": 270, "texture": "#0"},
				"south": {"uv": [0, 0, 1, 2.075], "rotation": 270, "texture": "#0"},
				"west": {"uv": [0, 0, 1, 0.975], "rotation": 270, "texture": "#0"},
				"up": {"uv": [0, 0, 0.975, 2.075], "rotation": 270, "texture": "#0"},
				"down": {"uv": [0, 0, 0.975, 2.075], "rotation": 270, "texture": "#0"}
			}
		},
		{
			"from": [12.59913, 28.29081, 8],
			"to": [14.92413, 29.29081, 8.975],
			"rotation": {"angle": 22.5, "axis": "z", "origin": [15.51163, 27.79081, 8.4875]},
			"faces": {
				"north": {"uv": [0, 0, 1, 2.325], "rotation": 90, "texture": "#0"},
				"east": {"uv": [0, 0, 1, 0.975], "rotation": 270, "texture": "#0"},
				"south": {"uv": [0, 0, 1, 2.325], "rotation": 270, "texture": "#0"},
				"west": {"uv": [0, 0, 1, 0.975], "rotation": 270, "texture": "#0"},
				"up": {"uv": [0, 0, 0.975, 2.325], "rotation": 270, "texture": "#0"},
				"down": {"uv": [0, 0, 0.975, 2.325], "rotation": 270, "texture": "#0"}
			}
		},
		{
			"from": [11.24291, 26.0765, 8],
			"to": [12.49291, 27.1515, 8.975],
			"rotation": {"angle": -22.5, "axis": "z", "origin": [11.74291, 26.614, 8.4875]},
			"faces": {
				"north": {"uv": [0, 0, 1.25, 1.075], "rotation": 180, "texture": "#0"},
				"east": {"uv": [0, 0, 0.975, 1.075], "rotation": 180, "texture": "#0"},
				"south": {"uv": [0, 0, 1.25, 1.075], "rotation": 180, "texture": "#0"},
				"west": {"uv": [0, 0, 0.975, 1.075], "rotation": 180, "texture": "#0"},
				"up": {"uv": [0, 0, 1.25, 0.975], "rotation": 180, "texture": "#0"},
				"down": {"uv": [0, 0, 1.25, 0.975], "rotation": 180, "texture": "#0"}
			}
		},
		{
			"from": [-3.22119, 18.68863, 8],
			"to": [-1.72119, 27.76363, 8.975],
			"rotation": {"angle": -45, "axis": "z", "origin": [-3.59619, 23.22613, 8.4875]},
			"faces": {
				"north": {"uv": [0, 0, 1.5, 9.075], "rotation": 180, "texture": "#0"},
				"east": {"uv": [0, 0, 0.975, 9.075], "rotation": 180, "texture": "#0"},
				"south": {"uv": [0, 0, 1.5, 9.075], "rotation": 180, "texture": "#0"},
				"west": {"uv": [0, 0, 0.975, 9.075], "rotation": 180, "texture": "#0"},
				"up": {"uv": [0, 0, 1.5, 0.975], "rotation": 180, "texture": "#0"},
				"down": {"uv": [0, 0, 1.5, 0.975], "rotation": 180, "texture": "#0"}
			}
		},
		{
			"from": [0.2528, 21.08965, 8.25],
			"to": [14.3278, 25.58965, 8.725],
			"rotation": {"angle": 0, "axis": "z", "origin": [-1.2097, 20.83965, 8.4875]},
			"faces": {
				"north": {"uv": [0.26, 0, 11.78, 10.975], "rotation": 90, "texture": "#6"},
				"east": {"uv": [0.26, 0, 11.78, 5.88], "rotation": 270, "texture": "#6"},
				"south": {"uv": [0.26, 0, 5.1, 3.235], "rotation": 270, "texture": "#6"},
				"west": {"uv": [0.26, 0, 11.78, 5.88], "rotation": 270, "texture": "#6"},
				"up": {"uv": [0.26, 0, 9.04, 10.975], "rotation": 270, "texture": "#6"},
				"down": {"uv": [0.26, 0, 9.04, 10.975], "rotation": 270, "texture": "#6"}
			}
		},
		{
			"from": [-5.7472, 20.18965, 8.275],
			"to": [8.8778, 24.68965, 8.675],
			"rotation": {"angle": 22.5, "axis": "z", "origin": [6.2903, 20.33965, 8.4875]},
			"faces": {
				"north": {"uv": [2.68, 2.08, 12.14, 9.96], "rotation": 90, "texture": "#6"},
				"east": {"uv": [2.68, 2.08, 12.14, 9.96], "rotation": 270, "texture": "#6"},
				"south": {"uv": [2.68, 2.08, 4.8, 5.18], "rotation": 270, "texture": "#6"},
				"west": {"uv": [2.68, 2.08, 12.14, 9.96], "rotation": 270, "texture": "#6"},
				"up": {"uv": [2.68, 2.08, 9.26, 9.96], "rotation": 270, "texture": "#6"},
				"down": {"uv": [2.68, 2.08, 9.26, 9.96], "rotation": 270, "texture": "#6"}
			}
		},
		{
			"from": [-8.03893, 19.65625, 8.3],
			"to": [-0.16393, 23.70625, 8.625],
			"rotation": {"angle": 45, "axis": "z", "origin": [-0.72643, 19.70625, 8.475]},
			"faces": {
				"north": {"uv": [5.96, 2.76, 14.6, 14.44], "rotation": 90, "texture": "#6"},
				"east": {"uv": [5.96, 2.76, 14.6, 6.89], "rotation": 270, "texture": "#6"},
				"south": {"uv": [0, 0, 5.76, 4.92], "rotation": 270, "texture": "#6"},
				"west": {"uv": [5.96, 2.76, 14.6, 6.89], "rotation": 270, "texture": "#6"},
				"up": {"uv": [5.96, 2.76, 10.875, 14.44], "rotation": 270, "texture": "#6"},
				"down": {"uv": [5.96, 2.76, 10.875, 14.44], "rotation": 270, "texture": "#6"}
			}
		},
		{
			"from": [-11.03893, 23.53125, 8.3],
			"to": [-8.03893, 23.70625, 8.625],
			"rotation": {"angle": 45, "axis": "z", "origin": [-0.72643, 19.70625, 8.475]},
			"faces": {
				"north": {"uv": [3.02, 1.36, 8.185, 4.88], "rotation": 90, "texture": "#6"},
				"east": {"uv": [3.02, 1.36, 8.185, 2.08], "rotation": 270, "texture": "#6"},
				"south": {"uv": [3.02, 1.36, 8.185, 4.88], "rotation": 270, "texture": "#6"},
				"west": {"uv": [3.02, 1.36, 8.185, 2.08], "rotation": 270, "texture": "#6"},
				"up": {"uv": [3.02, 1.36, 4.46, 4.88], "rotation": 270, "texture": "#6"},
				"down": {"uv": [3.02, 1.36, 4.46, 4.88], "rotation": 270, "texture": "#6"}
			}
		},
		{
			"from": [-10.93893, 23.35625, 8.3],
			"to": [-8.03893, 23.53125, 8.625],
			"rotation": {"angle": 45, "axis": "z", "origin": [-0.72643, 19.70625, 8.475]},
			"faces": {
				"north": {"uv": [2.1, 0.84, 7.265, 4.36], "rotation": 90, "texture": "#6"},
				"east": {"uv": [2.1, 0.84, 7.265, 1.56], "rotation": 270, "texture": "#6"},
				"south": {"uv": [2.1, 0.84, 7.265, 4.36], "rotation": 270, "texture": "#6"},
				"west": {"uv": [2.1, 0.84, 7.265, 1.56], "rotation": 270, "texture": "#6"},
				"up": {"uv": [2.1, 0.84, 3.54, 4.36], "rotation": 270, "texture": "#6"},
				"down": {"uv": [2.1, 0.84, 3.54, 4.36], "rotation": 270, "texture": "#6"}
			}
		},
		{
			"from": [-10.81393, 23.18125, 8.3],
			"to": [-8.03893, 23.35625, 8.625],
			"rotation": {"angle": 45, "axis": "z", "origin": [-0.72643, 19.70625, 8.475]},
			"faces": {
				"north": {"uv": [1.24, 0.18, 6.405, 3.7], "rotation": 90, "texture": "#6"},
				"east": {"uv": [1.24, 0.18, 6.405, 0.9], "rotation": 270, "texture": "#6"},
				"south": {"uv": [1.24, 0.18, 6.405, 3.7], "rotation": 270, "texture": "#6"},
				"west": {"uv": [1.24, 0.18, 6.405, 0.9], "rotation": 270, "texture": "#6"},
				"up": {"uv": [1.24, 0.18, 2.68, 3.7], "rotation": 270, "texture": "#6"},
				"down": {"uv": [1.24, 0.18, 2.68, 3.7], "rotation": 270, "texture": "#6"}
			}
		},
		{
			"from": [-10.66393, 23.00625, 8.3],
			"to": [-8.03893, 23.18125, 8.625],
			"rotation": {"angle": 45, "axis": "z", "origin": [-0.72643, 19.70625, 8.475]},
			"faces": {
				"north": {"uv": [1.96, 0.72, 7.125, 4.24], "rotation": 90, "texture": "#6"},
				"east": {"uv": [1.96, 0.72, 7.125, 1.44], "rotation": 270, "texture": "#6"},
				"south": {"uv": [1.96, 0.72, 7.125, 4.24], "rotation": 270, "texture": "#6"},
				"west": {"uv": [1.96, 0.72, 7.125, 1.44], "rotation": 270, "texture": "#6"},
				"up": {"uv": [1.96, 0.72, 3.4, 4.24], "rotation": 270, "texture": "#6"},
				"down": {"uv": [1.96, 0.72, 3.4, 4.24], "rotation": 270, "texture": "#6"}
			}
		},
		{
			"from": [-10.53893, 22.83125, 8.3],
			"to": [-8.03893, 23.00625, 8.625],
			"rotation": {"angle": 45, "axis": "z", "origin": [-0.72643, 19.70625, 8.475]},
			"faces": {
				"north": {"uv": [1.04, 0.38, 6.205, 3.9], "rotation": 90, "texture": "#6"},
				"east": {"uv": [1.04, 0.38, 6.205, 1.1], "rotation": 270, "texture": "#6"},
				"south": {"uv": [1.04, 0.38, 6.205, 3.9], "rotation": 270, "texture": "#6"},
				"west": {"uv": [1.04, 0.38, 6.205, 1.1], "rotation": 270, "texture": "#6"},
				"up": {"uv": [1.04, 0.38, 2.48, 3.9], "rotation": 270, "texture": "#6"},
				"down": {"uv": [1.04, 0.38, 2.48, 3.9], "rotation": 270, "texture": "#6"}
			}
		},
		{
			"from": [-10.38893, 22.65625, 8.3],
			"to": [-8.03893, 22.83125, 8.625],
			"rotation": {"angle": 45, "axis": "z", "origin": [-0.72643, 19.70625, 8.475]},
			"faces": {
				"north": {"uv": [1.04, 0.58, 6.205, 4.1], "rotation": 90, "texture": "#6"},
				"east": {"uv": [1.04, 0.58, 6.205, 1.3], "rotation": 270, "texture": "#6"},
				"south": {"uv": [1.04, 0.58, 6.205, 4.1], "rotation": 270, "texture": "#6"},
				"west": {"uv": [1.04, 0.58, 6.205, 1.3], "rotation": 270, "texture": "#6"},
				"up": {"uv": [1.04, 0.58, 2.48, 4.1], "rotation": 270, "texture": "#6"},
				"down": {"uv": [1.04, 0.58, 2.48, 4.1], "rotation": 270, "texture": "#6"}
			}
		},
		{
			"from": [-10.26393, 22.48125, 8.3],
			"to": [-8.03893, 22.65625, 8.625],
			"rotation": {"angle": 45, "axis": "z", "origin": [-0.72643, 19.70625, 8.475]},
			"faces": {
				"north": {"uv": [0.98, 0.78, 5.545, 4.3], "rotation": 90, "texture": "#6"},
				"east": {"uv": [0.98, 0.78, 5.545, 1.5], "rotation": 270, "texture": "#6"},
				"south": {"uv": [0.98, 0.78, 5.545, 4.3], "rotation": 270, "texture": "#6"},
				"west": {"uv": [0.98, 0.78, 5.545, 1.5], "rotation": 270, "texture": "#6"},
				"up": {"uv": [0.98, 0.78, 1.82, 4.3], "rotation": 270, "texture": "#6"},
				"down": {"uv": [0.98, 0.78, 1.82, 4.3], "rotation": 270, "texture": "#6"}
			}
		},
		{
			"from": [-10.18893, 22.30625, 8.3],
			"to": [-8.03893, 22.48125, 8.625],
			"rotation": {"angle": 45, "axis": "z", "origin": [-0.72643, 19.70625, 8.475]},
			"faces": {
				"north": {"uv": [0.78, 0.12, 5.945, 3.64], "rotation": 90, "texture": "#6"},
				"east": {"uv": [0.78, 0.12, 5.945, 0.84], "rotation": 270, "texture": "#6"},
				"south": {"uv": [0.78, 0.12, 5.945, 3.64], "rotation": 270, "texture": "#6"},
				"west": {"uv": [0.78, 0.12, 5.945, 0.84], "rotation": 270, "texture": "#6"},
				"up": {"uv": [0.78, 0.12, 2.22, 3.64], "rotation": 270, "texture": "#6"},
				"down": {"uv": [0.78, 0.12, 2.22, 3.64], "rotation": 270, "texture": "#6"}
			}
		},
		{
			"from": [-10.11393, 22.13125, 8.3],
			"to": [-8.03893, 22.30625, 8.625],
			"rotation": {"angle": 45, "axis": "z", "origin": [-0.72643, 19.70625, 8.475]},
			"faces": {
				"north": {"uv": [0.78, 0.12, 5.945, 3.64], "rotation": 90, "texture": "#6"},
				"east": {"uv": [0.78, 0.12, 5.945, 0.84], "rotation": 270, "texture": "#6"},
				"south": {"uv": [0.78, 0.12, 5.945, 3.64], "rotation": 270, "texture": "#6"},
				"west": {"uv": [0.78, 0.12, 5.945, 0.84], "rotation": 270, "texture": "#6"},
				"up": {"uv": [0.78, 0.12, 2.22, 3.64], "rotation": 270, "texture": "#6"},
				"down": {"uv": [0.78, 0.12, 2.22, 3.64], "rotation": 270, "texture": "#6"}
			}
		},
		{
			"from": [-10.01393, 21.95625, 8.3],
			"to": [-8.03893, 22.13125, 8.625],
			"rotation": {"angle": 45, "axis": "z", "origin": [-0.72643, 19.70625, 8.475]},
			"faces": {
				"north": {"uv": [0.78, 0.12, 5.945, 3.64], "rotation": 90, "texture": "#6"},
				"east": {"uv": [0.78, 0.12, 5.945, 0.84], "rotation": 270, "texture": "#6"},
				"south": {"uv": [0.78, 0.12, 5.945, 3.64], "rotation": 270, "texture": "#6"},
				"west": {"uv": [0.78, 0.12, 5.945, 0.84], "rotation": 270, "texture": "#6"},
				"up": {"uv": [0.78, 0.12, 2.22, 3.64], "rotation": 270, "texture": "#6"},
				"down": {"uv": [0.78, 0.12, 2.22, 3.64], "rotation": 270, "texture": "#6"}
			}
		},
		{
			"from": [-9.91393, 21.78125, 8.3],
			"to": [-8.03893, 21.95625, 8.625],
			"rotation": {"angle": 45, "axis": "z", "origin": [-0.72643, 19.70625, 8.475]},
			"faces": {
				"north": {"uv": [0.78, 0.12, 5.945, 3.64], "rotation": 90, "texture": "#6"},
				"east": {"uv": [0.78, 0.12, 5.945, 0.84], "rotation": 270, "texture": "#6"},
				"south": {"uv": [0.78, 0.12, 5.945, 3.64], "rotation": 270, "texture": "#6"},
				"west": {"uv": [0.78, 0.12, 5.945, 0.84], "rotation": 270, "texture": "#6"},
				"up": {"uv": [0.78, 0.12, 2.22, 3.64], "rotation": 270, "texture": "#6"},
				"down": {"uv": [0.78, 0.12, 2.22, 3.64], "rotation": 270, "texture": "#6"}
			}
		},
		{
			"from": [-9.78893, 21.60625, 8.3],
			"to": [-8.03893, 21.78125, 8.625],
			"rotation": {"angle": 45, "axis": "z", "origin": [-0.72643, 19.70625, 8.475]},
			"faces": {
				"north": {"uv": [0.78, 0.12, 5.945, 3.64], "rotation": 90, "texture": "#6"},
				"east": {"uv": [0.78, 0.12, 5.945, 0.84], "rotation": 270, "texture": "#6"},
				"south": {"uv": [0.78, 0.12, 5.945, 3.64], "rotation": 270, "texture": "#6"},
				"west": {"uv": [0.78, 0.12, 5.945, 0.84], "rotation": 270, "texture": "#6"},
				"up": {"uv": [0.78, 0.12, 2.22, 3.64], "rotation": 270, "texture": "#6"},
				"down": {"uv": [0.78, 0.12, 2.22, 3.64], "rotation": 270, "texture": "#6"}
			}
		},
		{
			"from": [-9.68893, 21.43125, 8.3],
			"to": [-8.03893, 21.60625, 8.625],
			"rotation": {"angle": 45, "axis": "z", "origin": [-0.72643, 19.70625, 8.475]},
			"faces": {
				"north": {"uv": [0.78, 0.12, 5.945, 3.64], "rotation": 90, "texture": "#6"},
				"east": {"uv": [0.78, 0.12, 5.945, 0.84], "rotation": 270, "texture": "#6"},
				"south": {"uv": [0.78, 0.12, 5.945, 3.64], "rotation": 270, "texture": "#6"},
				"west": {"uv": [0.78, 0.12, 5.945, 0.84], "rotation": 270, "texture": "#6"},
				"up": {"uv": [0.78, 0.12, 2.22, 3.64], "rotation": 270, "texture": "#6"},
				"down": {"uv": [0.78, 0.12, 2.22, 3.64], "rotation": 270, "texture": "#6"}
			}
		},
		{
			"from": [-9.58893, 21.28125, 8.3],
			"to": [-8.03893, 21.43125, 8.625],
			"rotation": {"angle": 45, "axis": "z", "origin": [-0.72643, 19.70625, 8.475]},
			"faces": {
				"north": {"uv": [0.78, 0.12, 5.945, 3.64], "rotation": 90, "texture": "#6"},
				"east": {"uv": [0.78, 0.12, 5.945, 0.84], "rotation": 270, "texture": "#6"},
				"south": {"uv": [0.78, 0.12, 5.945, 3.64], "rotation": 270, "texture": "#6"},
				"west": {"uv": [0.78, 0.12, 5.945, 0.84], "rotation": 270, "texture": "#6"},
				"up": {"uv": [0.78, 0.12, 2.22, 3.64], "rotation": 270, "texture": "#6"},
				"down": {"uv": [0.78, 0.12, 2.22, 3.64], "rotation": 270, "texture": "#6"}
			}
		},
		{
			"from": [-9.48893, 21.10625, 8.3],
			"to": [-8.03893, 21.28125, 8.625],
			"rotation": {"angle": 45, "axis": "z", "origin": [-0.72643, 19.70625, 8.475]},
			"faces": {
				"north": {"uv": [0.78, 0.12, 5.945, 3.64], "rotation": 90, "texture": "#6"},
				"east": {"uv": [0.78, 0.12, 5.945, 0.84], "rotation": 270, "texture": "#6"},
				"south": {"uv": [0.78, 0.12, 5.945, 3.64], "rotation": 270, "texture": "#6"},
				"west": {"uv": [0.78, 0.12, 5.945, 0.84], "rotation": 270, "texture": "#6"},
				"up": {"uv": [0.78, 0.12, 2.22, 3.64], "rotation": 270, "texture": "#6"},
				"down": {"uv": [0.78, 0.12, 2.22, 3.64], "rotation": 270, "texture": "#6"}
			}
		},
		{
			"from": [-9.41393, 20.93125, 8.3],
			"to": [-8.03893, 21.10625, 8.625],
			"rotation": {"angle": 45, "axis": "z", "origin": [-0.72643, 19.70625, 8.475]},
			"faces": {
				"north": {"uv": [0.78, 0.12, 5.945, 3.64], "rotation": 90, "texture": "#6"},
				"east": {"uv": [0.78, 0.12, 5.945, 0.84], "rotation": 270, "texture": "#6"},
				"south": {"uv": [0.78, 0.12, 5.945, 3.64], "rotation": 270, "texture": "#6"},
				"west": {"uv": [0.78, 0.12, 5.945, 0.84], "rotation": 270, "texture": "#6"},
				"up": {"uv": [0.78, 0.12, 2.22, 3.64], "rotation": 270, "texture": "#6"},
				"down": {"uv": [0.78, 0.12, 2.22, 3.64], "rotation": 270, "texture": "#6"}
			}
		},
		{
			"from": [-9.31393, 20.75625, 8.3],
			"to": [-8.03893, 20.93125, 8.625],
			"rotation": {"angle": 45, "axis": "z", "origin": [-0.72643, 19.70625, 8.475]},
			"faces": {
				"north": {"uv": [0.78, 0.12, 5.945, 3.64], "rotation": 90, "texture": "#6"},
				"east": {"uv": [0.78, 0.12, 5.945, 0.84], "rotation": 270, "texture": "#6"},
				"south": {"uv": [0.78, 0.12, 5.945, 3.64], "rotation": 270, "texture": "#6"},
				"west": {"uv": [0.78, 0.12, 5.945, 0.84], "rotation": 270, "texture": "#6"},
				"up": {"uv": [0.78, 0.12, 2.22, 3.64], "rotation": 270, "texture": "#6"},
				"down": {"uv": [0.78, 0.12, 2.22, 3.64], "rotation": 270, "texture": "#6"}
			}
		},
		{
			"from": [-9.18893, 20.58125, 8.3],
			"to": [-8.03893, 20.75625, 8.625],
			"rotation": {"angle": 45, "axis": "z", "origin": [-0.72643, 19.70625, 8.475]},
			"faces": {
				"north": {"uv": [0.78, 0.12, 5.945, 3.64], "rotation": 90, "texture": "#6"},
				"east": {"uv": [0.78, 0.12, 5.945, 0.84], "rotation": 270, "texture": "#6"},
				"south": {"uv": [0.78, 0.12, 5.945, 3.64], "rotation": 270, "texture": "#6"},
				"west": {"uv": [0.78, 0.12, 5.945, 0.84], "rotation": 270, "texture": "#6"},
				"up": {"uv": [0.78, 0.12, 2.22, 3.64], "rotation": 270, "texture": "#6"},
				"down": {"uv": [0.78, 0.12, 2.22, 3.64], "rotation": 270, "texture": "#6"}
			}
		},
		{
			"from": [-9.06393, 20.40625, 8.3],
			"to": [-8.03893, 20.58125, 8.625],
			"rotation": {"angle": 45, "axis": "z", "origin": [-0.72643, 19.70625, 8.475]},
			"faces": {
				"north": {"uv": [0.78, 0.12, 5.945, 3.64], "rotation": 90, "texture": "#6"},
				"east": {"uv": [0.78, 0.12, 5.945, 0.84], "rotation": 270, "texture": "#6"},
				"south": {"uv": [0.78, 0.12, 5.945, 3.64], "rotation": 270, "texture": "#6"},
				"west": {"uv": [0.78, 0.12, 5.945, 0.84], "rotation": 270, "texture": "#6"},
				"up": {"uv": [0.78, 0.12, 2.22, 3.64], "rotation": 270, "texture": "#6"},
				"down": {"uv": [0.78, 0.12, 2.22, 3.64], "rotation": 270, "texture": "#6"}
			}
		},
		{
			"from": [-8.98893, 20.23125, 8.3],
			"to": [-8.03893, 20.40625, 8.625],
			"rotation": {"angle": 45, "axis": "z", "origin": [-0.72643, 19.70625, 8.475]},
			"faces": {
				"north": {"uv": [0.78, 0.12, 5.945, 3.64], "rotation": 90, "texture": "#6"},
				"east": {"uv": [0.78, 0.12, 5.945, 0.84], "rotation": 270, "texture": "#6"},
				"south": {"uv": [0.78, 0.12, 5.945, 3.64], "rotation": 270, "texture": "#6"},
				"west": {"uv": [0.78, 0.12, 5.945, 0.84], "rotation": 270, "texture": "#6"},
				"up": {"uv": [0.78, 0.12, 2.22, 3.64], "rotation": 270, "texture": "#6"},
				"down": {"uv": [0.78, 0.12, 2.22, 3.64], "rotation": 270, "texture": "#6"}
			}
		},
		{
			"from": [-8.91393, 20.05625, 8.3],
			"to": [-8.03893, 20.23125, 8.625],
			"rotation": {"angle": 45, "axis": "z", "origin": [-0.72643, 19.70625, 8.475]},
			"faces": {
				"north": {"uv": [0.78, 0.12, 5.945, 3.64], "rotation": 90, "texture": "#6"},
				"east": {"uv": [0.78, 0.12, 5.945, 0.84], "rotation": 270, "texture": "#6"},
				"south": {"uv": [0.78, 0.12, 5.945, 3.64], "rotation": 270, "texture": "#6"},
				"west": {"uv": [0.78, 0.12, 5.945, 0.84], "rotation": 270, "texture": "#6"},
				"up": {"uv": [0.78, 0.12, 2.22, 3.64], "rotation": 270, "texture": "#6"},
				"down": {"uv": [0.78, 0.12, 2.22, 3.64], "rotation": 270, "texture": "#6"}
			}
		},
		{
			"from": [-8.83893, 19.88125, 8.3],
			"to": [-8.03893, 20.05625, 8.625],
			"rotation": {"angle": 45, "axis": "z", "origin": [-0.72643, 19.70625, 8.475]},
			"faces": {
				"north": {"uv": [0.78, 0.12, 5.945, 3.64], "rotation": 90, "texture": "#6"},
				"east": {"uv": [0.78, 0.12, 5.945, 0.84], "rotation": 270, "texture": "#6"},
				"south": {"uv": [0.78, 0.12, 5.945, 3.64], "rotation": 270, "texture": "#6"},
				"west": {"uv": [0.78, 0.12, 5.945, 0.84], "rotation": 270, "texture": "#6"},
				"up": {"uv": [0.78, 0.12, 2.22, 3.64], "rotation": 270, "texture": "#6"},
				"down": {"uv": [0.78, 0.12, 2.22, 3.64], "rotation": 270, "texture": "#6"}
			}
		},
		{
			"from": [-8.76393, 19.65625, 8.3],
			"to": [-8.03893, 19.88125, 8.625],
			"rotation": {"angle": 45, "axis": "z", "origin": [-0.72643, 19.70625, 8.475]},
			"faces": {
				"north": {"uv": [0.78, 0.12, 5.945, 3.64], "rotation": 90, "texture": "#6"},
				"east": {"uv": [0.78, 0.12, 5.945, 0.84], "rotation": 270, "texture": "#6"},
				"south": {"uv": [0.78, 0.12, 5.945, 3.64], "rotation": 270, "texture": "#6"},
				"west": {"uv": [0.78, 0.12, 5.945, 0.84], "rotation": 270, "texture": "#6"},
				"up": {"uv": [0.78, 0.12, 2.22, 3.64], "rotation": 270, "texture": "#6"},
				"down": {"uv": [0.78, 0.12, 2.22, 3.64], "rotation": 270, "texture": "#6"}
			}
		},
		{
			"from": [-0.55401, 24.08867, 8],
			"to": [5.27099, 25.58867, 8.975],
			"rotation": {"angle": 22.5, "axis": "z", "origin": [-1.7982, 26.96367, 8.4875]},
			"faces": {
				"north": {"uv": [0, 0, 1.5, 5.825], "rotation": 90, "texture": "#0"},
				"east": {"uv": [0, 0, 1.5, 0.975], "rotation": 270, "texture": "#0"},
				"south": {"uv": [0, 0, 1.5, 5.825], "rotation": 270, "texture": "#0"},
				"west": {"uv": [0, 0, 1.5, 0.975], "rotation": 270, "texture": "#0"},
				"up": {"uv": [0, 0, 0.975, 5.825], "rotation": 270, "texture": "#0"},
				"down": {"uv": [0, 0, 0.975, 5.825], "rotation": 270, "texture": "#0"}
			}
		},
		{
			"from": [4.44599, 22.86367, 7.725],
			"to": [5.27099, 23.08867, 9.275],
			"rotation": {"angle": 22.5, "axis": "z", "origin": [-1.7982, 26.96367, 8.4875]},
			"faces": {
				"north": {"uv": [0, 0, 0.225, 0.825], "rotation": 90, "texture": "#0"},
				"east": {"uv": [0, 0, 0.225, 1.55], "rotation": 270, "texture": "#0"},
				"south": {"uv": [0, 0, 0.225, 0.825], "rotation": 270, "texture": "#0"},
				"west": {"uv": [0, 0, 0.225, 1.55], "rotation": 270, "texture": "#0"},
				"up": {"uv": [0, 0, 1.55, 0.825], "rotation": 270, "texture": "#0"},
				"down": {"uv": [0, 0, 1.55, 0.825], "rotation": 270, "texture": "#0"}
			}
		},
		{
			"from": [0.57099, 22.86367, 7.725],
			"to": [3.27099, 23.08867, 9.275],
			"rotation": {"angle": 22.5, "axis": "z", "origin": [-1.7982, 26.96367, 8.4875]},
			"faces": {
				"north": {"uv": [0, 0, 0.225, 2.7], "rotation": 90, "texture": "#0"},
				"east": {"uv": [0, 0, 0.225, 1.55], "rotation": 270, "texture": "#0"},
				"south": {"uv": [0, 0, 0.225, 2.7], "rotation": 270, "texture": "#0"},
				"west": {"uv": [0, 0, 0.225, 1.55], "rotation": 270, "texture": "#0"},
				"up": {"uv": [0, 0, 1.55, 2.7], "rotation": 270, "texture": "#0"},
				"down": {"uv": [0, 0, 1.55, 2.7], "rotation": 270, "texture": "#0"}
			}
		},
		{
			"from": [-4.65401, 22.21367, 7.725],
			"to": [-2.07901, 22.43867, 9.275],
			"rotation": {"angle": 22.5, "axis": "z", "origin": [-1.7982, 26.96367, 8.4875]},
			"faces": {
				"north": {"uv": [0, 0, 0.225, 2.575], "rotation": 90, "texture": "#0"},
				"east": {"uv": [0, 0, 0.225, 1.55], "rotation": 270, "texture": "#0"},
				"south": {"uv": [0, 0, 0.225, 2.575], "rotation": 270, "texture": "#0"},
				"west": {"uv": [0, 0, 0.225, 1.55], "rotation": 270, "texture": "#0"},
				"up": {"uv": [0, 0, 1.55, 2.575], "rotation": 270, "texture": "#0"},
				"down": {"uv": [0, 0, 1.55, 2.575], "rotation": 270, "texture": "#0"}
			}
		},
		{
			"from": [-1.65401, 22.21367, 7.725],
			"to": [0.92099, 22.43867, 9.275],
			"rotation": {"angle": 22.5, "axis": "z", "origin": [-1.7982, 26.96367, 8.4875]},
			"faces": {
				"north": {"uv": [0, 0, 0.225, 2.575], "rotation": 90, "texture": "#0"},
				"east": {"uv": [0, 0, 0.225, 1.55], "rotation": 270, "texture": "#0"},
				"south": {"uv": [0, 0, 0.225, 2.575], "rotation": 270, "texture": "#0"},
				"west": {"uv": [0, 0, 0.225, 1.55], "rotation": 270, "texture": "#0"},
				"up": {"uv": [0, 0, 1.55, 2.575], "rotation": 270, "texture": "#0"},
				"down": {"uv": [0, 0, 1.55, 2.575], "rotation": 270, "texture": "#0"}
			}
		},
		{
			"from": [0.93749, 23.08904, 7.725],
			"to": [1.16249, 23.66404, 9.275],
			"rotation": {"angle": -22.5, "axis": "z", "origin": [1.54999, 23.60154, 8.5]},
			"faces": {
				"north": {"uv": [0, 0, 0.225, 0.575], "rotation": 180, "texture": "#0"},
				"east": {"uv": [0, 0, 1.55, 0.575], "rotation": 180, "texture": "#0"},
				"south": {"uv": [0, 0, 0.225, 0.575], "rotation": 180, "texture": "#0"},
				"west": {"uv": [0, 0, 1.55, 0.575], "rotation": 180, "texture": "#0"},
				"up": {"uv": [0, 0, 0.225, 1.55], "rotation": 180, "texture": "#0"},
				"down": {"uv": [0, 0, 0.225, 1.55], "rotation": 180, "texture": "#0"}
			}
		},
		{
			"from": [1.16249, 23.26404, 7.725],
			"to": [1.38749, 23.83904, 9.275],
			"rotation": {"angle": -22.5, "axis": "z", "origin": [1.54999, 23.60154, 8.5]},
			"faces": {
				"north": {"uv": [0, 0, 0.225, 0.575], "rotation": 180, "texture": "#0"},
				"east": {"uv": [0, 0, 1.55, 0.575], "rotation": 180, "texture": "#0"},
				"south": {"uv": [0, 0, 0.225, 0.575], "rotation": 180, "texture": "#0"},
				"west": {"uv": [0, 0, 1.55, 0.575], "rotation": 180, "texture": "#0"},
				"up": {"uv": [0, 0, 0.225, 1.55], "rotation": 180, "texture": "#0"},
				"down": {"uv": [0, 0, 0.225, 1.55], "rotation": 180, "texture": "#0"}
			}
		},
		{
			"from": [0.71249, 22.88904, 7.725],
			"to": [0.93749, 23.46404, 9.275],
			"rotation": {"angle": -22.5, "axis": "z", "origin": [1.54999, 23.60154, 8.5]},
			"faces": {
				"north": {"uv": [0, 0, 0.225, 0.575], "rotation": 180, "texture": "#0"},
				"east": {"uv": [0, 0, 1.55, 0.575], "rotation": 180, "texture": "#0"},
				"south": {"uv": [0, 0, 0.225, 0.575], "rotation": 180, "texture": "#0"},
				"west": {"uv": [0, 0, 1.55, 0.575], "rotation": 180, "texture": "#0"},
				"up": {"uv": [0, 0, 0.225, 1.55], "rotation": 180, "texture": "#0"},
				"down": {"uv": [0, 0, 0.225, 1.55], "rotation": 180, "texture": "#0"}
			}
		},
		{
			"from": [0.48749, 22.66404, 7.725],
			"to": [0.71249, 23.23904, 9.275],
			"rotation": {"angle": -22.5, "axis": "z", "origin": [1.54999, 23.60154, 8.5]},
			"faces": {
				"north": {"uv": [0, 0, 0.225, 0.575], "rotation": 180, "texture": "#0"},
				"east": {"uv": [0, 0, 1.55, 0.575], "rotation": 180, "texture": "#0"},
				"south": {"uv": [0, 0, 0.225, 0.575], "rotation": 180, "texture": "#0"},
				"west": {"uv": [0, 0, 1.55, 0.575], "rotation": 180, "texture": "#0"},
				"up": {"uv": [0, 0, 0.225, 1.55], "rotation": 180, "texture": "#0"},
				"down": {"uv": [0, 0, 0.225, 1.55], "rotation": 180, "texture": "#0"}
			}
		},
		{
			"from": [0.26249, 22.43904, 7.725],
			"to": [0.48749, 23.01404, 9.275],
			"rotation": {"angle": -22.5, "axis": "z", "origin": [1.54999, 23.60154, 8.5]},
			"faces": {
				"north": {"uv": [0, 0, 0.225, 0.575], "rotation": 180, "texture": "#0"},
				"east": {"uv": [0, 0, 1.55, 0.575], "rotation": 180, "texture": "#0"},
				"south": {"uv": [0, 0, 0.225, 0.575], "rotation": 180, "texture": "#0"},
				"west": {"uv": [0, 0, 1.55, 0.575], "rotation": 180, "texture": "#0"},
				"up": {"uv": [0, 0, 0.225, 1.55], "rotation": 180, "texture": "#0"},
				"down": {"uv": [0, 0, 0.225, 1.55], "rotation": 180, "texture": "#0"}
			}
		},
		{
			"from": [0.69599, 22.21367, 7.725],
			"to": [0.87099, 22.98867, 9.275],
			"rotation": {"angle": 22.5, "axis": "z", "origin": [-1.7982, 26.96367, 8.4875]},
			"faces": {
				"north": {"uv": [0, 0, 0.775, 0.175], "rotation": 90, "texture": "#0"},
				"east": {"uv": [0, 0, 0.775, 1.55], "rotation": 270, "texture": "#0"},
				"south": {"uv": [0, 0, 0.775, 0.175], "rotation": 270, "texture": "#0"},
				"west": {"uv": [0, 0, 0.775, 1.55], "rotation": 270, "texture": "#0"},
				"up": {"uv": [0, 0, 1.55, 0.175], "rotation": 270, "texture": "#0"},
				"down": {"uv": [0, 0, 1.55, 0.175], "rotation": 270, "texture": "#0"}
			}
		},
		{
			"from": [2.34599, 22.48867, 7.725],
			"to": [4.87099, 22.71367, 9.275],
			"rotation": {"angle": 22.5, "axis": "z", "origin": [-1.7982, 26.96367, 8.4875]},
			"faces": {
				"north": {"uv": [0, 0, 0.225, 2.525], "rotation": 90, "texture": "#0"},
				"east": {"uv": [0, 0, 0.225, 1.55], "rotation": 270, "texture": "#0"},
				"south": {"uv": [0, 0, 0.225, 2.525], "rotation": 270, "texture": "#0"},
				"west": {"uv": [0, 0, 0.225, 1.55], "rotation": 270, "texture": "#0"},
				"up": {"uv": [0, 0, 1.55, 2.525], "rotation": 270, "texture": "#0"},
				"down": {"uv": [0, 0, 1.55, 2.525], "rotation": 270, "texture": "#0"}
			}
		},
		{
			"from": [3.82895, 25.28945, 7.725],
			"to": [5.65395, 25.51445, 9.275],
			"rotation": {"angle": 45, "axis": "z", "origin": [5.24145, 25.40195, 8.5]},
			"faces": {
				"north": {"uv": [0, 0, 0.225, 1.825], "rotation": 90, "texture": "#0"},
				"east": {"uv": [0, 0, 0.225, 1.55], "rotation": 270, "texture": "#0"},
				"south": {"uv": [0, 0, 0.225, 1.825], "rotation": 270, "texture": "#0"},
				"west": {"uv": [0, 0, 0.225, 1.55], "rotation": 270, "texture": "#0"},
				"up": {"uv": [0, 0, 1.55, 1.825], "rotation": 270, "texture": "#0"},
				"down": {"uv": [0, 0, 1.55, 1.825], "rotation": 270, "texture": "#0"}
			}
		},
		{
			"from": [2.57895, 25.78945, 7.725],
			"to": [4.40395, 26.01445, 9.275],
			"rotation": {"angle": 45, "axis": "z", "origin": [5.24145, 25.40195, 8.5]},
			"faces": {
				"north": {"uv": [0, 0, 0.225, 1.825], "rotation": 90, "texture": "#0"},
				"east": {"uv": [0, 0, 0.225, 1.55], "rotation": 270, "texture": "#0"},
				"south": {"uv": [0, 0, 0.225, 1.825], "rotation": 270, "texture": "#0"},
				"west": {"uv": [0, 0, 0.225, 1.55], "rotation": 270, "texture": "#0"},
				"up": {"uv": [0, 0, 1.55, 1.825], "rotation": 270, "texture": "#0"},
				"down": {"uv": [0, 0, 1.55, 1.825], "rotation": 270, "texture": "#0"}
			}
		},
		{
			"from": [-2.55401, 23.08867, 8.025],
			"to": [5.22099, 24.08867, 8.95],
			"rotation": {"angle": 22.5, "axis": "z", "origin": [-1.7982, 26.96367, 8.4875]},
			"faces": {
				"north": {"uv": [0, 0, 1, 7.775], "rotation": 90, "texture": "#0"},
				"east": {"uv": [0, 0, 1, 0.925], "rotation": 270, "texture": "#0"},
				"south": {"uv": [0, 0, 1, 7.775], "rotation": 270, "texture": "#0"},
				"west": {"uv": [0, 0, 1, 0.925], "rotation": 270, "texture": "#0"},
				"up": {"uv": [0, 0, 0.925, 7.775], "rotation": 270, "texture": "#0"},
				"down": {"uv": [0, 0, 0.925, 7.775], "rotation": 270, "texture": "#0"}
			}
		},
		{
			"from": [11.84072, 28.19716, 8],
			"to": [12.91572, 29.44716, 8.975],
			"rotation": {"angle": 45, "axis": "z", "origin": [14.25322, 27.94716, 8.4875]},
			"faces": {
				"north": {"uv": [0, 0, 1.25, 1.075], "rotation": 90, "texture": "#0"},
				"east": {"uv": [0, 0, 1.25, 0.975], "rotation": 270, "texture": "#0"},
				"south": {"uv": [0, 0, 1.25, 1.075], "rotation": 270, "texture": "#0"},
				"west": {"uv": [0, 0, 1.25, 0.975], "rotation": 270, "texture": "#0"},
				"up": {"uv": [0, 0, 0.975, 1.075], "rotation": 270, "texture": "#0"},
				"down": {"uv": [0, 0, 0.975, 1.075], "rotation": 270, "texture": "#0"}
			}
		}
	],
	"display": {
		"thirdperson_righthand": {
			"rotation": [35, -90, 0],
			"translation": [1, 4.75, 0.25],
			"scale": [0.52, 0.52, 0.52]
		},
		"thirdperson_lefthand": {
			"rotation": [37, 90, 0],
			"translation": [0, 4.5, 0.5],
			"scale": [0.48, 0.48, 0.48]
		},
		"firstperson_righthand": {
			"rotation": [0, -106, 0],
			"translation": [4.25, 3.25, -1.75],
			"scale": [0.52, 0.52, 0.52]
		},
		"firstperson_lefthand": {
			"rotation": [0, 90, 0],
			"translation": [0, 5.25, 0],
			"scale": [0.48, 0.48, 0.48]
		},
		"ground": {
			"translation": [-3, 3.25, 0],
			"scale": [0.51, 0.51, 0.51]
		},
		"gui": {
			"rotation": [0, 0, 37],
			"translation": [0, -3, 0],
			"scale": [0.38, 0.38, 0.38]
		},
		"fixed": {
			"translation": [-3, 2.5, -2]
		}
	},
	"groups": [
		{
			"name": "group",
			"origin": [0, 0, 0],
			"color": 0,
			"children": [
				{
					"name": "raczka",
					"origin": [8, 8, 8],
					"color": 0,
					"children": [0, 1, 2, 3, 4, 5, 6, 7, 8, 9, 10, 11, 12, 13, 14, 15, 16, 17, 18, 19, 20, 21, 22, 23, 24, 25, 26, 27, 28, 29, 30, 31, 32, 33, 34, 35, 36, 37, 38, 39, 40, 41, 42, 43, 44, 45, 46, 47, 48, 49, 50, 51, 52, 53]
				},
				{
					"name": "gwiazda",
					"origin": [0, 0, 0],
					"color": 0,
					"children": [
						54,
						55,
						56,
						57,
						58,
						59,
						60,
						61,
						62,
						63,
						64,
						{
							"name": "gwiazda",
							"origin": [0, 0, 0],
							"color": 0,
							"children": [65, 66, 67, 68, 69, 70, 71, 72, 73, 74, 75]
						}
					]
				},
				{
					"name": "group",
					"origin": [8, 8, 8],
					"color": 0,
					"children": [76, 77, 78, 79, 80, 81, 82, 83, 84, 85, 86, 87, 88, 89, 90, 91, 92, 93, 94, 95, 96, 97, 98, 99, 100, 101, 102, 103, 104, 105, 106, 107, 108, 109, 110, 111, 112, 113, 114, 115, 116, 117, 118, 119, 120, 121, 122, 123, 124, 125, 126, 127, 128, 129, 130]
				}
			]
		}
	]
}