{
	"credit": "Made with Blockbench",
	"textures": {
		"0": "block/red_concrete",
		"1": "block/furnace_front",
		"2": "block/black_wool",
		"particle": "block/red_concrete"
	},
	"elements": [
		{
			"from": [0.25, 0, 7.725],
			"to": [0.75, 2.25, 8.225],
			"rotation": {"angle": 45, "axis": "y", "origin": [0, 0, 0], "rescale": true},
			"faces": {
				"north": {"uv": [0, 0, 0.5, 2.25], "texture": "#2"},
				"east": {"uv": [0, 0, 0.5, 2.25], "texture": "#2"},
				"south": {"uv": [0, 0, 0.5, 2.25], "texture": "#2"},
				"west": {"uv": [0, 0, 0.5, 2.25], "texture": "#2"},
				"up": {"uv": [0, 0, 0.5, 0.5], "texture": "#2"},
				"down": {"uv": [0, 0, 0.5, 0.5], "texture": "#2"}
			}
		},
		{
			"from": [7.75, 2.25, 6.75],
			"to": [9.25, 2.5, 8.25],
			"faces": {
				"north": {"uv": [0, 0, 1.5, 0.25], "texture": "#2"},
				"east": {"uv": [0, 0, 1.5, 0.25], "texture": "#2"},
				"south": {"uv": [0, 0, 1.5, 0.25], "texture": "#2"},
				"west": {"uv": [0, 0, 1.5, 0.25], "texture": "#2"},
				"up": {"uv": [0, 0, 1.5, 1.5], "texture": "#2"},
				"down": {"uv": [0, 0, 1.5, 1.5], "texture": "#2"}
			}
		},
		{
			"from": [5.5, -3, 7.025],
			"to": [6.75, -2.25, 8],
			"rotation": {"angle": 45, "axis": "z", "origin": [0, 0, 0], "rescale": true},
			"faces": {
				"north": {"uv": [0, 0, 1.25, 0.75], "texture": "#0"},
				"east": {"uv": [0, 0, 0.975, 0.75], "texture": "#0"},
				"south": {"uv": [0, 0, 1.25, 0.75], "texture": "#0"},
				"west": {"uv": [0, 0, 0.975, 0.75], "texture": "#0"},
				"up": {"uv": [0, 0, 1.25, 0.975], "texture": "#0"},
				"down": {"uv": [0, 0, 1.25, 0.975], "texture": "#0"}
			}
		},
		{
			"from": [1.75, 5.5, 7],
			"to": [2.75, 6.25, 7.975],
			"rotation": {"angle": -45, "axis": "z", "origin": [0, 0, 0], "rescale": true},
			"faces": {
				"north": {"uv": [0, 0, 1, 0.75], "texture": "#0"},
				"east": {"uv": [0, 0, 0.975, 0.75], "texture": "#0"},
				"south": {"uv": [0, 0, 1, 0.75], "texture": "#0"},
				"west": {"uv": [0, 0, 0.975, 0.75], "texture": "#0"},
				"up": {"uv": [0, 0, 1, 0.975], "texture": "#0"},
				"down": {"uv": [0, 0, 1, 0.975], "texture": "#0"}
			}
		},
		{
			"from": [8.25, 2.5, 7.25],
			"to": [8.75, 13, 7.75],
			"faces": {
				"north": {"uv": [0, 0, 0.5, 10.5], "texture": "#1"},
				"east": {"uv": [0, 0, 0.5, 10.5], "texture": "#1"},
				"south": {"uv": [0, 0, 0.5, 10.5], "texture": "#1"},
				"west": {"uv": [0, 0, 0.5, 10.5], "texture": "#1"},
				"up": {"uv": [0, 0, 0.5, 0.5], "texture": "#1"},
				"down": {"uv": [0, 0, 0.5, 0.5], "texture": "#1"}
			}
		}
	],
	"display": {
		"thirdperson_righthand": {
			"rotation": [0, 90, 0],
			"translation": [0.5, 8.5, 0.25],
			"scale": [1.43, 1.43, 1.43]
		},
		"thirdperson_lefthand": {
			"rotation": [0, 90, 0],
			"translation": [0.75, 8.25, -1.25],
			"scale": [1.39, 1.39, 1.39]
		},
		"firstperson_righthand": {
			"rotation": [0, 90, 0],
			"translation": [1.75, 8.75, 2.25],
			"scale": [1.22, 1.22, 1.22]
		},
		"firstperson_lefthand": {
			"rotation": [0, 90, 0],
			"translation": [2.5, 8.5, 0.75],
			"scale": [1.35, 1.35, 1.35]
		},
		"ground": {
			"rotation": [0, 0, 43],
			"translation": [0, 5.25, 0],
			"scale": [1.78, 1.78, 1.78]
		},
		"gui": {
			"rotation": [0, 0, 41],
			"translation": [-2.25, 2, 0],
			"scale": [1.43, 1.43, 1.43]
		}
	},
	"groups": [
		{
			"name": "group",
			"origin": [0, 0, 0],
			"color": 0,
			"children": [0, 1, 2, 3]
		},
		{
			"name": "group",
			"origin": [0, 0, 0],
			"color": 0,
			"children": [4]
		}
	]
}