{
	"credit": "Made with Blockbench",
	"textures": {
		"2": "block/black_concrete",
		"3": "block/gray_concrete",
		"5": "block/light_blue_concrete",
		"particle": "block/black_concrete"
	},
	"elements": [
		{
			"from": [7.04289, 0.04289, 8.1875],
			"to": [8.04289, 0.54289, 8.8125],
			"rotation": {"angle": 0, "axis": "y", "origin": [15.04289, 8.04289, 16]},
			"faces": {
				"north": {"uv": [9.25, 10.25, 10.25, 10.75], "texture": "#2"},
				"east": {"uv": [9.5, 9, 10.5, 9.5], "texture": "#2"},
				"south": {"uv": [9.25, 9.75, 10.25, 10.25], "texture": "#2"},
				"west": {"uv": [8.75, 9.25, 9.75, 9.75], "texture": "#2"},
				"up": {"uv": [10.25, 10, 10.75, 10.5], "texture": "#2"},
				"down": {"uv": [10, 9.5, 10.5, 10], "texture": "#2"}
			}
		},
		{
			"from": [6.33579, 0.75, 8.1875],
			"to": [6.83579, 1.75, 8.8125],
			"rotation": {"angle": 0, "axis": "z", "origin": [6.58579, 1.25, 8.5]},
			"faces": {
				"north": {"uv": [9.5, 10, 10.5, 10.5], "rotation": 270, "texture": "#2"},
				"east": {"uv": [9.75, 8.75, 10.75, 9.25], "rotation": 90, "texture": "#2"},
				"south": {"uv": [9.5, 9.5, 10.5, 10], "rotation": 90, "texture": "#2"},
				"west": {"uv": [9, 9, 10, 9.5], "rotation": 90, "texture": "#2"},
				"up": {"uv": [10.5, 9.75, 11, 10.25], "rotation": 90, "texture": "#2"},
				"down": {"uv": [10.25, 9.25, 10.75, 9.75], "rotation": 90, "texture": "#2"}
			}
		},
		{
			"from": [8.25, 0.75, 8.1875],
			"to": [8.75, 1.75, 8.8125],
			"rotation": {"angle": 0, "axis": "z", "origin": [8.5, 1.25, 8.5]},
			"faces": {
				"north": {"uv": [9.5, 10.25, 10.5, 10.75], "rotation": 270, "texture": "#2"},
				"east": {"uv": [9.75, 9, 10.75, 9.5], "rotation": 90, "texture": "#2"},
				"south": {"uv": [9.5, 9.75, 10.5, 10.25], "rotation": 90, "texture": "#2"},
				"west": {"uv": [9, 9.25, 10, 9.75], "rotation": 90, "texture": "#2"},
				"up": {"uv": [10.5, 10, 11, 10.5], "rotation": 90, "texture": "#2"},
				"down": {"uv": [10.25, 9.5, 10.75, 10], "rotation": 90, "texture": "#2"}
			}
		},
		{
			"from": [7.04289, 1.95711, 8.1875],
			"to": [8.04289, 2.45711, 8.8125],
			"rotation": {"angle": 0, "axis": "y", "origin": [15.04289, 9.95711, 16]},
			"faces": {
				"north": {"uv": [9.25, 10.25, 10.25, 10.75], "texture": "#2"},
				"east": {"uv": [9.5, 9, 10.5, 9.5], "texture": "#2"},
				"south": {"uv": [9.25, 9.75, 10.25, 10.25], "texture": "#2"},
				"west": {"uv": [8.75, 9.25, 9.75, 9.75], "texture": "#2"},
				"up": {"uv": [10.25, 10, 10.75, 10.5], "texture": "#2"},
				"down": {"uv": [10, 9.5, 10.5, 10], "texture": "#2"}
			}
		},
		{
			"from": [6.23528, 2.24673, 8.125],
			"to": [7.29778, 6.05923, 8.875],
			"rotation": {"angle": 0, "axis": "y", "origin": [14.23528, 10.24673, 16]},
			"faces": {
				"north": {"uv": [3.5, 11.75, 4.75, 12.25], "texture": "#3"},
				"east": {"uv": [4, 11.25, 4.5, 11.75], "texture": "#3"},
				"south": {"uv": [4, 12.5, 5.25, 13], "texture": "#3"},
				"west": {"uv": [3.5, 10.75, 4, 11.25], "texture": "#3"},
				"up": {"uv": [3.25, 11.25, 4.5, 11.75], "texture": "#3"},
				"down": {"uv": [3.75, 11, 5, 11.5], "texture": "#3"}
			}
		},
		{
			"from": [6.48528, 3.04673, 8.1],
			"to": [7.04778, 5.80923, 8.9],
			"rotation": {"angle": 0, "axis": "y", "origin": [14.23528, 10.24673, 16]},
			"faces": {
				"north": {"uv": [2.5, 2.5, 3.75, 3], "texture": "#2"},
				"east": {"uv": [3, 2, 3.5, 2.5], "texture": "#2"},
				"south": {"uv": [3, 3.25, 4.25, 3.75], "texture": "#2"},
				"west": {"uv": [2.5, 1.5, 3, 2], "texture": "#2"},
				"up": {"uv": [2.25, 2, 3.5, 2.5], "texture": "#2"},
				"down": {"uv": [2.75, 1.75, 4, 2.25], "texture": "#2"}
			}
		},
		{
			"from": [6.11028, 2.24673, 8.25],
			"to": [6.23528, 6.05923, 8.75],
			"rotation": {"angle": 0, "axis": "y", "origin": [13.98528, 10.24673, 16]},
			"faces": {
				"north": {"uv": [3.25, 3.75, 4.5, 4.25], "texture": "#2"},
				"east": {"uv": [3.75, 3.75, 4.25, 4.25], "texture": "#2"},
				"south": {"uv": [3.75, 3.5, 5, 4], "texture": "#2"},
				"west": {"uv": [3, 3.5, 3.5, 4], "texture": "#2"},
				"up": {"uv": [2.75, 3.25, 4, 3.75], "texture": "#2"},
				"down": {"uv": [3.5, 3.25, 4.75, 3.75], "texture": "#2"}
			}
		},
		{
			"from": [6.17278, 6.05923, 8.25],
			"to": [6.29778, 6.18423, 8.75],
			"rotation": {"angle": 0, "axis": "y", "origin": [14.04778, 10.30923, 16]},
			"faces": {
				"north": {"uv": [3.25, 3.75, 4.5, 4.25], "texture": "#2"},
				"east": {"uv": [3.75, 3.75, 4.25, 4.25], "texture": "#2"},
				"south": {"uv": [3.75, 3.5, 5, 4], "texture": "#2"},
				"west": {"uv": [3, 3.5, 3.5, 4], "texture": "#2"},
				"up": {"uv": [2.75, 3.25, 4, 3.75], "texture": "#2"},
				"down": {"uv": [3.5, 3.25, 4.75, 3.75], "texture": "#2"}
			}
		},
		{
			"from": [6.23528, 7.68423, 8.25],
			"to": [6.29778, 7.87173, 8.75],
			"rotation": {"angle": 0, "axis": "y", "origin": [14.04778, 11.93423, 16]},
			"faces": {
				"north": {"uv": [3.25, 3.75, 4.5, 4.25], "texture": "#2"},
				"east": {"uv": [3.75, 3.75, 4.25, 4.25], "texture": "#2"},
				"south": {"uv": [3.75, 3.5, 5, 4], "texture": "#2"},
				"west": {"uv": [3, 3.5, 3.5, 4], "texture": "#2"},
				"up": {"uv": [2.75, 3.25, 4, 3.75], "texture": "#2"},
				"down": {"uv": [3.5, 3.25, 4.75, 3.75], "texture": "#2"}
			}
		},
		{
			"from": [6.23528, 6.18423, 8.25],
			"to": [6.36028, 6.30923, 8.75],
			"rotation": {"angle": 0, "axis": "y", "origin": [14.11028, 10.43423, 16]},
			"faces": {
				"north": {"uv": [3.25, 3.75, 4.5, 4.25], "texture": "#2"},
				"east": {"uv": [3.75, 3.75, 4.25, 4.25], "texture": "#2"},
				"south": {"uv": [3.75, 3.5, 5, 4], "texture": "#2"},
				"west": {"uv": [3, 3.5, 3.5, 4], "texture": "#2"},
				"up": {"uv": [2.75, 3.25, 4, 3.75], "texture": "#2"},
				"down": {"uv": [3.5, 3.25, 4.75, 3.75], "texture": "#2"}
			}
		},
		{
			"from": [6.23528, 7.55923, 8.25],
			"to": [6.36028, 7.68423, 8.75],
			"rotation": {"angle": 0, "axis": "y", "origin": [14.11028, 11.80923, 16]},
			"faces": {
				"north": {"uv": [3.25, 3.75, 4.5, 4.25], "texture": "#2"},
				"east": {"uv": [3.75, 3.75, 4.25, 4.25], "texture": "#2"},
				"south": {"uv": [3.75, 3.5, 5, 4], "texture": "#2"},
				"west": {"uv": [3, 3.5, 3.5, 4], "texture": "#2"},
				"up": {"uv": [2.75, 3.25, 4, 3.75], "texture": "#2"},
				"down": {"uv": [3.5, 3.25, 4.75, 3.75], "texture": "#2"}
			}
		},
		{
			"from": [6.29778, 6.30923, 8.25],
			"to": [6.42278, 6.55923, 8.75],
			"rotation": {"angle": 0, "axis": "y", "origin": [14.17278, 10.55923, 16]},
			"faces": {
				"north": {"uv": [3.25, 3.75, 4.5, 4.25], "texture": "#2"},
				"east": {"uv": [3.75, 3.75, 4.25, 4.25], "texture": "#2"},
				"south": {"uv": [3.75, 3.5, 5, 4], "texture": "#2"},
				"west": {"uv": [3, 3.5, 3.5, 4], "texture": "#2"},
				"up": {"uv": [2.75, 3.25, 4, 3.75], "texture": "#2"},
				"down": {"uv": [3.5, 3.25, 4.75, 3.75], "texture": "#2"}
			}
		},
		{
			"from": [6.29778, 7.30923, 8.25],
			"to": [6.42278, 7.55923, 8.75],
			"rotation": {"angle": 0, "axis": "y", "origin": [14.17278, 11.55923, 16]},
			"faces": {
				"north": {"uv": [3.25, 3.75, 4.5, 4.25], "texture": "#2"},
				"east": {"uv": [3.75, 3.75, 4.25, 4.25], "texture": "#2"},
				"south": {"uv": [3.75, 3.5, 5, 4], "texture": "#2"},
				"west": {"uv": [3, 3.5, 3.5, 4], "texture": "#2"},
				"up": {"uv": [2.75, 3.25, 4, 3.75], "texture": "#2"},
				"down": {"uv": [3.5, 3.25, 4.75, 3.75], "texture": "#2"}
			}
		},
		{
			"from": [6.36028, 6.55923, 8.25],
			"to": [6.48528, 7.30923, 8.75],
			"rotation": {"angle": 0, "axis": "y", "origin": [14.23528, 10.80923, 16]},
			"faces": {
				"north": {"uv": [3.25, 3.75, 4.5, 4.25], "texture": "#2"},
				"east": {"uv": [3.75, 3.75, 4.25, 4.25], "texture": "#2"},
				"south": {"uv": [3.75, 3.5, 5, 4], "texture": "#2"},
				"west": {"uv": [3, 3.5, 3.5, 4], "texture": "#2"},
				"up": {"uv": [2.75, 3.25, 4, 3.75], "texture": "#2"},
				"down": {"uv": [3.5, 3.25, 4.75, 3.75], "texture": "#2"}
			}
		},
		{
			"from": [6.42278, 6.43423, 8.125],
			"to": [7.42278, 6.55923, 8.875],
			"rotation": {"angle": 0, "axis": "y", "origin": [14.23528, 12.49673, 16]},
			"faces": {
				"north": {"uv": [3.5, 11.75, 4.75, 12.25], "texture": "#2"},
				"east": {"uv": [4, 11.25, 4.5, 11.75], "texture": "#2"},
				"south": {"uv": [4, 12.5, 5.25, 13], "texture": "#2"},
				"west": {"uv": [3.5, 10.75, 4, 11.25], "texture": "#2"},
				"up": {"uv": [3.25, 11.25, 4.5, 11.75], "texture": "#2"},
				"down": {"uv": [3.75, 11, 5, 11.5], "texture": "#2"}
			}
		},
		{
			"from": [6.29778, 6.05923, 8.125],
			"to": [7.36028, 6.18423, 8.875],
			"rotation": {"angle": 0, "axis": "y", "origin": [14.17278, 12.05923, 16]},
			"faces": {
				"north": {"uv": [3.5, 11.75, 4.75, 12.25], "texture": "#3"},
				"east": {"uv": [4, 11.25, 4.5, 11.75], "texture": "#3"},
				"south": {"uv": [4, 12.5, 5.25, 13], "texture": "#3"},
				"west": {"uv": [3.5, 10.75, 4, 11.25], "texture": "#3"},
				"up": {"uv": [3.25, 11.25, 4.5, 11.75], "texture": "#3"},
				"down": {"uv": [3.75, 11, 5, 11.5], "texture": "#3"}
			}
		},
		{
			"from": [6.36028, 6.18423, 8.125],
			"to": [7.36028, 6.30923, 8.875],
			"rotation": {"angle": 0, "axis": "y", "origin": [14.17278, 12.18423, 16]},
			"faces": {
				"north": {"uv": [3.5, 11.75, 4.75, 12.25], "texture": "#3"},
				"east": {"uv": [4, 11.25, 4.5, 11.75], "texture": "#3"},
				"south": {"uv": [4, 12.5, 5.25, 13], "texture": "#3"},
				"west": {"uv": [3.5, 10.75, 4, 11.25], "texture": "#3"},
				"up": {"uv": [3.25, 11.25, 4.5, 11.75], "texture": "#3"},
				"down": {"uv": [3.75, 11, 5, 11.5], "texture": "#3"}
			}
		},
		{
			"from": [6.42278, 6.30923, 8.125],
			"to": [7.36028, 6.43423, 8.875],
			"rotation": {"angle": 0, "axis": "y", "origin": [14.17278, 12.30923, 16]},
			"faces": {
				"north": {"uv": [3.5, 11.75, 4.75, 12.25], "texture": "#3"},
				"east": {"uv": [4, 11.25, 4.5, 11.75], "texture": "#3"},
				"south": {"uv": [4, 12.5, 5.25, 13], "texture": "#3"},
				"west": {"uv": [3.5, 10.75, 4, 11.25], "texture": "#3"},
				"up": {"uv": [3.25, 11.25, 4.5, 11.75], "texture": "#3"},
				"down": {"uv": [3.75, 11, 5, 11.5], "texture": "#3"}
			}
		},
		{
			"from": [6.48528, 6.55923, 8.125],
			"to": [7.54778, 6.68423, 8.875],
			"rotation": {"angle": 0, "axis": "y", "origin": [14.23528, 12.55923, 16]},
			"faces": {
				"north": {"uv": [3.5, 11.75, 4.75, 12.25], "texture": "#2"},
				"east": {"uv": [4, 11.25, 4.5, 11.75], "texture": "#2"},
				"south": {"uv": [4, 12.5, 5.25, 13], "texture": "#2"},
				"west": {"uv": [3.5, 10.75, 4, 11.25], "texture": "#2"},
				"up": {"uv": [3.25, 11.25, 4.5, 11.75], "texture": "#2"},
				"down": {"uv": [3.75, 11, 5, 11.5], "texture": "#2"}
			}
		},
		{
			"from": [6.48528, 6.68423, 8.125],
			"to": [7.86028, 6.80923, 8.875],
			"rotation": {"angle": 0, "axis": "y", "origin": [14.29778, 12.68423, 16]},
			"faces": {
				"north": {"uv": [3.5, 11.75, 4.75, 12.25], "texture": "#2"},
				"east": {"uv": [4, 11.25, 4.5, 11.75], "texture": "#2"},
				"south": {"uv": [4, 12.5, 5.25, 13], "texture": "#2"},
				"west": {"uv": [3.5, 10.75, 4, 11.25], "texture": "#2"},
				"up": {"uv": [3.25, 11.25, 4.5, 11.75], "texture": "#2"},
				"down": {"uv": [3.75, 11, 5, 11.5], "texture": "#2"}
			}
		},
		{
			"from": [6.48528, 6.80923, 8.125],
			"to": [8.29778, 7.05923, 8.875],
			"rotation": {"angle": 0, "axis": "y", "origin": [14.36028, 12.80923, 16]},
			"faces": {
				"north": {"uv": [3.5, 11.75, 4.75, 12.25], "texture": "#2"},
				"east": {"uv": [4, 11.25, 4.5, 11.75], "texture": "#2"},
				"south": {"uv": [4, 12.5, 5.25, 13], "texture": "#2"},
				"west": {"uv": [3.5, 10.75, 4, 11.25], "texture": "#2"},
				"up": {"uv": [3.25, 11.25, 4.5, 11.75], "texture": "#2"},
				"down": {"uv": [3.75, 11, 5, 11.5], "texture": "#2"}
			}
		},
		{
			"from": [8.29778, 6.80923, 8.1875],
			"to": [8.36028, 7.05923, 8.8125],
			"rotation": {"angle": 0, "axis": "y", "origin": [14.36028, 12.80923, 16]},
			"faces": {
				"north": {"uv": [3.25, 3.75, 4.5, 4.25], "texture": "#2"},
				"east": {"uv": [3.75, 3.75, 4.25, 4.25], "texture": "#2"},
				"south": {"uv": [3.75, 3.5, 5, 4], "texture": "#2"},
				"west": {"uv": [3, 3.5, 3.5, 4], "texture": "#2"},
				"up": {"uv": [2.75, 3.25, 4, 3.75], "texture": "#2"},
				"down": {"uv": [3.5, 3.25, 4.75, 3.75], "texture": "#2"}
			}
		},
		{
			"from": [7.98528, 7.05923, 8.1875],
			"to": [8.29778, 7.12173, 8.8125],
			"rotation": {"angle": 0, "axis": "y", "origin": [14.36028, 12.87173, 16]},
			"faces": {
				"north": {"uv": [3.25, 3.75, 4.5, 4.25], "texture": "#2"},
				"east": {"uv": [3.75, 3.75, 4.25, 4.25], "texture": "#2"},
				"south": {"uv": [3.75, 3.5, 5, 4], "texture": "#2"},
				"west": {"uv": [3, 3.5, 3.5, 4], "texture": "#2"},
				"up": {"uv": [2.75, 3.25, 4, 3.75], "texture": "#2"},
				"down": {"uv": [3.5, 3.25, 4.75, 3.75], "texture": "#2"}
			}
		},
		{
			"from": [7.92278, 6.74673, 8.1875],
			"to": [8.29778, 6.80923, 8.8125],
			"rotation": {"angle": 0, "axis": "y", "origin": [14.36028, 12.55923, 16]},
			"faces": {
				"north": {"uv": [3.25, 3.75, 4.5, 4.25], "texture": "#2"},
				"east": {"uv": [3.75, 3.75, 4.25, 4.25], "texture": "#2"},
				"south": {"uv": [3.75, 3.5, 5, 4], "texture": "#2"},
				"west": {"uv": [3, 3.5, 3.5, 4], "texture": "#2"},
				"up": {"uv": [2.75, 3.25, 4, 3.75], "texture": "#2"},
				"down": {"uv": [3.5, 3.25, 4.75, 3.75], "texture": "#2"}
			}
		},
		{
			"from": [7.54778, 6.62173, 8.1875],
			"to": [7.86028, 6.68423, 8.8125],
			"rotation": {"angle": 0, "axis": "y", "origin": [14.04778, 12.43423, 16]},
			"faces": {
				"north": {"uv": [3.25, 3.75, 4.5, 4.25], "texture": "#2"},
				"east": {"uv": [3.75, 3.75, 4.25, 4.25], "texture": "#2"},
				"south": {"uv": [3.75, 3.5, 5, 4], "texture": "#2"},
				"west": {"uv": [3, 3.5, 3.5, 4], "texture": "#2"},
				"up": {"uv": [2.75, 3.25, 4, 3.75], "texture": "#2"},
				"down": {"uv": [3.5, 3.25, 4.75, 3.75], "texture": "#2"}
			}
		},
		{
			"from": [7.86028, 6.62173, 8.1875],
			"to": [7.92278, 6.80923, 8.8125],
			"rotation": {"angle": 0, "axis": "y", "origin": [14.11028, 12.43423, 16]},
			"faces": {
				"north": {"uv": [3.25, 3.75, 4.5, 4.25], "texture": "#2"},
				"east": {"uv": [3.75, 3.75, 4.25, 4.25], "texture": "#2"},
				"south": {"uv": [3.75, 3.5, 5, 4], "texture": "#2"},
				"west": {"uv": [3, 3.5, 3.5, 4], "texture": "#2"},
				"up": {"uv": [2.75, 3.25, 4, 3.75], "texture": "#2"},
				"down": {"uv": [3.5, 3.25, 4.75, 3.75], "texture": "#2"}
			}
		},
		{
			"from": [7.54778, 6.55923, 8.1875],
			"to": [7.61028, 6.62173, 8.8125],
			"rotation": {"angle": 0, "axis": "y", "origin": [13.79778, 12.24673, 16]},
			"faces": {
				"north": {"uv": [3.25, 3.75, 4.5, 4.25], "texture": "#2"},
				"east": {"uv": [3.75, 3.75, 4.25, 4.25], "texture": "#2"},
				"south": {"uv": [3.75, 3.5, 5, 4], "texture": "#2"},
				"west": {"uv": [3, 3.5, 3.5, 4], "texture": "#2"},
				"up": {"uv": [2.75, 3.25, 4, 3.75], "texture": "#2"},
				"down": {"uv": [3.5, 3.25, 4.75, 3.75], "texture": "#2"}
			}
		},
		{
			"from": [7.29778, 2.43423, 8.1875],
			"to": [7.48528, 6.37173, 8.8125],
			"rotation": {"angle": 0, "axis": "y", "origin": [13.61028, 11.99673, 16]},
			"faces": {
				"north": {"uv": [3, 2.75, 4.25, 3.25], "texture": "#2"},
				"east": {"uv": [3.25, 1.75, 3.75, 2.25], "texture": "#2"},
				"south": {"uv": [3, 3, 4.25, 3.5], "texture": "#2"},
				"west": {"uv": [2.5, 2.25, 3, 2.75], "texture": "#2"},
				"up": {"uv": [2.75, 2.5, 4, 3], "texture": "#2"},
				"down": {"uv": [3.25, 3, 4.5, 3.5], "texture": "#2"}
			}
		},
		{
			"from": [7.42278, 6.43423, 8.1875],
			"to": [7.48528, 6.49673, 8.8125],
			"rotation": {"angle": 0, "axis": "y", "origin": [13.67278, 12.12173, 16]},
			"faces": {
				"north": {"uv": [3.25, 3.75, 4.5, 4.25], "texture": "#2"},
				"east": {"uv": [3.75, 3.75, 4.25, 4.25], "texture": "#2"},
				"south": {"uv": [3.75, 3.5, 5, 4], "texture": "#2"},
				"west": {"uv": [3, 3.5, 3.5, 4], "texture": "#2"},
				"up": {"uv": [2.75, 3.25, 4, 3.75], "texture": "#2"},
				"down": {"uv": [3.5, 3.25, 4.75, 3.75], "texture": "#2"}
			}
		},
		{
			"from": [7.42278, 6.49673, 8.1875],
			"to": [7.61028, 6.55923, 8.8125],
			"rotation": {"angle": 0, "axis": "y", "origin": [13.67278, 12.18423, 16]},
			"faces": {
				"north": {"uv": [3.25, 3.75, 4.5, 4.25], "texture": "#2"},
				"east": {"uv": [3.75, 3.75, 4.25, 4.25], "texture": "#2"},
				"south": {"uv": [3.75, 3.5, 5, 4], "texture": "#2"},
				"west": {"uv": [3, 3.5, 3.5, 4], "texture": "#2"},
				"up": {"uv": [2.75, 3.25, 4, 3.75], "texture": "#2"},
				"down": {"uv": [3.5, 3.25, 4.75, 3.75], "texture": "#2"}
			}
		},
		{
			"from": [7.36028, 6.37173, 8.1875],
			"to": [7.48528, 6.43423, 8.8125],
			"rotation": {"angle": 0, "axis": "y", "origin": [13.61028, 12.05923, 16]},
			"faces": {
				"north": {"uv": [3.25, 3.75, 4.5, 4.25], "texture": "#2"},
				"east": {"uv": [3.75, 3.75, 4.25, 4.25], "texture": "#2"},
				"south": {"uv": [3.75, 3.5, 5, 4], "texture": "#2"},
				"west": {"uv": [3, 3.5, 3.5, 4], "texture": "#2"},
				"up": {"uv": [2.75, 3.25, 4, 3.75], "texture": "#2"},
				"down": {"uv": [3.5, 3.25, 4.75, 3.75], "texture": "#2"}
			}
		},
		{
			"from": [7.98528, 7.12173, 8.25],
			"to": [8.04778, 7.18423, 8.75],
			"rotation": {"angle": 0, "axis": "y", "origin": [14.36028, 12.93423, 16]},
			"faces": {
				"north": {"uv": [3.25, 3.75, 4.5, 4.25], "texture": "#2"},
				"east": {"uv": [3.75, 3.75, 4.25, 4.25], "texture": "#2"},
				"south": {"uv": [3.75, 3.5, 5, 4], "texture": "#2"},
				"west": {"uv": [3, 3.5, 3.5, 4], "texture": "#2"},
				"up": {"uv": [2.75, 3.25, 4, 3.75], "texture": "#2"},
				"down": {"uv": [3.5, 3.25, 4.75, 3.75], "texture": "#2"}
			}
		},
		{
			"from": [7.67278, 7.24673, 8.25],
			"to": [7.73528, 7.30923, 8.75],
			"rotation": {"angle": 0, "axis": "y", "origin": [14.04778, 13.05923, 16]},
			"faces": {
				"north": {"uv": [3.25, 3.75, 4.5, 4.25], "texture": "#2"},
				"east": {"uv": [3.75, 3.75, 4.25, 4.25], "texture": "#2"},
				"south": {"uv": [3.75, 3.5, 5, 4], "texture": "#2"},
				"west": {"uv": [3, 3.5, 3.5, 4], "texture": "#2"},
				"up": {"uv": [2.75, 3.25, 4, 3.75], "texture": "#2"},
				"down": {"uv": [3.5, 3.25, 4.75, 3.75], "texture": "#2"}
			}
		},
		{
			"from": [7.48528, 7.37173, 8.25],
			"to": [7.54778, 7.43423, 8.75],
			"rotation": {"angle": 0, "axis": "y", "origin": [13.86028, 13.18423, 16]},
			"faces": {
				"north": {"uv": [3.25, 3.75, 4.5, 4.25], "texture": "#2"},
				"east": {"uv": [3.75, 3.75, 4.25, 4.25], "texture": "#2"},
				"south": {"uv": [3.75, 3.5, 5, 4], "texture": "#2"},
				"west": {"uv": [3, 3.5, 3.5, 4], "texture": "#2"},
				"up": {"uv": [2.75, 3.25, 4, 3.75], "texture": "#2"},
				"down": {"uv": [3.5, 3.25, 4.75, 3.75], "texture": "#2"}
			}
		},
		{
			"from": [7.36028, 7.49673, 8.1875],
			"to": [7.42278, 7.55923, 8.8125],
			"rotation": {"angle": 0, "axis": "y", "origin": [13.73528, 13.30923, 16]},
			"faces": {
				"north": {"uv": [3.25, 3.75, 4.5, 4.25], "texture": "#2"},
				"east": {"uv": [3.75, 3.75, 4.25, 4.25], "texture": "#2"},
				"south": {"uv": [3.75, 3.5, 5, 4], "texture": "#2"},
				"west": {"uv": [3, 3.5, 3.5, 4], "texture": "#2"},
				"up": {"uv": [2.75, 3.25, 4, 3.75], "texture": "#2"},
				"down": {"uv": [3.5, 3.25, 4.75, 3.75], "texture": "#2"}
			}
		},
		{
			"from": [7.36028, 7.68423, 8.1875],
			"to": [7.42278, 7.99673, 8.8125],
			"rotation": {"angle": 0, "axis": "y", "origin": [13.73528, 13.49673, 16]},
			"faces": {
				"north": {"uv": [3.25, 3.75, 4.5, 4.25], "texture": "#2"},
				"east": {"uv": [3.75, 3.75, 4.25, 4.25], "texture": "#2"},
				"south": {"uv": [3.75, 3.5, 5, 4], "texture": "#2"},
				"west": {"uv": [3, 3.5, 3.5, 4], "texture": "#2"},
				"up": {"uv": [2.75, 3.25, 4, 3.75], "texture": "#2"},
				"down": {"uv": [3.5, 3.25, 4.75, 3.75], "texture": "#2"}
			}
		},
		{
			"from": [7.11028, 7.93423, 8.1875],
			"to": [7.36028, 7.99673, 8.8125],
			"rotation": {"angle": 0, "axis": "y", "origin": [13.73528, 13.49673, 16]},
			"faces": {
				"north": {"uv": [3.25, 3.75, 4.5, 4.25], "texture": "#2"},
				"east": {"uv": [3.75, 3.75, 4.25, 4.25], "texture": "#2"},
				"south": {"uv": [3.75, 3.5, 5, 4], "texture": "#2"},
				"west": {"uv": [3, 3.5, 3.5, 4], "texture": "#2"},
				"up": {"uv": [2.75, 3.25, 4, 3.75], "texture": "#2"},
				"down": {"uv": [3.5, 3.25, 4.75, 3.75], "texture": "#2"}
			}
		},
		{
			"from": [6.86028, 7.87173, 8.1875],
			"to": [7.11028, 7.93423, 8.8125],
			"rotation": {"angle": 0, "axis": "y", "origin": [13.48528, 13.43423, 16]},
			"faces": {
				"north": {"uv": [3.25, 3.75, 4.5, 4.25], "texture": "#2"},
				"east": {"uv": [3.75, 3.75, 4.25, 4.25], "texture": "#2"},
				"south": {"uv": [3.75, 3.5, 5, 4], "texture": "#2"},
				"west": {"uv": [3, 3.5, 3.5, 4], "texture": "#2"},
				"up": {"uv": [2.75, 3.25, 4, 3.75], "texture": "#2"},
				"down": {"uv": [3.5, 3.25, 4.75, 3.75], "texture": "#2"}
			}
		},
		{
			"from": [6.48528, 7.80923, 8.1875],
			"to": [6.86028, 7.87173, 8.8125],
			"rotation": {"angle": 0, "axis": "y", "origin": [13.23528, 13.37173, 16]},
			"faces": {
				"north": {"uv": [3.25, 3.75, 4.5, 4.25], "texture": "#2"},
				"east": {"uv": [3.75, 3.75, 4.25, 4.25], "texture": "#2"},
				"south": {"uv": [3.75, 3.5, 5, 4], "texture": "#2"},
				"west": {"uv": [3, 3.5, 3.5, 4], "texture": "#2"},
				"up": {"uv": [2.75, 3.25, 4, 3.75], "texture": "#2"},
				"down": {"uv": [3.5, 3.25, 4.75, 3.75], "texture": "#2"}
			}
		},
		{
			"from": [6.23528, 7.87173, 8.25],
			"to": [6.48528, 7.93423, 8.75],
			"rotation": {"angle": 0, "axis": "y", "origin": [12.98528, 13.43423, 16]},
			"faces": {
				"north": {"uv": [3.25, 3.75, 4.5, 4.25], "texture": "#2"},
				"east": {"uv": [3.75, 3.75, 4.25, 4.25], "texture": "#2"},
				"south": {"uv": [3.75, 3.5, 5, 4], "texture": "#2"},
				"west": {"uv": [3, 3.5, 3.5, 4], "texture": "#2"},
				"up": {"uv": [2.75, 3.25, 4, 3.75], "texture": "#2"},
				"down": {"uv": [3.5, 3.25, 4.75, 3.75], "texture": "#2"}
			}
		},
		{
			"from": [7.67278, 7.18423, 8.1875],
			"to": [7.98528, 7.24673, 8.8125],
			"rotation": {"angle": 0, "axis": "y", "origin": [14.04778, 12.99673, 16]},
			"faces": {
				"north": {"uv": [3.25, 3.75, 4.5, 4.25], "texture": "#2"},
				"east": {"uv": [3.75, 3.75, 4.25, 4.25], "texture": "#2"},
				"south": {"uv": [3.75, 3.5, 5, 4], "texture": "#2"},
				"west": {"uv": [3, 3.5, 3.5, 4], "texture": "#2"},
				"up": {"uv": [2.75, 3.25, 4, 3.75], "texture": "#2"},
				"down": {"uv": [3.5, 3.25, 4.75, 3.75], "texture": "#2"}
			}
		},
		{
			"from": [7.48528, 7.30923, 8.1875],
			"to": [7.67278, 7.37173, 8.8125],
			"rotation": {"angle": 0, "axis": "y", "origin": [13.86028, 13.12173, 16]},
			"faces": {
				"north": {"uv": [3.25, 3.75, 4.5, 4.25], "texture": "#2"},
				"east": {"uv": [3.75, 3.75, 4.25, 4.25], "texture": "#2"},
				"south": {"uv": [3.75, 3.5, 5, 4], "texture": "#2"},
				"west": {"uv": [3, 3.5, 3.5, 4], "texture": "#2"},
				"up": {"uv": [2.75, 3.25, 4, 3.75], "texture": "#2"},
				"down": {"uv": [3.5, 3.25, 4.75, 3.75], "texture": "#2"}
			}
		},
		{
			"from": [7.36028, 7.43423, 8.1875],
			"to": [7.48528, 7.49673, 8.8125],
			"rotation": {"angle": 0, "axis": "y", "origin": [13.73528, 13.24673, 16]},
			"faces": {
				"north": {"uv": [3.25, 3.75, 4.5, 4.25], "texture": "#2"},
				"east": {"uv": [3.75, 3.75, 4.25, 4.25], "texture": "#2"},
				"south": {"uv": [3.75, 3.5, 5, 4], "texture": "#2"},
				"west": {"uv": [3, 3.5, 3.5, 4], "texture": "#2"},
				"up": {"uv": [2.75, 3.25, 4, 3.75], "texture": "#2"},
				"down": {"uv": [3.5, 3.25, 4.75, 3.75], "texture": "#2"}
			}
		},
		{
			"from": [7.36028, 7.55923, 8.1875],
			"to": [7.42278, 7.68423, 8.8125],
			"rotation": {"angle": 0, "axis": "y", "origin": [13.73528, 13.37173, 16]},
			"faces": {
				"north": {"uv": [3.25, 3.75, 4.5, 4.25], "texture": "#2"},
				"east": {"uv": [3.75, 3.75, 4.25, 4.25], "texture": "#2"},
				"south": {"uv": [3.75, 3.5, 5, 4], "texture": "#2"},
				"west": {"uv": [3, 3.5, 3.5, 4], "texture": "#2"},
				"up": {"uv": [2.75, 3.25, 4, 3.75], "texture": "#2"},
				"down": {"uv": [3.5, 3.25, 4.75, 3.75], "texture": "#2"}
			}
		},
		{
			"from": [6.48528, 7.05923, 8.125],
			"to": [7.98528, 7.18423, 8.875],
			"rotation": {"angle": 0, "axis": "y", "origin": [14.29778, 12.80923, 16]},
			"faces": {
				"north": {"uv": [3.5, 11.75, 4.75, 12.25], "texture": "#2"},
				"east": {"uv": [4, 11.25, 4.5, 11.75], "texture": "#2"},
				"south": {"uv": [4, 12.5, 5.25, 13], "texture": "#2"},
				"west": {"uv": [3.5, 10.75, 4, 11.25], "texture": "#2"},
				"up": {"uv": [3.25, 11.25, 4.5, 11.75], "texture": "#2"},
				"down": {"uv": [3.75, 11, 5, 11.5], "texture": "#2"}
			}
		},
		{
			"from": [6.48528, 7.18423, 8.125],
			"to": [7.67278, 7.30923, 8.875],
			"rotation": {"angle": 0, "axis": "y", "origin": [14.23528, 12.93423, 16]},
			"faces": {
				"north": {"uv": [3.5, 11.75, 4.75, 12.25], "texture": "#2"},
				"east": {"uv": [4, 11.25, 4.5, 11.75], "texture": "#2"},
				"south": {"uv": [4, 12.5, 5.25, 13], "texture": "#2"},
				"west": {"uv": [3.5, 10.75, 4, 11.25], "texture": "#2"},
				"up": {"uv": [3.25, 11.25, 4.5, 11.75], "texture": "#2"},
				"down": {"uv": [3.75, 11, 5, 11.5], "texture": "#2"}
			}
		},
		{
			"from": [6.42278, 7.30923, 8.125],
			"to": [7.48528, 7.43423, 8.875],
			"rotation": {"angle": 0, "axis": "y", "origin": [14.23528, 13.05923, 16]},
			"faces": {
				"north": {"uv": [3.5, 11.75, 4.75, 12.25], "texture": "#2"},
				"east": {"uv": [4, 11.25, 4.5, 11.75], "texture": "#2"},
				"south": {"uv": [4, 12.5, 5.25, 13], "texture": "#2"},
				"west": {"uv": [3.5, 10.75, 4, 11.25], "texture": "#2"},
				"up": {"uv": [3.25, 11.25, 4.5, 11.75], "texture": "#2"},
				"down": {"uv": [3.75, 11, 5, 11.5], "texture": "#2"}
			}
		},
		{
			"from": [6.42278, 7.43423, 8.125],
			"to": [7.36028, 7.55923, 8.875],
			"rotation": {"angle": 0, "axis": "y", "origin": [14.17278, 13.18423, 16]},
			"faces": {
				"north": {"uv": [3.5, 11.75, 4.75, 12.25], "texture": "#2"},
				"east": {"uv": [4, 11.25, 4.5, 11.75], "texture": "#2"},
				"south": {"uv": [4, 12.5, 5.25, 13], "texture": "#2"},
				"west": {"uv": [3.5, 10.75, 4, 11.25], "texture": "#2"},
				"up": {"uv": [3.25, 11.25, 4.5, 11.75], "texture": "#2"},
				"down": {"uv": [3.75, 11, 5, 11.5], "texture": "#2"}
			}
		},
		{
			"from": [6.36028, 7.55923, 8.125],
			"to": [7.36028, 7.68423, 8.875],
			"rotation": {"angle": 0, "axis": "y", "origin": [14.17278, 13.30923, 16]},
			"faces": {
				"north": {"uv": [3.5, 11.75, 4.75, 12.25], "texture": "#2"},
				"east": {"uv": [4, 11.25, 4.5, 11.75], "texture": "#2"},
				"south": {"uv": [4, 12.5, 5.25, 13], "texture": "#2"},
				"west": {"uv": [3.5, 10.75, 4, 11.25], "texture": "#2"},
				"up": {"uv": [3.25, 11.25, 4.5, 11.75], "texture": "#2"},
				"down": {"uv": [3.75, 11, 5, 11.5], "texture": "#2"}
			}
		},
		{
			"from": [7.11028, 7.68423, 8.125],
			"to": [7.36028, 7.93423, 8.875],
			"rotation": {"angle": 0, "axis": "y", "origin": [14.42278, 13.30923, 16]},
			"faces": {
				"north": {"uv": [3.5, 11.75, 4.75, 12.25], "texture": "#2"},
				"east": {"uv": [4, 11.25, 4.5, 11.75], "texture": "#2"},
				"south": {"uv": [4, 12.5, 5.25, 13], "texture": "#2"},
				"west": {"uv": [3.5, 10.75, 4, 11.25], "texture": "#2"},
				"up": {"uv": [3.25, 11.25, 4.5, 11.75], "texture": "#2"},
				"down": {"uv": [3.75, 11, 5, 11.5], "texture": "#2"}
			}
		},
		{
			"from": [6.29778, 7.68423, 8.125],
			"to": [7.11028, 7.80923, 8.875],
			"rotation": {"angle": 0, "axis": "y", "origin": [14.11028, 13.43423, 16]},
			"faces": {
				"north": {"uv": [3.5, 11.75, 4.75, 12.25], "texture": "#2"},
				"east": {"uv": [4, 11.25, 4.5, 11.75], "texture": "#2"},
				"south": {"uv": [4, 12.5, 5.25, 13], "texture": "#2"},
				"west": {"uv": [3.5, 10.75, 4, 11.25], "texture": "#2"},
				"up": {"uv": [3.25, 11.25, 4.5, 11.75], "texture": "#2"},
				"down": {"uv": [3.75, 11, 5, 11.5], "texture": "#2"}
			}
		},
		{
			"from": [6.29778, 7.80923, 8.125],
			"to": [6.48528, 7.87173, 8.875],
			"rotation": {"angle": 0, "axis": "y", "origin": [14.04778, 13.55923, 16]},
			"faces": {
				"north": {"uv": [3.5, 11.75, 4.75, 12.25], "texture": "#2"},
				"east": {"uv": [4, 11.25, 4.5, 11.75], "texture": "#2"},
				"south": {"uv": [4, 12.5, 5.25, 13], "texture": "#2"},
				"west": {"uv": [3.5, 10.75, 4, 11.25], "texture": "#2"},
				"up": {"uv": [3.25, 11.25, 4.5, 11.75], "texture": "#2"},
				"down": {"uv": [3.75, 11, 5, 11.5], "texture": "#2"}
			}
		},
		{
			"from": [6.86028, 7.80923, 8.125],
			"to": [7.11028, 7.87173, 8.875],
			"rotation": {"angle": 0, "axis": "y", "origin": [14.67278, 13.55923, 16]},
			"faces": {
				"north": {"uv": [3.5, 11.75, 4.75, 12.25], "texture": "#2"},
				"east": {"uv": [4, 11.25, 4.5, 11.75], "texture": "#2"},
				"south": {"uv": [4, 12.5, 5.25, 13], "texture": "#2"},
				"west": {"uv": [3.5, 10.75, 4, 11.25], "texture": "#2"},
				"up": {"uv": [3.25, 11.25, 4.5, 11.75], "texture": "#2"},
				"down": {"uv": [3.75, 11, 5, 11.5], "texture": "#2"}
			}
		},
		{
			"from": [6.92278, 7.30923, 8.3125],
			"to": [9.04778, 9.49673, 8.6875],
			"rotation": {"angle": -22.5, "axis": "z", "origin": [7.61028, 9.21548, 8.5]},
			"faces": {
				"north": {"uv": [0.25, 10.25, 9.5, 16], "texture": "#5"},
				"east": {"uv": [0.25, 10.25, 9.5, 16], "texture": "#5"},
				"south": {"uv": [0.25, 10.25, 9.5, 16], "texture": "#5"},
				"west": {"uv": [0.25, 10.25, 9.5, 16], "texture": "#5"},
				"up": {"uv": [0.25, 10.25, 9.5, 16], "texture": "#5"},
				"down": {"uv": [0.25, 10.25, 9.5, 16], "texture": "#5"}
			}
		},
		{
			"from": [7.37028, 8.7304, 8.375],
			"to": [9.68278, 10.2929, 8.625],
			"rotation": {"angle": 22.5, "axis": "z", "origin": [8.62028, 9.2929, 8.5]},
			"faces": {
				"north": {"uv": [0, 7, 9.5, 12], "rotation": 270, "texture": "#5"},
				"east": {"uv": [0, 7, 9.5, 12], "rotation": 90, "texture": "#5"},
				"south": {"uv": [0, 7, 9.5, 12], "rotation": 90, "texture": "#5"},
				"west": {"uv": [0, 7, 9.5, 12], "rotation": 90, "texture": "#5"},
				"up": {"uv": [0, 7, 9.5, 12], "rotation": 90, "texture": "#5"},
				"down": {"uv": [0, 7, 9.5, 12], "rotation": 90, "texture": "#5"}
			}
		},
		{
			"from": [9.21922, 9.18588, 8.45],
			"to": [9.84422, 10.62338, 8.575],
			"rotation": {"angle": 0, "axis": "z", "origin": [10.09422, 9.68588, 8.375]},
			"faces": {
				"north": {"uv": [0, 1, 9.25, 6.75], "rotation": 270, "texture": "#5"},
				"east": {"uv": [0, 0.75, 9.25, 6.75], "rotation": 270, "texture": "#5"},
				"south": {"uv": [0, 0.75, 9.25, 6.75], "rotation": 270, "texture": "#5"},
				"west": {"uv": [0, 0.75, 9.25, 6.75], "rotation": 270, "texture": "#5"},
				"up": {"uv": [0, 0.75, 9.25, 6.75], "rotation": 270, "texture": "#5"},
				"down": {"uv": [0, 0.75, 9.25, 6.75], "rotation": 270, "texture": "#5"}
			}
		},
		{
			"from": [9.84422, 10.43588, 8.4375],
			"to": [10.84422, 10.49838, 8.5625],
			"rotation": {"angle": 0, "axis": "z", "origin": [10.71922, 9.49838, 8.4375]},
			"faces": {
				"north": {"uv": [3.75, 3.5, 3.75, 3.75], "rotation": 270, "texture": "#5"},
				"east": {"uv": [2.25, 3.5, 2.25, 3.75], "rotation": 90, "texture": "#5"},
				"south": {"uv": [3.75, 3.75, 3.75, 4], "rotation": 90, "texture": "#5"},
				"west": {"uv": [4, 4, 4, 4.25], "rotation": 90, "texture": "#5"},
				"up": {"uv": [3.5, 3.75, 3.75, 4], "rotation": 90, "texture": "#5"},
				"down": {"uv": [4, 3.75, 4.25, 4], "rotation": 90, "texture": "#5"}
			}
		},
		{
			"from": [9.84422, 10.49838, 8.4375],
			"to": [10.40672, 10.56088, 8.5625],
			"rotation": {"angle": 0, "axis": "z", "origin": [10.71922, 9.56088, 8.4375]},
			"faces": {
				"north": {"uv": [3.75, 3.5, 3.75, 3.75], "rotation": 270, "texture": "#5"},
				"east": {"uv": [2.25, 3.5, 2.25, 3.75], "rotation": 90, "texture": "#5"},
				"south": {"uv": [3.75, 3.75, 3.75, 4], "rotation": 90, "texture": "#5"},
				"west": {"uv": [4, 4, 4, 4.25], "rotation": 90, "texture": "#5"},
				"up": {"uv": [3.5, 3.75, 3.75, 4], "rotation": 90, "texture": "#5"},
				"down": {"uv": [4, 3.75, 4.25, 4], "rotation": 90, "texture": "#5"}
			}
		},
		{
			"from": [9.84422, 10.56088, 8.4375],
			"to": [9.96922, 10.62338, 8.5625],
			"rotation": {"angle": 0, "axis": "z", "origin": [10.71922, 9.56088, 8.4375]},
			"faces": {
				"north": {"uv": [3.75, 3.5, 3.75, 3.75], "rotation": 270, "texture": "#5"},
				"east": {"uv": [2.25, 3.5, 2.25, 3.75], "rotation": 90, "texture": "#5"},
				"south": {"uv": [3.75, 3.75, 3.75, 4], "rotation": 90, "texture": "#5"},
				"west": {"uv": [4, 4, 4, 4.25], "rotation": 90, "texture": "#5"},
				"up": {"uv": [3.5, 3.75, 3.75, 4], "rotation": 90, "texture": "#5"},
				"down": {"uv": [4, 3.75, 4.25, 4], "rotation": 90, "texture": "#5"}
			}
		},
		{
			"from": [9.84422, 10.37338, 8.4375],
			"to": [11.15672, 10.43588, 8.5625],
			"rotation": {"angle": 0, "axis": "z", "origin": [10.71922, 9.43588, 8.4375]},
			"faces": {
				"north": {"uv": [3.75, 3.5, 3.75, 3.75], "rotation": 270, "texture": "#5"},
				"east": {"uv": [2.25, 3.5, 2.25, 3.75], "rotation": 90, "texture": "#5"},
				"south": {"uv": [3.75, 3.75, 3.75, 4], "rotation": 90, "texture": "#5"},
				"west": {"uv": [4, 4, 4, 4.25], "rotation": 90, "texture": "#5"},
				"up": {"uv": [3.5, 3.75, 3.75, 4], "rotation": 90, "texture": "#5"},
				"down": {"uv": [4, 3.75, 4.25, 4], "rotation": 90, "texture": "#5"}
			}
		},
		{
			"from": [9.84422, 10.31088, 8.4375],
			"to": [11.40672, 10.37338, 8.5625],
			"rotation": {"angle": 0, "axis": "z", "origin": [10.96922, 9.37338, 8.4375]},
			"faces": {
				"north": {"uv": [3.75, 3.5, 3.75, 3.75], "rotation": 270, "texture": "#5"},
				"east": {"uv": [2.25, 3.5, 2.25, 3.75], "rotation": 90, "texture": "#5"},
				"south": {"uv": [3.75, 3.75, 3.75, 4], "rotation": 90, "texture": "#5"},
				"west": {"uv": [4, 4, 4, 4.25], "rotation": 90, "texture": "#5"},
				"up": {"uv": [3.5, 3.75, 3.75, 4], "rotation": 90, "texture": "#5"},
				"down": {"uv": [4, 3.75, 4.25, 4], "rotation": 90, "texture": "#5"}
			}
		},
		{
			"from": [9.84422, 10.24838, 8.4375],
			"to": [11.59422, 10.31088, 8.5625],
			"rotation": {"angle": 0, "axis": "z", "origin": [10.96922, 9.31088, 8.4375]},
			"faces": {
				"north": {"uv": [3.75, 3.5, 3.75, 3.75], "rotation": 270, "texture": "#5"},
				"east": {"uv": [2.25, 3.5, 2.25, 3.75], "rotation": 90, "texture": "#5"},
				"south": {"uv": [3.75, 3.75, 3.75, 4], "rotation": 90, "texture": "#5"},
				"west": {"uv": [4, 4, 4, 4.25], "rotation": 90, "texture": "#5"},
				"up": {"uv": [3.5, 3.75, 3.75, 4], "rotation": 90, "texture": "#5"},
				"down": {"uv": [4, 3.75, 4.25, 4], "rotation": 90, "texture": "#5"}
			}
		},
		{
			"from": [9.84422, 10.18588, 8.4375],
			"to": [11.71922, 10.24838, 8.5625],
			"rotation": {"angle": 0, "axis": "z", "origin": [11.09422, 9.24838, 8.4375]},
			"faces": {
				"north": {"uv": [3.75, 3.5, 3.75, 3.75], "rotation": 270, "texture": "#5"},
				"east": {"uv": [2.25, 3.5, 2.25, 3.75], "rotation": 90, "texture": "#5"},
				"south": {"uv": [3.75, 3.75, 3.75, 4], "rotation": 90, "texture": "#5"},
				"west": {"uv": [4, 4, 4, 4.25], "rotation": 90, "texture": "#5"},
				"up": {"uv": [3.5, 3.75, 3.75, 4], "rotation": 90, "texture": "#5"},
				"down": {"uv": [4, 3.75, 4.25, 4], "rotation": 90, "texture": "#5"}
			}
		},
		{
			"from": [9.84422, 10.12338, 8.4375],
			"to": [11.78172, 10.18588, 8.5625],
			"rotation": {"angle": 0, "axis": "z", "origin": [11.15672, 9.18588, 8.4375]},
			"faces": {
				"north": {"uv": [3.75, 3.5, 3.75, 3.75], "rotation": 270, "texture": "#5"},
				"east": {"uv": [2.25, 3.5, 2.25, 3.75], "rotation": 90, "texture": "#5"},
				"south": {"uv": [3.75, 3.75, 3.75, 4], "rotation": 90, "texture": "#5"},
				"west": {"uv": [4, 4, 4, 4.25], "rotation": 90, "texture": "#5"},
				"up": {"uv": [3.5, 3.75, 3.75, 4], "rotation": 90, "texture": "#5"},
				"down": {"uv": [4, 3.75, 4.25, 4], "rotation": 90, "texture": "#5"}
			}
		},
		{
			"from": [9.84422, 10.06088, 8.4375],
			"to": [11.84422, 10.12338, 8.5625],
			"rotation": {"angle": 0, "axis": "z", "origin": [11.21922, 9.12338, 8.4375]},
			"faces": {
				"north": {"uv": [3.75, 3.5, 3.75, 3.75], "rotation": 270, "texture": "#5"},
				"east": {"uv": [2.25, 3.5, 2.25, 3.75], "rotation": 90, "texture": "#5"},
				"south": {"uv": [3.75, 3.75, 3.75, 4], "rotation": 90, "texture": "#5"},
				"west": {"uv": [4, 4, 4, 4.25], "rotation": 90, "texture": "#5"},
				"up": {"uv": [3.5, 3.75, 3.75, 4], "rotation": 90, "texture": "#5"},
				"down": {"uv": [4, 3.75, 4.25, 4], "rotation": 90, "texture": "#5"}
			}
		},
		{
			"from": [9.84422, 9.99838, 8.4375],
			"to": [11.90672, 10.06088, 8.5625],
			"rotation": {"angle": 0, "axis": "z", "origin": [11.28172, 9.06088, 8.4375]},
			"faces": {
				"north": {"uv": [3.75, 3.5, 3.75, 3.75], "rotation": 270, "texture": "#5"},
				"east": {"uv": [2.25, 3.5, 2.25, 3.75], "rotation": 90, "texture": "#5"},
				"south": {"uv": [3.75, 3.75, 3.75, 4], "rotation": 90, "texture": "#5"},
				"west": {"uv": [4, 4, 4, 4.25], "rotation": 90, "texture": "#5"},
				"up": {"uv": [3.5, 3.75, 3.75, 4], "rotation": 90, "texture": "#5"},
				"down": {"uv": [4, 3.75, 4.25, 4], "rotation": 90, "texture": "#5"}
			}
		},
		{
			"from": [9.84422, 9.93588, 8.4375],
			"to": [11.96922, 9.99838, 8.5625],
			"rotation": {"angle": 0, "axis": "z", "origin": [11.34422, 8.99838, 8.4375]},
			"faces": {
				"north": {"uv": [3.75, 3.5, 3.75, 3.75], "rotation": 270, "texture": "#5"},
				"east": {"uv": [2.25, 3.5, 2.25, 3.75], "rotation": 90, "texture": "#5"},
				"south": {"uv": [3.75, 3.75, 3.75, 4], "rotation": 90, "texture": "#5"},
				"west": {"uv": [4, 4, 4, 4.25], "rotation": 90, "texture": "#5"},
				"up": {"uv": [3.5, 3.75, 3.75, 4], "rotation": 90, "texture": "#5"},
				"down": {"uv": [4, 3.75, 4.25, 4], "rotation": 90, "texture": "#5"}
			}
		},
		{
			"from": [9.84422, 9.81088, 8.4375],
			"to": [12.09422, 9.87338, 8.5625],
			"rotation": {"angle": 0, "axis": "z", "origin": [11.40672, 8.87338, 8.4375]},
			"faces": {
				"north": {"uv": [3.75, 3.5, 3.75, 3.75], "rotation": 270, "texture": "#5"},
				"east": {"uv": [2.25, 3.5, 2.25, 3.75], "rotation": 90, "texture": "#5"},
				"south": {"uv": [3.75, 3.75, 3.75, 4], "rotation": 90, "texture": "#5"},
				"west": {"uv": [4, 4, 4, 4.25], "rotation": 90, "texture": "#5"},
				"up": {"uv": [3.5, 3.75, 3.75, 4], "rotation": 90, "texture": "#5"},
				"down": {"uv": [4, 3.75, 4.25, 4], "rotation": 90, "texture": "#5"}
			}
		},
		{
			"from": [9.84422, 9.74838, 8.4375],
			"to": [12.03172, 9.81088, 8.5625],
			"rotation": {"angle": 0, "axis": "z", "origin": [11.40672, 8.81088, 8.4375]},
			"faces": {
				"north": {"uv": [3.75, 3.5, 3.75, 3.75], "rotation": 270, "texture": "#5"},
				"east": {"uv": [2.25, 3.5, 2.25, 3.75], "rotation": 90, "texture": "#5"},
				"south": {"uv": [3.75, 3.75, 3.75, 4], "rotation": 90, "texture": "#5"},
				"west": {"uv": [4, 4, 4, 4.25], "rotation": 90, "texture": "#5"},
				"up": {"uv": [3.5, 3.75, 3.75, 4], "rotation": 90, "texture": "#5"},
				"down": {"uv": [4, 3.75, 4.25, 4], "rotation": 90, "texture": "#5"}
			}
		},
		{
			"from": [9.84422, 9.87338, 8.4375],
			"to": [12.03172, 9.93588, 8.5625],
			"rotation": {"angle": 0, "axis": "z", "origin": [11.40672, 8.93588, 8.4375]},
			"faces": {
				"north": {"uv": [3.75, 3.5, 3.75, 3.75], "rotation": 270, "texture": "#5"},
				"east": {"uv": [2.25, 3.5, 2.25, 3.75], "rotation": 90, "texture": "#5"},
				"south": {"uv": [3.75, 3.75, 3.75, 4], "rotation": 90, "texture": "#5"},
				"west": {"uv": [4, 4, 4, 4.25], "rotation": 90, "texture": "#5"},
				"up": {"uv": [3.5, 3.75, 3.75, 4], "rotation": 90, "texture": "#5"},
				"down": {"uv": [4, 3.75, 4.25, 4], "rotation": 90, "texture": "#5"}
			}
		},
		{
			"from": [9.84422, 9.68588, 8.4375],
			"to": [11.71922, 9.74838, 8.5625],
			"rotation": {"angle": 0, "axis": "z", "origin": [11.09422, 8.74838, 8.4375]},
			"faces": {
				"north": {"uv": [3.75, 3.5, 3.75, 3.75], "rotation": 270, "texture": "#5"},
				"east": {"uv": [2.25, 3.5, 2.25, 3.75], "rotation": 90, "texture": "#5"},
				"south": {"uv": [3.75, 3.75, 3.75, 4], "rotation": 90, "texture": "#5"},
				"west": {"uv": [4, 4, 4, 4.25], "rotation": 90, "texture": "#5"},
				"up": {"uv": [3.5, 3.75, 3.75, 4], "rotation": 90, "texture": "#5"},
				"down": {"uv": [4, 3.75, 4.25, 4], "rotation": 90, "texture": "#5"}
			}
		},
		{
			"from": [9.84422, 9.62338, 8.4375],
			"to": [11.34422, 9.68588, 8.5625],
			"rotation": {"angle": 0, "axis": "z", "origin": [10.71922, 8.68588, 8.4375]},
			"faces": {
				"north": {"uv": [3.75, 3.5, 3.75, 3.75], "rotation": 270, "texture": "#5"},
				"east": {"uv": [2.25, 3.5, 2.25, 3.75], "rotation": 90, "texture": "#5"},
				"south": {"uv": [3.75, 3.75, 3.75, 4], "rotation": 90, "texture": "#5"},
				"west": {"uv": [4, 4, 4, 4.25], "rotation": 90, "texture": "#5"},
				"up": {"uv": [3.5, 3.75, 3.75, 4], "rotation": 90, "texture": "#5"},
				"down": {"uv": [4, 3.75, 4.25, 4], "rotation": 90, "texture": "#5"}
			}
		},
		{
			"from": [9.84422, 9.56088, 8.4375],
			"to": [11.03172, 9.62338, 8.5625],
			"rotation": {"angle": 0, "axis": "z", "origin": [10.71922, 8.62338, 8.4375]},
			"faces": {
				"north": {"uv": [3.75, 3.5, 3.75, 3.75], "rotation": 270, "texture": "#5"},
				"east": {"uv": [2.25, 3.5, 2.25, 3.75], "rotation": 90, "texture": "#5"},
				"south": {"uv": [3.75, 3.75, 3.75, 4], "rotation": 90, "texture": "#5"},
				"west": {"uv": [4, 4, 4, 4.25], "rotation": 90, "texture": "#5"},
				"up": {"uv": [3.5, 3.75, 3.75, 4], "rotation": 90, "texture": "#5"},
				"down": {"uv": [4, 3.75, 4.25, 4], "rotation": 90, "texture": "#5"}
			}
		},
		{
			"from": [9.84422, 9.49838, 8.4375],
			"to": [10.71922, 9.56088, 8.5625],
			"rotation": {"angle": 0, "axis": "z", "origin": [10.71922, 8.56088, 8.4375]},
			"faces": {
				"north": {"uv": [3.75, 3.5, 3.75, 3.75], "rotation": 270, "texture": "#5"},
				"east": {"uv": [2.25, 3.5, 2.25, 3.75], "rotation": 90, "texture": "#5"},
				"south": {"uv": [3.75, 3.75, 3.75, 4], "rotation": 90, "texture": "#5"},
				"west": {"uv": [4, 4, 4, 4.25], "rotation": 90, "texture": "#5"},
				"up": {"uv": [3.5, 3.75, 3.75, 4], "rotation": 90, "texture": "#5"},
				"down": {"uv": [4, 3.75, 4.25, 4], "rotation": 90, "texture": "#5"}
			}
		},
		{
			"from": [9.84422, 9.43588, 8.4375],
			"to": [10.53172, 9.49838, 8.5625],
			"rotation": {"angle": 0, "axis": "z", "origin": [10.71922, 8.49838, 8.4375]},
			"faces": {
				"north": {"uv": [3.75, 3.5, 3.75, 3.75], "rotation": 270, "texture": "#5"},
				"east": {"uv": [2.25, 3.5, 2.25, 3.75], "rotation": 90, "texture": "#5"},
				"south": {"uv": [3.75, 3.75, 3.75, 4], "rotation": 90, "texture": "#5"},
				"west": {"uv": [4, 4, 4, 4.25], "rotation": 90, "texture": "#5"},
				"up": {"uv": [3.5, 3.75, 3.75, 4], "rotation": 90, "texture": "#5"},
				"down": {"uv": [4, 3.75, 4.25, 4], "rotation": 90, "texture": "#5"}
			}
		},
		{
			"from": [9.84422, 9.37338, 8.4375],
			"to": [10.34422, 9.43588, 8.5625],
			"rotation": {"angle": 0, "axis": "z", "origin": [10.71922, 8.43588, 8.4375]},
			"faces": {
				"north": {"uv": [3.75, 3.5, 3.75, 3.75], "rotation": 270, "texture": "#5"},
				"east": {"uv": [2.25, 3.5, 2.25, 3.75], "rotation": 90, "texture": "#5"},
				"south": {"uv": [3.75, 3.75, 3.75, 4], "rotation": 90, "texture": "#5"},
				"west": {"uv": [4, 4, 4, 4.25], "rotation": 90, "texture": "#5"},
				"up": {"uv": [3.5, 3.75, 3.75, 4], "rotation": 90, "texture": "#5"},
				"down": {"uv": [4, 3.75, 4.25, 4], "rotation": 90, "texture": "#5"}
			}
		},
		{
			"from": [9.84422, 9.31088, 8.4375],
			"to": [10.21922, 9.37338, 8.5625],
			"rotation": {"angle": 0, "axis": "z", "origin": [10.71922, 8.37338, 8.4375]},
			"faces": {
				"north": {"uv": [3.75, 3.5, 3.75, 3.75], "rotation": 270, "texture": "#5"},
				"east": {"uv": [2.25, 3.5, 2.25, 3.75], "rotation": 90, "texture": "#5"},
				"south": {"uv": [3.75, 3.75, 3.75, 4], "rotation": 90, "texture": "#5"},
				"west": {"uv": [4, 4, 4, 4.25], "rotation": 90, "texture": "#5"},
				"up": {"uv": [3.5, 3.75, 3.75, 4], "rotation": 90, "texture": "#5"},
				"down": {"uv": [4, 3.75, 4.25, 4], "rotation": 90, "texture": "#5"}
			}
		},
		{
			"from": [9.84422, 9.24838, 8.4375],
			"to": [10.03172, 9.31088, 8.5625],
			"rotation": {"angle": 0, "axis": "z", "origin": [10.71922, 8.31088, 8.4375]},
			"faces": {
				"north": {"uv": [3.75, 3.5, 3.75, 3.75], "rotation": 270, "texture": "#5"},
				"east": {"uv": [2.25, 3.5, 2.25, 3.75], "rotation": 90, "texture": "#5"},
				"south": {"uv": [3.75, 3.75, 3.75, 4], "rotation": 90, "texture": "#5"},
				"west": {"uv": [4, 4, 4, 4.25], "rotation": 90, "texture": "#5"},
				"up": {"uv": [3.5, 3.75, 3.75, 4], "rotation": 90, "texture": "#5"},
				"down": {"uv": [4, 3.75, 4.25, 4], "rotation": 90, "texture": "#5"}
			}
		},
		{
			"from": [9.84422, 9.18588, 8.4375],
			"to": [9.90672, 9.24838, 8.5625],
			"rotation": {"angle": 0, "axis": "z", "origin": [10.71922, 8.24838, 8.4375]},
			"faces": {
				"north": {"uv": [3.75, 3.5, 3.75, 3.75], "rotation": 270, "texture": "#5"},
				"east": {"uv": [2.25, 3.5, 2.25, 3.75], "rotation": 90, "texture": "#5"},
				"south": {"uv": [3.75, 3.75, 3.75, 4], "rotation": 90, "texture": "#5"},
				"west": {"uv": [4, 4, 4, 4.25], "rotation": 90, "texture": "#5"},
				"up": {"uv": [3.5, 3.75, 3.75, 4], "rotation": 90, "texture": "#5"},
				"down": {"uv": [4, 3.75, 4.25, 4], "rotation": 90, "texture": "#5"}
			}
		},
		{
			"from": [6.3, 1.85121, 8.25],
			"to": [6.4875, 2.35121, 8.75],
			"rotation": {"angle": 45, "axis": "z", "origin": [6.33125, 2.06996, 8.5]},
			"faces": {
				"north": {"uv": [3, 3.75, 4.25, 4.25], "texture": "#2"},
				"east": {"uv": [3.25, 5, 3.75, 5.5], "texture": "#2"},
				"south": {"uv": [3.75, 4, 5, 4.5], "texture": "#2"},
				"west": {"uv": [3.25, 2.5, 3.75, 3], "texture": "#2"},
				"up": {"uv": [2.5, 3.75, 3.75, 4.25], "texture": "#2"},
				"down": {"uv": [2.75, 2.75, 4, 3.25], "texture": "#2"}
			}
		},
		{
			"from": [6.4875, 1.85121, 8.25],
			"to": [6.9875, 2.35121, 8.75],
			"rotation": {"angle": 45, "axis": "z", "origin": [6.33125, 2.06996, 8.5]},
			"faces": {
				"north": {"uv": [3.5, 11.75, 4.75, 12.25], "texture": "#2"},
				"east": {"uv": [4, 11.25, 4.5, 11.75], "texture": "#2"},
				"south": {"uv": [4, 12.5, 5.25, 13], "texture": "#2"},
				"west": {"uv": [3.5, 10.75, 4, 11.25], "texture": "#2"},
				"up": {"uv": [3.25, 11.25, 4.5, 11.75], "texture": "#2"},
				"down": {"uv": [3.75, 11, 5, 11.5], "texture": "#2"}
			}
		},
		{
			"from": [7.96967, 1.42678, 8.25],
			"to": [8.46967, 2.42678, 8.75],
			"rotation": {"angle": 45, "axis": "z", "origin": [8.21967, 1.92678, 8.5]},
			"faces": {
				"north": {"uv": [8.75, 9.25, 9.75, 9.75], "rotation": 270, "texture": "#2"},
				"east": {"uv": [9.5, 8.75, 10.5, 9.25], "rotation": 90, "texture": "#2"},
				"south": {"uv": [9.25, 8.75, 10.25, 9.25], "rotation": 90, "texture": "#2"},
				"west": {"uv": [9, 10, 10, 10.5], "rotation": 90, "texture": "#2"},
				"up": {"uv": [10, 9.75, 10.5, 10.25], "rotation": 90, "texture": "#2"},
				"down": {"uv": [9.5, 9.75, 10, 10.25], "rotation": 90, "texture": "#2"}
			}
		},
		{
			"from": [6.61612, 0.07322, 8.25],
			"to": [7.11612, 1.07322, 8.75],
			"rotation": {"angle": 45, "axis": "z", "origin": [6.86612, 0.57322, 8.5]},
			"faces": {
				"north": {"uv": [8.5, 9.25, 9.5, 9.75], "rotation": 270, "texture": "#2"},
				"east": {"uv": [9.25, 8.75, 10.25, 9.25], "rotation": 90, "texture": "#2"},
				"south": {"uv": [9, 8.75, 10, 9.25], "rotation": 90, "texture": "#2"},
				"west": {"uv": [8.75, 10, 9.75, 10.5], "rotation": 90, "texture": "#2"},
				"up": {"uv": [9.75, 9.75, 10.25, 10.25], "rotation": 90, "texture": "#2"},
				"down": {"uv": [9.25, 9.75, 9.75, 10.25], "rotation": 90, "texture": "#2"}
			}
		},
		{
			"from": [6.36612, 1.67678, 8.25],
			"to": [7.36612, 2.17678, 8.75],
			"rotation": {"angle": 45, "axis": "z", "origin": [6.86612, 1.92678, 8.5]},
			"faces": {
				"north": {"uv": [8.75, 9.25, 9.75, 9.75], "texture": "#2"},
				"east": {"uv": [9.5, 8.75, 10.5, 9.25], "texture": "#2"},
				"south": {"uv": [9.25, 8.75, 10.25, 9.25], "texture": "#2"},
				"west": {"uv": [9, 10, 10, 10.5], "texture": "#2"},
				"up": {"uv": [10, 9.75, 10.5, 10.25], "texture": "#2"},
				"down": {"uv": [9.5, 9.75, 10, 10.25], "texture": "#2"}
			}
		},
		{
			"from": [7.71967, 0.32322, 8.25],
			"to": [8.71967, 0.82322, 8.75],
			"rotation": {"angle": 45, "axis": "z", "origin": [8.21967, 0.57322, 8.5]},
			"faces": {
				"north": {"uv": [8.5, 9, 9.5, 9.5], "texture": "#2"},
				"east": {"uv": [9.25, 8.5, 10.25, 9], "texture": "#2"},
				"south": {"uv": [9, 8.5, 10, 9], "texture": "#2"},
				"west": {"uv": [8.75, 9.75, 9.75, 10.25], "texture": "#2"},
				"up": {"uv": [9.75, 9.5, 10.25, 10], "texture": "#2"},
				"down": {"uv": [9.25, 9.5, 9.75, 10], "texture": "#2"}
			}
		}
	],
	"display": {
		"thirdperson_righthand": {
			"rotation": [0, 90, 29],
			"translation": [-0.5, 4, 0.75],
			"scale": [1.35, 1.35, 1.35]
		},
		"thirdperson_lefthand": {
			"rotation": [0, -90, -35],
			"translation": [-0.5, 3.75, 0],
			"scale": [1.35, 1.35, 1.35]
		},
		"firstperson_righthand": {
			"rotation": [14, 92, 0],
			"translation": [-0.5, 6.5, 3.25]
		},
		"firstperson_lefthand": {
			"rotation": [72, -92, 60],
			"translation": [0, 6.75, 3.25]
		},
		"ground": {
			"rotation": [0, 0, -45],
			"translation": [2.5, 3.25, 0],
			"scale": [1.39, 1.39, 1.39]
		},
		"gui": {
			"rotation": [-180, 0, 151],
			"translation": [-0.5, 3.25, 0],
			"scale": [1.61, 1.61, 1.61]
		},
		"head": {
			"rotation": [0, 90, -59],
			"translation": [0, 6.75, -13]
		},
		"fixed": {
			"rotation": [0, 0, -31],
			"translation": [1.5, 3.5, -1],
			"scale": [1.39, 1.39, 1.39]
		}
	}
}