{
	"credit": "Made with Blockbench",
	"textures": {
		"1": "stp/item_skin/miecze/texture",
		"2": "stp/item_skin/miecze/texturwade",
		"4": "stp/item_skin/miecze/zwyklymiecz3",
		"5": "stp/item_skin/miecze/zwyklymiecz4",
		"6": "stp/item_skin/miecze/zwyklymiecz5",
		"7": "stp/item_skin/miecze/zwyklymiecz6",
		"8": "stp/item_skin/miecze/zwyklymiecz7",
		"particle": "stp/item_skin/miecze/texture"
	},
	"elements": [
		{
			"from": [8.2, -15, 6.1],
			"to": [9.9, -4, 7.9],
			"faces": {
				"north": {"uv": [0, 0, 2, 11], "texture": "#7"},
				"east": {"uv": [2, 0, 4, 11], "texture": "#7"},
				"south": {"uv": [4, 0, 6, 11], "texture": "#7"},
				"west": {"uv": [6, 0, 8, 11], "texture": "#7"},
				"up": {"uv": [10, 2, 8, 0], "texture": "#7"},
				"down": {"uv": [10, 2, 8, 4], "texture": "#7"}
			}
		},
		{
			"from": [8, -16, 6],
			"to": [10, -14, 8],
			"faces": {
				"north": {"uv": [8, 4, 10, 6], "texture": "#7"},
				"east": {"uv": [8, 6, 10, 8], "texture": "#7"},
				"south": {"uv": [8, 8, 10, 10], "texture": "#7"},
				"west": {"uv": [10, 0, 12, 2], "texture": "#7"},
				"up": {"uv": [12, 4, 10, 2], "texture": "#7"},
				"down": {"uv": [12, 4, 10, 6], "texture": "#7"}
			}
		},
		{
			"from": [8.05, -12.5, 6],
			"to": [10.05, -10.5, 8],
			"faces": {
				"north": {"uv": [6, 0, 8, 2], "texture": "#8"},
				"east": {"uv": [6, 2, 8, 4], "texture": "#8"},
				"south": {"uv": [3, 6, 5, 8], "texture": "#8"},
				"west": {"uv": [6, 4, 8, 6], "texture": "#8"},
				"up": {"uv": [7, 8, 5, 6], "texture": "#8"},
				"down": {"uv": [9, 6, 7, 8], "texture": "#8"}
			}
		},
		{
			"from": [8.05, -8.1, 6],
			"to": [10.05, -6.1, 8],
			"faces": {
				"north": {"uv": [0, 8, 2, 10], "texture": "#8"},
				"east": {"uv": [8, 0, 10, 2], "texture": "#8"},
				"south": {"uv": [2, 8, 4, 10], "texture": "#8"},
				"west": {"uv": [8, 2, 10, 4], "texture": "#8"},
				"up": {"uv": [6, 10, 4, 8], "texture": "#8"},
				"down": {"uv": [10, 4, 8, 6], "texture": "#8"}
			}
		},
		{
			"from": [7.75, -4.8, 5.75],
			"to": [10.25, -2.8, 8.25],
			"faces": {
				"north": {"uv": [3, 0, 6, 2], "texture": "#8"},
				"east": {"uv": [3, 2, 6, 4], "texture": "#8"},
				"south": {"uv": [3, 4, 6, 6], "texture": "#8"},
				"west": {"uv": [0, 6, 3, 8], "texture": "#8"},
				"up": {"uv": [3, 3, 0, 0], "texture": "#8"},
				"down": {"uv": [3, 3, 0, 6], "texture": "#8"}
			}
		},
		{
			"from": [7.5, -2.8, 5.25],
			"to": [10.5, -0.8, 8.75],
			"faces": {
				"north": {"uv": [4.5, 0, 6, 1], "texture": "#4"},
				"east": {"uv": [1.5, 3, 3.5, 4], "texture": "#4"},
				"south": {"uv": [4.5, 1, 6, 2], "texture": "#4"},
				"west": {"uv": [3, 2, 5, 3], "texture": "#4"},
				"up": {"uv": [1.5, 5, 0, 3], "texture": "#4"},
				"down": {"uv": [4.5, 0, 3, 2], "texture": "#4"}
			}
		},
		{
			"from": [8.5, -0.8, 5.75],
			"to": [9.5, 5.2, 8.25],
			"faces": {
				"north": {"uv": [0.5, 5, 1, 8], "texture": "#4"},
				"east": {"uv": [0, 0, 1.5, 3], "texture": "#4"},
				"south": {"uv": [1, 5, 1.5, 8], "texture": "#4"},
				"west": {"uv": [1.5, 0, 3, 3], "texture": "#4"},
				"up": {"uv": [4.5, 6.5, 4, 5], "texture": "#4"},
				"down": {"uv": [5.5, 4, 5, 5.5], "texture": "#4"}
			}
		},
		{
			"from": [8.5, 5.1, 6],
			"to": [9.5, 9.55, 8],
			"faces": {
				"north": {"uv": [5, 2, 5.5, 4], "texture": "#4"},
				"east": {"uv": [3.5, 3, 4.5, 5], "texture": "#4"},
				"south": {"uv": [3.5, 5, 4, 7], "texture": "#4"},
				"west": {"uv": [1.5, 4, 2.5, 6], "texture": "#4"},
				"up": {"uv": [6, 3, 5.5, 2], "texture": "#4"},
				"down": {"uv": [6, 3, 5.5, 4], "texture": "#4"}
			}
		},
		{
			"from": [8.5, 9.5, 6.5],
			"to": [9.5, 17.95, 7.5],
			"faces": {
				"north": {"uv": [2.5, 4, 3, 8], "texture": "#4"},
				"east": {"uv": [3, 4, 3.5, 8], "texture": "#4"},
				"south": {"uv": [4.5, 3, 5, 7], "texture": "#4"},
				"west": {"uv": [0, 5, 0.5, 9], "texture": "#4"},
				"up": {"uv": [6, 4.5, 5.5, 4], "texture": "#4"},
				"down": {"uv": [6, 4.5, 5.5, 5], "texture": "#4"}
			}
		},
		{
			"from": [8.75, -0.8, 5.25],
			"to": [9.25, 19.2, 8.75],
			"faces": {
				"north": {"uv": [5.5, 0, 6, 10], "texture": "#5"},
				"east": {"uv": [0, 0, 2, 10], "texture": "#5"},
				"south": {"uv": [6, 0, 6.5, 10], "texture": "#5"},
				"west": {"uv": [2, 0, 4, 10], "texture": "#5"},
				"up": {"uv": [7.5, 2, 7, 0], "texture": "#5"},
				"down": {"uv": [7.5, 2, 7, 4], "texture": "#5"}
			}
		},
		{
			"from": [8.75, 19.2, 5.6],
			"to": [9.25, 29.1, 8.1],
			"faces": {
				"north": {"uv": [6.5, 0, 7, 5], "texture": "#5"},
				"east": {"uv": [4, 0, 5.5, 5], "texture": "#5"},
				"south": {"uv": [6.5, 5, 7, 10], "texture": "#5"},
				"west": {"uv": [4, 5, 5.5, 10], "texture": "#5"},
				"up": {"uv": [7.5, 5.5, 7, 4], "texture": "#5"},
				"down": {"uv": [7.5, 5.5, 7, 7], "texture": "#5"}
			}
		},
		{
			"from": [8, -2.55, 1.75],
			"to": [10, -1.05, 5.25],
			"faces": {
				"north": {"uv": [0, 6, 2, 8], "texture": "#2"},
				"east": {"uv": [0, 0, 3, 2], "texture": "#2"},
				"south": {"uv": [2, 6, 4, 8], "texture": "#2"},
				"west": {"uv": [0, 2, 3, 4], "texture": "#2"},
				"up": {"uv": [5, 3, 3, 0], "texture": "#2"},
				"down": {"uv": [5, 3, 3, 6], "texture": "#2"}
			}
		},
		{
			"from": [8, -2.55, 8.75],
			"to": [10, -1.05, 12.25],
			"faces": {
				"north": {"uv": [7, 2, 9, 4], "texture": "#2"},
				"east": {"uv": [0, 4, 3, 6], "texture": "#2"},
				"south": {"uv": [7, 4, 9, 6], "texture": "#2"},
				"west": {"uv": [5, 0, 8, 2], "texture": "#2"},
				"up": {"uv": [7, 5, 5, 2], "texture": "#2"},
				"down": {"uv": [7, 5, 5, 8], "texture": "#2"}
			}
		},
		{
			"from": [8.25, -1.55, 12],
			"to": [9.75, -0.55, 14.25],
			"rotation": {"angle": -22.5, "axis": "x", "origin": [9, -1.8, 14]},
			"faces": {
				"north": {"uv": [0, 4, 2, 5], "texture": "#1"},
				"east": {"uv": [4, 0, 6, 1], "texture": "#1"},
				"south": {"uv": [4, 1, 6, 2], "texture": "#1"},
				"west": {"uv": [2, 4, 4, 5], "texture": "#1"},
				"up": {"uv": [2, 2, 0, 0], "texture": "#1"},
				"down": {"uv": [2, 2, 0, 4], "texture": "#1"}
			}
		},
		{
			"from": [8.25, -1.55, -0.25],
			"to": [9.75, -0.55, 2],
			"rotation": {"angle": 22.5, "axis": "x", "origin": [9, -1.8, 0]},
			"faces": {
				"north": {"uv": [4, 2, 6, 3], "texture": "#1"},
				"east": {"uv": [4, 3, 6, 4], "texture": "#1"},
				"south": {"uv": [4, 4, 6, 5], "texture": "#1"},
				"west": {"uv": [0, 5, 2, 6], "texture": "#1"},
				"up": {"uv": [4, 2, 2, 0], "texture": "#1"},
				"down": {"uv": [4, 2, 2, 4], "texture": "#1"}
			}
		},
		{
			"from": [9, -1.3, 3.65],
			"to": [9, 32, 10.7],
			"rotation": {"angle": 0, "axis": "y", "origin": [0, 0, -0.1]},
			"faces": {
				"north": {"uv": [0, 0, 0, 8.25], "texture": "#6"},
				"east": {"uv": [0, 0, 16, 16], "texture": "#6"},
				"south": {"uv": [0, 0, 0, 8.25], "texture": "#6"},
				"west": {"uv": [1.49869, 0, 16, 16], "texture": "#6"},
				"up": {"uv": [0, 1.75, 0, 0], "texture": "#6"},
				"down": {"uv": [0, 0, 0, 1.75], "texture": "#6"}
			}
		}
	],
	"display": {
		"thirdperson_righthand": {
			"translation": [0, 7, 0.5],
			"scale": [0.55, 0.55, 0.55]
		},
		"thirdperson_lefthand": {
			"translation": [0, 7, 0.5],
			"scale": [0.55, 0.55, 0.55]
		},
		"firstperson_righthand": {
			"translation": [2.25, 5.25, 0],
			"scale": [0.4, 0.4, 0.4]
		},
		"firstperson_lefthand": {
			"translation": [2.25, 5.25, 0],
			"scale": [0.4, 0.4, 0.4]
		},
		"ground": {
			"rotation": [-180, 0, 0],
			"translation": [0, 7.25, 0],
			"scale": [0.52, 0.52, 0.52]
		},
		"gui": {
			"rotation": [0, 90, 0],
			"scale": [0.39, 0.39, 0.39]
		},
		"fixed": {
			"rotation": [0, 90, 0],
			"scale": [0.39, 0.39, 0.39]
		}
	},
	"groups": [
		{
			"name": "group",
			"origin": [0, 0, 0],
			"color": 3,
			"children": [0, 1]
		},
		{
			"name": "group",
			"origin": [0, 0, 0],
			"color": 2,
			"children": [2, 3, 4]
		},
		{
			"name": "group",
			"origin": [0, 0, 0],
			"color": 8,
			"children": [5, 6, 7, 8]
		},
		{
			"name": "group",
			"origin": [8, 8, 8],
			"color": 0,
			"children": [9, 10]
		},
		{
			"name": "group",
			"origin": [8, 8, 8],
			"color": 4,
			"children": [11, 12]
		},
		{
			"name": "group",
			"origin": [8, 8, 8],
			"color": 0,
			"children": [13, 14]
		},
		{
			"name": "group",
			"origin": [8, 8, 8],
			"color": 7,
			"children": [15]
		}
	]
}