{
	"credit": "Made with Blockbench",
	"textures": {
		"3": "block/barrel_top_open",
		"4": "block/piston_top_sticky",
		"5": "block/gold_block",
		"6": "block/bee_nest_side",
		"particle": "block/gold_block"
	},
	"elements": [
		{
			"from": [7.80459, 13.58925, 12.38327],
			"to": [8.70459, 15.78925, 15.08327],
			"rotation": {"angle": 45, "axis": "y", "origin": [8.25459, 14.68925, 14.68327]},
			"faces": {
				"north": {"uv": [5.2, 5, 12.3, 9.2], "texture": "#5"},
				"east": {"uv": [5.2, 5, 11.9, 9.2], "texture": "#5"},
				"south": {"uv": [5.2, 5, 12.3, 9.2], "texture": "#5"},
				"west": {"uv": [5.2, 5, 13.9, 9.2], "texture": "#5"},
				"up": {"uv": [5.2, 5, 12.3, 9], "texture": "#5"},
				"down": {"uv": [5.2, 5, 12.3, 9], "texture": "#5"}
			}
		},
		{
			"from": [8.21924, 13.58925, 14.38431],
			"to": [9.51924, 15.78925, 15.28431],
			"rotation": {"angle": 0, "axis": "y", "origin": [9.11924, 14.68925, 14.83431]},
			"faces": {
				"north": {"uv": [5.2, 5, 11.9, 9], "texture": "#5"},
				"east": {"uv": [5.2, 5, 11.3, 9.2], "texture": "#5"},
				"south": {"uv": [5.2, 5, 11.2, 9.2], "texture": "#5"},
				"west": {"uv": [5.2, 5, 11.3, 9.2], "texture": "#5"},
				"up": {"uv": [5.2, 10, 12.3, 5.3], "rotation": 270, "texture": "#5"},
				"down": {"uv": [5.2, 10, 12.3, 5.3], "rotation": 90, "texture": "#5"}
			}
		},
		{
			"from": [9.03388, 13.58925, 13.78327],
			"to": [9.93388, 15.78925, 15.08327],
			"rotation": {"angle": -45, "axis": "y", "origin": [9.48388, 14.68925, 14.68327]},
			"faces": {
				"north": {"uv": [5.2, 5, 12.3, 9.2], "texture": "#5"},
				"east": {"uv": [5.2, 10, 11.9, 5.2], "texture": "#5"},
				"south": {"uv": [5.2, 5, 12.3, 9.2], "texture": "#5"},
				"west": {"uv": [5.2, 5, 11.9, 9.2], "texture": "#5"},
				"up": {"uv": [5.2, 10, 12.3, 5.3], "texture": "#5"},
				"down": {"uv": [5.2, 10, 12.3, 5.3], "texture": "#5"}
			}
		},
		{
			"from": [9.53848, 13.58925, 11.96508],
			"to": [10.43848, 15.78925, 14.36508],
			"rotation": {"angle": 0, "axis": "y", "origin": [9.98848, 14.68925, 13.96508]},
			"faces": {
				"north": {"uv": [5.2, 10, 12.3, 5.2], "texture": "#5"},
				"east": {"uv": [5.2, 10, 11.6, 5.2], "texture": "#5"},
				"south": {"uv": [6.2, 10, 12.3, 5.2], "texture": "#5"},
				"west": {"uv": [5.2, 10, 13.6, 5.2], "texture": "#5"},
				"up": {"uv": [5.2, 5, 12.3, 9.4], "texture": "#5"},
				"down": {"uv": [5.2, 5, 12.3, 9.4], "texture": "#5"}
			}
		},
		{
			"from": [9.53848, 14.01421, 10.62863],
			"to": [10.43848, 15.11421, 12.22863],
			"rotation": {"angle": 22.5, "axis": "x", "origin": [9.98848, 14.26421, 11.02863]},
			"faces": {
				"north": {"uv": [6.1, 5.9, 13.2, 10.4], "texture": "#5"},
				"east": {"uv": [6.8, 5.9, 13.2, 10.4], "texture": "#5"},
				"south": {"uv": [6.1, 5.9, 13.2, 10.4], "texture": "#5"},
				"west": {"uv": [5.2, 5, 13.6, 9.5], "texture": "#5"},
				"up": {"uv": [5.2, 10, 12.3, 5.6], "texture": "#5"},
				"down": {"uv": [5.2, 10, 12.3, 5.6], "texture": "#5"}
			}
		},
		{
			"from": [9.53848, 14.20154, 9.88687],
			"to": [10.43848, 15.17654, 11.58687],
			"rotation": {"angle": 0, "axis": "y", "origin": [9.98848, 15.15154, 11.48687]},
			"faces": {
				"north": {"uv": [5.2, 5, 12.3, 9.975], "texture": "#5"},
				"east": {"uv": [6, 5, 12.3, 9.975], "texture": "#5"},
				"south": {"uv": [5.2, 5, 12.3, 9], "texture": "#5"},
				"west": {"uv": [5.2, 5, 12.5, 9.975], "texture": "#5"},
				"up": {"uv": [5.2, 9.325, 12.3, 5], "texture": "#5"},
				"down": {"uv": [5.2, 5.325, 12.3, 10.025], "texture": "#5"}
			}
		},
		{
			"from": [9.53848, 14.16428, 10.62863],
			"to": [10.43848, 15.36428, 12.22863],
			"rotation": {"angle": -22.5, "axis": "x", "origin": [9.98848, 15.11428, 11.02863]},
			"faces": {
				"north": {"uv": [5.2, 10, 12.3, 5.2], "texture": "#5"},
				"east": {"uv": [5.2, 10, 11.2, 5.2], "texture": "#5"},
				"south": {"uv": [5.2, 10, 12.3, 5.2], "texture": "#5"},
				"west": {"uv": [5.2, 10, 13.6, 5.2], "texture": "#5"},
				"up": {"uv": [5.2, 10, 12.3, 5.6], "texture": "#5"},
				"down": {"uv": [5.2, 5, 12.3, 9.6], "texture": "#5"}
			}
		},
		{
			"from": [9.53848, 14.47449, 9.21467],
			"to": [10.43848, 14.97449, 10.21467],
			"rotation": {"angle": 22.5, "axis": "x", "origin": [9.98848, 14.96199, 9.36467]},
			"faces": {
				"north": {"uv": [6.1, 5.575, 13.2, 9.75], "texture": "#5"},
				"east": {"uv": [6.2, 5.575, 13.2, 9.75], "texture": "#5"},
				"south": {"uv": [6.1, 5.575, 13.2, 9.75], "texture": "#5"},
				"west": {"uv": [5.2, 10, 11.2, 5.175], "texture": "#5"},
				"up": {"uv": [6.1, 6, 13.2, 11], "texture": "#5"},
				"down": {"uv": [6.1, 6, 13.2, 11], "texture": "#5"}
			}
		},
		{
			"from": [9.53848, 14.45247, 8.83198],
			"to": [10.43848, 14.82747, 9.83198],
			"rotation": {"angle": -22.5, "axis": "x", "origin": [9.98848, 15.33997, 8.98198]},
			"faces": {
				"north": {"uv": [6.1, 5.775, 13.2, 10.15], "texture": "#5"},
				"east": {"uv": [6.2, 5.775, 13.2, 10.15], "texture": "#5"},
				"south": {"uv": [6.1, 5.775, 13.2, 10.15], "texture": "#5"},
				"west": {"uv": [5.2, 5, 12.2, 9.375], "texture": "#5"},
				"up": {"uv": [6.1, 6, 13.2, 11], "texture": "#5"},
				"down": {"uv": [6.1, 6, 13.2, 11], "texture": "#5"}
			}
		},
		{
			"from": [5.2, 15.20053, 4.05377],
			"to": [6.8, 17.90053, 5.65377],
			"rotation": {"angle": -22.5, "axis": "x", "origin": [5.8, 16.75053, 4.85377]},
			"faces": {
				"north": {"uv": [5.2, 5, 11.8, 9.7], "rotation": 180, "texture": "#5"},
				"east": {"uv": [5.2, 5, 11.2, 9], "rotation": 270, "texture": "#5"},
				"south": {"uv": [5.2, 5, 11.8, 9.7], "texture": "#5"},
				"west": {"uv": [5.2, 10, 11.2, 5], "rotation": 90, "texture": "#5"},
				"up": {"uv": [5.2, 5, 12.8, 9], "rotation": 180, "texture": "#5"},
				"down": {"uv": [5.2, 5, 11.8, 9], "texture": "#5"}
			}
		},
		{
			"from": [4.7, 13.38925, 8.36508],
			"to": [7.3, 15.98925, 14.36508],
			"rotation": {"angle": 0, "axis": "y", "origin": [6, 14.68925, 11.96508]},
			"faces": {
				"north": {"uv": [5.2, 5, 12.8, 9.6], "texture": "#5"},
				"east": {"uv": [5.2, 5, 11.2, 9.6], "texture": "#5"},
				"south": {"uv": [5.2, 5, 12.8, 9.6], "texture": "#5"},
				"west": {"uv": [5.2, 10, 12.2, 5], "texture": "#5"},
				"up": {"uv": [5.2, 5, 13.8, 9], "texture": "#5"},
				"down": {"uv": [5.2, 5, 12.8, 10], "texture": "#5"}
			}
		},
		{
			"from": [5, 14.07849, 4.9],
			"to": [7, 16.27849, 8.9],
			"rotation": {"angle": 22.5, "axis": "x", "origin": [5.7, 15.07849, 6.9]},
			"faces": {
				"north": {"uv": [5.2, 5, 12.2, 9.2], "texture": "#5"},
				"east": {"uv": [5.2, 5, 11.2, 9.2], "texture": "#5"},
				"south": {"uv": [5.2, 5, 12.2, 9.2], "texture": "#5"},
				"west": {"uv": [5.2, 10, 11.2, 5], "texture": "#5"},
				"up": {"uv": [5.2, 5, 13.2, 9], "texture": "#5"},
				"down": {"uv": [5.2, 5, 12.2, 9], "texture": "#5"}
			}
		},
		{
			"from": [3.29541, 13.58925, 12.28327],
			"to": [4.19541, 15.78925, 15.08327],
			"rotation": {"angle": -45, "axis": "y", "origin": [3.74541, 14.68925, 14.68327]},
			"faces": {
				"north": {"uv": [5.2, 5, 12.1, 9.2], "texture": "#5"},
				"east": {"uv": [5.2, 5, 14, 9.2], "texture": "#5"},
				"south": {"uv": [5.2, 5, 12.1, 9], "texture": "#5"},
				"west": {"uv": [5.2, 5, 13, 9.2], "texture": "#5"},
				"up": {"uv": [5.2, 5, 12.1, 9], "texture": "#5"},
				"down": {"uv": [5.2, 5, 12.1, 9], "texture": "#5"}
			}
		},
		{
			"from": [2.48076, 13.58925, 14.38431],
			"to": [3.78076, 15.78925, 15.28431],
			"rotation": {"angle": 0, "axis": "y", "origin": [2.88076, 14.68925, 14.83431]},
			"faces": {
				"north": {"uv": [5.2, 5, 12.5, 9.2], "texture": "#5"},
				"east": {"uv": [5.2, 5, 12.1, 9.2], "texture": "#5"},
				"south": {"uv": [5.2, 5, 12.5, 9], "texture": "#5"},
				"west": {"uv": [5.2, 5, 11.2, 9.2], "texture": "#5"},
				"up": {"uv": [5.2, 5, 12.1, 9], "rotation": 90, "texture": "#5"},
				"down": {"uv": [5.2, 5, 12.1, 9], "rotation": 270, "texture": "#5"}
			}
		},
		{
			"from": [2.06612, 13.58925, 13.78327],
			"to": [2.96612, 15.78925, 15.08327],
			"rotation": {"angle": 45, "axis": "y", "origin": [2.51612, 14.68925, 14.68327]},
			"faces": {
				"north": {"uv": [5.2, 5, 12.1, 9.2], "texture": "#5"},
				"east": {"uv": [5.2, 5, 12.5, 9.2], "texture": "#5"},
				"south": {"uv": [5.2, 5, 12.1, 9], "texture": "#5"},
				"west": {"uv": [5.2, 5, 11.5, 9.2], "texture": "#5"},
				"up": {"uv": [5.2, 5, 12.1, 9], "texture": "#5"},
				"down": {"uv": [5.2, 5, 12.1, 9], "texture": "#5"}
			}
		},
		{
			"from": [1.56152, 13.58925, 11.96508],
			"to": [2.46152, 15.78925, 14.36508],
			"rotation": {"angle": 0, "axis": "y", "origin": [2.01152, 14.68925, 13.96508]},
			"faces": {
				"north": {"uv": [5.2, 5, 12.1, 9.2], "texture": "#5"},
				"east": {"uv": [5.2, 5, 13.6, 9.2], "texture": "#5"},
				"south": {"uv": [5.2, 5, 12.1, 9], "texture": "#5"},
				"west": {"uv": [5.2, 5, 12.6, 9.2], "texture": "#5"},
				"up": {"uv": [5.2, 5, 12.1, 9], "texture": "#5"},
				"down": {"uv": [5.2, 5, 12.1, 9], "texture": "#5"}
			}
		},
		{
			"from": [1.56152, 14.08928, 10.62863],
			"to": [2.46152, 15.36428, 12.22863],
			"rotation": {"angle": -22.5, "axis": "x", "origin": [2.01152, 15.11428, 11.02863]},
			"faces": {
				"north": {"uv": [5.2, 10, 12.1, 5.275], "texture": "#5"},
				"east": {"uv": [5.2, 5, 12.8, 9], "texture": "#5"},
				"south": {"uv": [5.2, 10, 12.1, 5.275], "texture": "#5"},
				"west": {"uv": [5.2, 5, 12.8, 9], "texture": "#5"},
				"up": {"uv": [5.2, 10, 12.1, 5.6], "texture": "#5"},
				"down": {"uv": [5.2, 10, 12.1, 5.6], "texture": "#5"}
			}
		},
		{
			"from": [1.56152, 14.20195, 9.88687],
			"to": [2.46152, 15.17695, 11.58687],
			"rotation": {"angle": 0, "axis": "y", "origin": [2.01152, 14.22695, 11.48687]},
			"faces": {
				"north": {"uv": [5.2, 5, 12.1, 9.975], "texture": "#5"},
				"east": {"uv": [5.2, 5, 12.9, 9], "texture": "#5"},
				"south": {"uv": [5.2, 5, 12.1, 9.975], "texture": "#5"},
				"west": {"uv": [5.2, 5, 12.9, 9], "texture": "#5"},
				"up": {"uv": [5.2, 10, 12.1, 5.7], "texture": "#5"},
				"down": {"uv": [5.2, 10, 12.1, 5.7], "texture": "#5"}
			}
		},
		{
			"from": [1.56152, 14.01421, 10.62863],
			"to": [2.46152, 15.21421, 12.22863],
			"rotation": {"angle": 22.5, "axis": "x", "origin": [2.01152, 14.26421, 11.02863]},
			"faces": {
				"north": {"uv": [5.2, 10, 12.1, 5.2], "texture": "#5"},
				"east": {"uv": [5.2, 5, 12.8, 9], "texture": "#5"},
				"south": {"uv": [5.2, 10, 12.1, 5.2], "texture": "#5"},
				"west": {"uv": [5.2, 5, 12.8, 9], "texture": "#5"},
				"up": {"uv": [5.2, 10, 12.1, 5.6], "texture": "#5"},
				"down": {"uv": [5.2, 10, 12.1, 5.6], "texture": "#5"}
			}
		},
		{
			"from": [1.56152, 14.354, 9.21467],
			"to": [2.46152, 14.904, 10.21467],
			"rotation": {"angle": -22.5, "axis": "x", "origin": [2.01152, 14.4165, 9.36467]},
			"faces": {
				"north": {"uv": [5.2, 5, 12.1, 9.55], "texture": "#5"},
				"east": {"uv": [5.2, 5, 12.2, 9], "texture": "#5"},
				"south": {"uv": [5.2, 5, 12.1, 9.55], "texture": "#5"},
				"west": {"uv": [5.2, 5, 12.2, 9], "texture": "#5"},
				"up": {"uv": [5.2, 5, 12.1, 10], "texture": "#5"},
				"down": {"uv": [5.2, 5, 12.1, 10], "texture": "#5"}
			}
		},
		{
			"from": [1.56152, 14.55102, 8.83198],
			"to": [2.46152, 14.92602, 9.83198],
			"rotation": {"angle": 22.5, "axis": "x", "origin": [2.01152, 14.03852, 8.98198]},
			"faces": {
				"north": {"uv": [5.2, 5, 12.1, 9.375], "texture": "#5"},
				"east": {"uv": [5.2, 5, 12.2, 9], "texture": "#5"},
				"south": {"uv": [5.2, 5, 12.1, 9.375], "texture": "#5"},
				"west": {"uv": [5.2, 5, 12.2, 9], "texture": "#5"},
				"up": {"uv": [5.2, 5, 12.1, 10], "texture": "#5"},
				"down": {"uv": [5.2, 5, 12.1, 10], "texture": "#5"}
			}
		},
		{
			"from": [5.5, 15.60053, 4.35377],
			"to": [6.5, 18.30053, 5.35377],
			"rotation": {"angle": -22.5, "axis": "x", "origin": [5.8, 16.75053, 4.85377]},
			"faces": {
				"north": {"uv": [2, 0, 3, 0.7], "rotation": 180, "texture": "#3"},
				"east": {"uv": [0, 0, 2.7, 1], "rotation": 270, "texture": "#3"},
				"south": {"uv": [1, 0, 2, 0.7], "texture": "#3"},
				"west": {"uv": [0, 0, 2.7, 1], "rotation": 90, "texture": "#3"},
				"up": {"uv": [2, 0, 3, 1], "rotation": 180, "texture": "#3"},
				"down": {"uv": [1, 0, 2, 1], "texture": "#3"}
			}
		},
		{
			"from": [5.15, 13.62396, 13.62463],
			"to": [6.85, 15.37396, 17.92463],
			"rotation": {"angle": -22.5, "axis": "x", "origin": [6, 14.52396, 13.82463]},
			"faces": {
				"north": {"uv": [3, 0, 7.7, 2], "texture": "#6"},
				"east": {"uv": [3, 0, 7.3, 2], "texture": "#6"},
				"south": {"uv": [3, 0, 7.7, 2], "texture": "#6"},
				"west": {"uv": [3, 0, 8.3, 2], "texture": "#6"},
				"up": {"uv": [3, 0, 7.7, 2.3], "texture": "#6"},
				"down": {"uv": [3, 0, 7.7, 2.3], "texture": "#6"}
			}
		},
		{
			"from": [5.04458, 5.72741, 11.11508],
			"to": [6.14458, 7.62741, 12.11508],
			"rotation": {"angle": 22.5, "axis": "z", "origin": [5.59458, 6.67741, 11.61508]},
			"faces": {
				"north": {"uv": [4, 3, 5.1, 4.9], "texture": "#3"},
				"east": {"uv": [4, 3, 5, 4.9], "texture": "#3"},
				"south": {"uv": [4, 3, 5.1, 4.9], "texture": "#3"},
				"west": {"uv": [4, 3, 5, 4.9], "texture": "#3"},
				"up": {"uv": [4, 3, 5.1, 4], "texture": "#3"},
				"down": {"uv": [4, 3, 5.1, 4], "texture": "#3"}
			}
		},
		{
			"from": [5.85542, 5.72741, 11.11508],
			"to": [6.95542, 7.62741, 12.11508],
			"rotation": {"angle": -22.5, "axis": "z", "origin": [6.40542, 6.67741, 11.61508]},
			"faces": {
				"north": {"uv": [4, 3, 5.1, 4.9], "texture": "#3"},
				"east": {"uv": [4, 3, 5, 4.9], "texture": "#3"},
				"south": {"uv": [4, 3, 5.1, 4.9], "texture": "#3"},
				"west": {"uv": [4, 3, 5, 4.9], "texture": "#3"},
				"up": {"uv": [4, 3, 5.1, 4], "texture": "#3"},
				"down": {"uv": [4, 3, 5.1, 4], "texture": "#3"}
			}
		},
		{
			"from": [5.45, 7.70827, 11.51669],
			"to": [6.55, 9.60827, 12.51669],
			"rotation": {"angle": 22.5, "axis": "x", "origin": [6, 8.65827, 12.01669]},
			"faces": {
				"north": {"uv": [4, 3, 5.1, 4.9], "texture": "#3"},
				"east": {"uv": [4, 3, 5, 4.9], "texture": "#3"},
				"south": {"uv": [4, 3, 5.1, 4.9], "texture": "#3"},
				"west": {"uv": [4, 3, 5, 4.9], "texture": "#3"},
				"up": {"uv": [4, 3, 5.1, 4], "texture": "#3"},
				"down": {"uv": [4, 3, 5.1, 4], "texture": "#3"}
			}
		},
		{
			"from": [5.45, 7.58925, 11.11508],
			"to": [6.55, 9.48925, 12.11508],
			"rotation": {"angle": 0, "axis": "y", "origin": [6, 17.88925, 11.96508]},
			"faces": {
				"north": {"uv": [4, 3, 5.1, 4.9], "texture": "#3"},
				"east": {"uv": [4, 3, 5, 4.9], "texture": "#3"},
				"south": {"uv": [4, 3, 5.1, 4.9], "texture": "#3"},
				"west": {"uv": [4, 3, 5, 4.9], "texture": "#3"},
				"up": {"uv": [4, 3, 5.1, 4], "texture": "#3"},
				"down": {"uv": [4, 3, 5.1, 4], "texture": "#3"}
			}
		},
		{
			"from": [5.45, 7.70827, 10.71347],
			"to": [6.55, 9.60827, 11.71347],
			"rotation": {"angle": -22.5, "axis": "x", "origin": [6, 8.65827, 11.21347]},
			"faces": {
				"north": {"uv": [4, 3, 5.1, 4.9], "texture": "#3"},
				"east": {"uv": [4, 3, 5, 4.9], "texture": "#3"},
				"south": {"uv": [4, 3, 5.1, 4.9], "texture": "#3"},
				"west": {"uv": [4, 3, 5, 4.9], "texture": "#3"},
				"up": {"uv": [4, 3, 5.1, 4], "texture": "#3"},
				"down": {"uv": [4, 3, 5.1, 4], "texture": "#3"}
			}
		},
		{
			"from": [5.04458, 7.72741, 11.11508],
			"to": [6.14458, 9.62741, 12.11508],
			"rotation": {"angle": 22.5, "axis": "z", "origin": [5.59458, 8.67741, 11.61508]},
			"faces": {
				"north": {"uv": [4, 3, 5.1, 4.9], "texture": "#3"},
				"east": {"uv": [4, 3, 5, 4.9], "texture": "#3"},
				"south": {"uv": [4, 3, 5.1, 4.9], "texture": "#3"},
				"west": {"uv": [4, 3, 5, 4.9], "texture": "#3"},
				"up": {"uv": [4, 3, 5.1, 4], "texture": "#3"},
				"down": {"uv": [4, 3, 5.1, 4], "texture": "#3"}
			}
		},
		{
			"from": [5.85542, 7.72741, 11.11508],
			"to": [6.95542, 9.62741, 12.11508],
			"rotation": {"angle": -22.5, "axis": "z", "origin": [6.40542, 8.67741, 11.61508]},
			"faces": {
				"north": {"uv": [4, 3, 5.1, 4.9], "texture": "#3"},
				"east": {"uv": [4, 3, 5, 4.9], "texture": "#3"},
				"south": {"uv": [4, 3, 5.1, 4.9], "texture": "#3"},
				"west": {"uv": [4, 3, 5, 4.9], "texture": "#3"},
				"up": {"uv": [4, 3, 5.1, 4], "texture": "#3"},
				"down": {"uv": [4, 3, 5.1, 4], "texture": "#3"}
			}
		},
		{
			"from": [5.45, 3.70827, 11.51669],
			"to": [6.55, 5.60827, 12.51669],
			"rotation": {"angle": 22.5, "axis": "x", "origin": [6, 4.65827, 12.01669]},
			"faces": {
				"north": {"uv": [4, 3, 5.1, 4.9], "texture": "#3"},
				"east": {"uv": [4, 3, 5, 4.9], "texture": "#3"},
				"south": {"uv": [4, 3, 5.1, 4.9], "texture": "#3"},
				"west": {"uv": [4, 3, 5, 4.9], "texture": "#3"},
				"up": {"uv": [4, 3, 5.1, 4], "texture": "#3"},
				"down": {"uv": [4, 3, 5.1, 4], "texture": "#3"}
			}
		},
		{
			"from": [5.45, 3.58925, 11.11508],
			"to": [6.55, 5.48925, 12.11508],
			"rotation": {"angle": 0, "axis": "y", "origin": [6, 13.88925, 11.96508]},
			"faces": {
				"north": {"uv": [4, 3, 5.1, 4.9], "texture": "#3"},
				"east": {"uv": [4, 3, 5, 4.9], "texture": "#3"},
				"south": {"uv": [4, 3, 5.1, 4.9], "texture": "#3"},
				"west": {"uv": [4, 3, 5, 4.9], "texture": "#3"},
				"up": {"uv": [4, 3, 5.1, 4], "texture": "#3"},
				"down": {"uv": [4, 3, 5.1, 4], "texture": "#3"}
			}
		},
		{
			"from": [5.45, 3.70827, 10.71347],
			"to": [6.55, 5.60827, 11.71347],
			"rotation": {"angle": -22.5, "axis": "x", "origin": [6, 4.65827, 11.21347]},
			"faces": {
				"north": {"uv": [4, 3, 5.1, 4.9], "texture": "#3"},
				"east": {"uv": [4, 3, 5, 4.9], "texture": "#3"},
				"south": {"uv": [4, 3, 5.1, 4.9], "texture": "#3"},
				"west": {"uv": [4, 3, 5, 4.9], "texture": "#3"},
				"up": {"uv": [4, 3, 5.1, 4], "texture": "#3"},
				"down": {"uv": [4, 3, 5.1, 4], "texture": "#3"}
			}
		},
		{
			"from": [5.04458, 3.72741, 11.11508],
			"to": [6.14458, 5.62741, 12.11508],
			"rotation": {"angle": 22.5, "axis": "z", "origin": [5.59458, 4.67741, 11.61508]},
			"faces": {
				"north": {"uv": [4, 3, 5.1, 4.9], "texture": "#3"},
				"east": {"uv": [4, 3, 5, 4.9], "texture": "#3"},
				"south": {"uv": [4, 3, 5.1, 4.9], "texture": "#3"},
				"west": {"uv": [4, 3, 5, 4.9], "texture": "#3"},
				"up": {"uv": [4, 3, 5.1, 4], "texture": "#3"},
				"down": {"uv": [4, 3, 5.1, 4], "texture": "#3"}
			}
		},
		{
			"from": [5.85542, 3.72741, 11.11508],
			"to": [6.95542, 5.62741, 12.11508],
			"rotation": {"angle": -22.5, "axis": "z", "origin": [6.40542, 4.67741, 11.61508]},
			"faces": {
				"north": {"uv": [4, 3, 5.1, 4.9], "texture": "#3"},
				"east": {"uv": [4, 3, 5, 4.9], "texture": "#3"},
				"south": {"uv": [4, 3, 5.1, 4.9], "texture": "#3"},
				"west": {"uv": [4, 3, 5, 4.9], "texture": "#3"},
				"up": {"uv": [4, 3, 5.1, 4], "texture": "#3"},
				"down": {"uv": [4, 3, 5.1, 4], "texture": "#3"}
			}
		},
		{
			"from": [5.45, 9.70827, 11.51669],
			"to": [6.55, 11.60827, 12.51669],
			"rotation": {"angle": 22.5, "axis": "x", "origin": [6, 10.65827, 12.01669]},
			"faces": {
				"north": {"uv": [4, 3, 5.1, 4.9], "texture": "#3"},
				"east": {"uv": [4, 3, 5, 4.9], "texture": "#3"},
				"south": {"uv": [4, 3, 5.1, 4.9], "texture": "#3"},
				"west": {"uv": [4, 3, 5, 4.9], "texture": "#3"},
				"up": {"uv": [4, 3, 5.1, 4], "texture": "#3"},
				"down": {"uv": [4, 3, 5.1, 4], "texture": "#3"}
			}
		},
		{
			"from": [5.45, 9.58925, 11.11508],
			"to": [6.55, 11.48925, 12.11508],
			"rotation": {"angle": 0, "axis": "y", "origin": [6, 19.88925, 11.96508]},
			"faces": {
				"north": {"uv": [4, 3, 5.1, 4.9], "texture": "#3"},
				"east": {"uv": [4, 3, 5, 4.9], "texture": "#3"},
				"south": {"uv": [4, 3, 5.1, 4.9], "texture": "#3"},
				"west": {"uv": [4, 3, 5, 4.9], "texture": "#3"},
				"up": {"uv": [4, 3, 5.1, 4], "texture": "#3"},
				"down": {"uv": [4, 3, 5.1, 4], "texture": "#3"}
			}
		},
		{
			"from": [5.45, 9.70827, 10.71347],
			"to": [6.55, 11.60827, 11.71347],
			"rotation": {"angle": -22.5, "axis": "x", "origin": [6, 10.65827, 11.21347]},
			"faces": {
				"north": {"uv": [4, 3, 5.1, 4.9], "texture": "#3"},
				"east": {"uv": [4, 3, 5, 4.9], "texture": "#3"},
				"south": {"uv": [4, 3, 5.1, 4.9], "texture": "#3"},
				"west": {"uv": [4, 3, 5, 4.9], "texture": "#3"},
				"up": {"uv": [4, 3, 5.1, 4], "texture": "#3"},
				"down": {"uv": [4, 3, 5.1, 4], "texture": "#3"}
			}
		},
		{
			"from": [5.04458, 9.72741, 11.11508],
			"to": [6.14458, 11.62741, 12.11508],
			"rotation": {"angle": 22.5, "axis": "z", "origin": [5.59458, 10.67741, 11.61508]},
			"faces": {
				"north": {"uv": [4, 3, 5.1, 4.9], "texture": "#3"},
				"east": {"uv": [4, 3, 5, 4.9], "texture": "#3"},
				"south": {"uv": [4, 3, 5.1, 4.9], "texture": "#3"},
				"west": {"uv": [4, 3, 5, 4.9], "texture": "#3"},
				"up": {"uv": [4, 3, 5.1, 4], "texture": "#3"},
				"down": {"uv": [4, 3, 5.1, 4], "texture": "#3"}
			}
		},
		{
			"from": [5.85542, 9.72741, 11.11508],
			"to": [6.95542, 11.62741, 12.11508],
			"rotation": {"angle": -22.5, "axis": "z", "origin": [6.40542, 10.67741, 11.61508]},
			"faces": {
				"north": {"uv": [4, 3, 5.1, 4.9], "texture": "#3"},
				"east": {"uv": [4, 3, 5, 4.9], "texture": "#3"},
				"south": {"uv": [4, 3, 5.1, 4.9], "texture": "#3"},
				"west": {"uv": [4, 3, 5, 4.9], "texture": "#3"},
				"up": {"uv": [4, 3, 5.1, 4], "texture": "#3"},
				"down": {"uv": [4, 3, 5.1, 4], "texture": "#3"}
			}
		},
		{
			"from": [5.45, 1.70827, 11.51669],
			"to": [6.55, 3.60827, 12.51669],
			"rotation": {"angle": 22.5, "axis": "x", "origin": [6, 2.65827, 12.01669]},
			"faces": {
				"north": {"uv": [4, 3, 5.1, 4.9], "texture": "#3"},
				"east": {"uv": [4, 3, 5, 4.9], "texture": "#3"},
				"south": {"uv": [4, 3, 5.1, 4.9], "texture": "#3"},
				"west": {"uv": [4, 3, 5, 4.9], "texture": "#3"},
				"up": {"uv": [4, 3, 5.1, 4], "texture": "#3"},
				"down": {"uv": [4, 3, 5.1, 4], "texture": "#3"}
			}
		},
		{
			"from": [5.45, 1.58925, 11.11508],
			"to": [6.55, 3.48925, 12.11508],
			"rotation": {"angle": 0, "axis": "y", "origin": [6, 11.88925, 11.96508]},
			"faces": {
				"north": {"uv": [4, 3, 5.1, 4.9], "texture": "#3"},
				"east": {"uv": [4, 3, 5, 4.9], "texture": "#3"},
				"south": {"uv": [4, 3, 5.1, 4.9], "texture": "#3"},
				"west": {"uv": [4, 3, 5, 4.9], "texture": "#3"},
				"up": {"uv": [4, 3, 5.1, 4], "texture": "#3"},
				"down": {"uv": [4, 3, 5.1, 4], "texture": "#3"}
			}
		},
		{
			"from": [5.45, 1.70827, 10.71347],
			"to": [6.55, 3.60827, 11.71347],
			"rotation": {"angle": -22.5, "axis": "x", "origin": [6, 2.65827, 11.21347]},
			"faces": {
				"north": {"uv": [4, 3, 5.1, 4.9], "texture": "#3"},
				"east": {"uv": [4, 3, 5, 4.9], "texture": "#3"},
				"south": {"uv": [4, 3, 5.1, 4.9], "texture": "#3"},
				"west": {"uv": [4, 3, 5, 4.9], "texture": "#3"},
				"up": {"uv": [4, 3, 5.1, 4], "texture": "#3"},
				"down": {"uv": [4, 3, 5.1, 4], "texture": "#3"}
			}
		},
		{
			"from": [5.04458, 1.72741, 11.11508],
			"to": [6.14458, 3.62741, 12.11508],
			"rotation": {"angle": 22.5, "axis": "z", "origin": [5.59458, 2.67741, 11.61508]},
			"faces": {
				"north": {"uv": [4, 3, 5.1, 4.9], "texture": "#3"},
				"east": {"uv": [4, 3, 5, 4.9], "texture": "#3"},
				"south": {"uv": [4, 3, 5.1, 4.9], "texture": "#3"},
				"west": {"uv": [4, 3, 5, 4.9], "texture": "#3"},
				"up": {"uv": [4, 3, 5.1, 4], "texture": "#3"},
				"down": {"uv": [4, 3, 5.1, 4], "texture": "#3"}
			}
		},
		{
			"from": [5.85542, 1.72741, 11.11508],
			"to": [6.95542, 3.62741, 12.11508],
			"rotation": {"angle": -22.5, "axis": "z", "origin": [6.40542, 2.67741, 11.61508]},
			"faces": {
				"north": {"uv": [4, 3, 5.1, 4.9], "texture": "#3"},
				"east": {"uv": [4, 3, 5, 4.9], "texture": "#3"},
				"south": {"uv": [4, 3, 5.1, 4.9], "texture": "#3"},
				"west": {"uv": [4, 3, 5, 4.9], "texture": "#3"},
				"up": {"uv": [4, 3, 5.1, 4], "texture": "#3"},
				"down": {"uv": [4, 3, 5.1, 4], "texture": "#3"}
			}
		},
		{
			"from": [5.45, 11.70827, 11.51669],
			"to": [6.55, 13.60827, 12.51669],
			"rotation": {"angle": 22.5, "axis": "x", "origin": [6, 12.65827, 12.01669]},
			"faces": {
				"north": {"uv": [4, 3, 5.1, 4.9], "texture": "#3"},
				"east": {"uv": [4, 3, 5, 4.9], "texture": "#3"},
				"south": {"uv": [4, 3, 5.1, 4.9], "texture": "#3"},
				"west": {"uv": [4, 3, 5, 4.9], "texture": "#3"},
				"up": {"uv": [4, 3, 5.1, 4], "texture": "#3"},
				"down": {"uv": [4, 3, 5.1, 4], "texture": "#3"}
			}
		},
		{
			"from": [5.45, 11.58925, 11.11508],
			"to": [6.55, 13.48925, 12.11508],
			"rotation": {"angle": 0, "axis": "y", "origin": [6, 21.88925, 11.96508]},
			"faces": {
				"north": {"uv": [4, 3, 5.1, 4.9], "texture": "#3"},
				"east": {"uv": [4, 3, 5, 4.9], "texture": "#3"},
				"south": {"uv": [4, 3, 5.1, 4.9], "texture": "#3"},
				"west": {"uv": [4, 3, 5, 4.9], "texture": "#3"},
				"up": {"uv": [4, 3, 5.1, 4], "texture": "#3"},
				"down": {"uv": [4, 3, 5.1, 4], "texture": "#3"}
			}
		},
		{
			"from": [5.45, 11.70827, 10.71347],
			"to": [6.55, 13.60827, 11.71347],
			"rotation": {"angle": -22.5, "axis": "x", "origin": [6, 12.65827, 11.21347]},
			"faces": {
				"north": {"uv": [4, 3, 5.1, 4.9], "texture": "#3"},
				"east": {"uv": [4, 3, 5, 4.9], "texture": "#3"},
				"south": {"uv": [4, 3, 5.1, 4.9], "texture": "#3"},
				"west": {"uv": [4, 3, 5, 4.9], "texture": "#3"},
				"up": {"uv": [4, 3, 5.1, 4], "texture": "#3"},
				"down": {"uv": [4, 3, 5.1, 4], "texture": "#3"}
			}
		},
		{
			"from": [5.04458, 11.72741, 11.11508],
			"to": [6.14458, 13.62741, 12.11508],
			"rotation": {"angle": 22.5, "axis": "z", "origin": [5.59458, 12.67741, 11.61508]},
			"faces": {
				"north": {"uv": [4, 3, 5.1, 4.9], "texture": "#3"},
				"east": {"uv": [4, 3, 5, 4.9], "texture": "#3"},
				"south": {"uv": [4, 3, 5.1, 4.9], "texture": "#3"},
				"west": {"uv": [4, 3, 5, 4.9], "texture": "#3"},
				"up": {"uv": [4, 3, 5.1, 4], "texture": "#3"},
				"down": {"uv": [4, 3, 5.1, 4], "texture": "#3"}
			}
		},
		{
			"from": [5.85542, 11.72741, 11.11508],
			"to": [6.95542, 13.62741, 12.11508],
			"rotation": {"angle": -22.5, "axis": "z", "origin": [6.40542, 12.67741, 11.61508]},
			"faces": {
				"north": {"uv": [4, 3, 5.1, 4.9], "texture": "#3"},
				"east": {"uv": [4, 3, 5, 4.9], "texture": "#3"},
				"south": {"uv": [4, 3, 5.1, 4.9], "texture": "#3"},
				"west": {"uv": [4, 3, 5, 4.9], "texture": "#3"},
				"up": {"uv": [4, 3, 5.1, 4], "texture": "#3"},
				"down": {"uv": [4, 3, 5.1, 4], "texture": "#3"}
			}
		},
		{
			"from": [5.45, 5.70827, 10.71347],
			"to": [6.55, 7.60827, 11.71347],
			"rotation": {"angle": -22.5, "axis": "x", "origin": [6, 6.65827, 11.21347]},
			"faces": {
				"north": {"uv": [4, 3, 5.1, 4.9], "texture": "#3"},
				"east": {"uv": [4, 3, 5, 4.9], "texture": "#3"},
				"south": {"uv": [4, 3, 5.1, 4.9], "texture": "#3"},
				"west": {"uv": [4, 3, 5, 4.9], "texture": "#3"},
				"up": {"uv": [4, 3, 5.1, 4], "texture": "#3"},
				"down": {"uv": [4, 3, 5.1, 4], "texture": "#3"}
			}
		},
		{
			"from": [5.45, 5.58925, 11.11508],
			"to": [6.55, 7.48925, 12.11508],
			"rotation": {"angle": 0, "axis": "y", "origin": [6, 15.88925, 11.96508]},
			"faces": {
				"north": {"uv": [4, 3, 5.1, 4.9], "texture": "#3"},
				"east": {"uv": [4, 3, 5, 4.9], "texture": "#3"},
				"south": {"uv": [4, 3, 5.1, 4.9], "texture": "#3"},
				"west": {"uv": [4, 3, 5, 4.9], "texture": "#3"},
				"up": {"uv": [4, 3, 5.1, 4], "texture": "#3"},
				"down": {"uv": [4, 3, 5.1, 4], "texture": "#3"}
			}
		},
		{
			"from": [5.45, 5.70827, 11.51669],
			"to": [6.55, 7.60827, 12.51669],
			"rotation": {"angle": 22.5, "axis": "x", "origin": [6, 6.65827, 12.01669]},
			"faces": {
				"north": {"uv": [4, 3, 5.1, 4.9], "texture": "#3"},
				"east": {"uv": [4, 3, 5, 4.9], "texture": "#3"},
				"south": {"uv": [4, 3, 5.1, 4.9], "texture": "#3"},
				"west": {"uv": [4, 3, 5, 4.9], "texture": "#3"},
				"up": {"uv": [4, 3, 5.1, 4], "texture": "#3"},
				"down": {"uv": [4, 3, 5.1, 4], "texture": "#3"}
			}
		},
		{
			"from": [5.85542, -0.17259, 11.11508],
			"to": [6.95542, 1.72741, 12.11508],
			"rotation": {"angle": -22.5, "axis": "z", "origin": [6.40542, 0.77741, 11.61508]},
			"faces": {
				"north": {"uv": [4, 3, 5.1, 4.9], "texture": "#3"},
				"east": {"uv": [4, 3, 5, 4.9], "texture": "#3"},
				"south": {"uv": [4, 3, 5.1, 4.9], "texture": "#3"},
				"west": {"uv": [4, 3, 5, 4.9], "texture": "#3"},
				"up": {"uv": [4, 3, 5.1, 4], "texture": "#3"},
				"down": {"uv": [4, 3, 5.1, 4], "texture": "#3"}
			}
		},
		{
			"from": [5.04458, -0.17259, 11.11508],
			"to": [6.14458, 1.72741, 12.11508],
			"rotation": {"angle": 22.5, "axis": "z", "origin": [5.59458, 0.77741, 11.61508]},
			"faces": {
				"north": {"uv": [4, 3, 5.1, 4.9], "texture": "#3"},
				"east": {"uv": [4, 3, 5, 4.9], "texture": "#3"},
				"south": {"uv": [4, 3, 5.1, 4.9], "texture": "#3"},
				"west": {"uv": [4, 3, 5, 4.9], "texture": "#3"},
				"up": {"uv": [4, 3, 5.1, 4], "texture": "#3"},
				"down": {"uv": [4, 3, 5.1, 4], "texture": "#3"}
			}
		},
		{
			"from": [5.45, -0.19173, 10.71347],
			"to": [6.55, 1.70827, 11.71347],
			"rotation": {"angle": -22.5, "axis": "x", "origin": [6, 0.75827, 11.21347]},
			"faces": {
				"north": {"uv": [4, 3, 5.1, 4.9], "texture": "#3"},
				"east": {"uv": [4, 3, 5, 4.9], "texture": "#3"},
				"south": {"uv": [4, 3, 5.1, 4.9], "texture": "#3"},
				"west": {"uv": [4, 3, 5, 4.9], "texture": "#3"},
				"up": {"uv": [4, 3, 5.1, 4], "texture": "#3"},
				"down": {"uv": [4, 3, 5.1, 4], "texture": "#3"}
			}
		},
		{
			"from": [5.45, -0.31075, 11.11508],
			"to": [6.55, 1.58925, 12.11508],
			"rotation": {"angle": 0, "axis": "y", "origin": [6, 9.98925, 11.96508]},
			"faces": {
				"north": {"uv": [4, 3, 5.1, 4.9], "texture": "#3"},
				"east": {"uv": [4, 3, 5, 4.9], "texture": "#3"},
				"south": {"uv": [4, 3, 5.1, 4.9], "texture": "#3"},
				"west": {"uv": [4, 3, 5, 4.9], "texture": "#3"},
				"up": {"uv": [4, 3, 5.1, 4], "texture": "#3"},
				"down": {"uv": [4, 3, 5.1, 4], "texture": "#3"}
			}
		},
		{
			"from": [5.45, -0.19173, 11.51669],
			"to": [6.55, 1.70827, 12.51669],
			"rotation": {"angle": 22.5, "axis": "x", "origin": [6, 0.75827, 12.01669]},
			"faces": {
				"north": {"uv": [4, 3, 5.1, 4.9], "texture": "#3"},
				"east": {"uv": [4, 3, 5, 4.9], "texture": "#3"},
				"south": {"uv": [4, 3, 5.1, 4.9], "texture": "#3"},
				"west": {"uv": [4, 3, 5, 4.9], "texture": "#3"},
				"up": {"uv": [4, 3, 5.1, 4], "texture": "#3"},
				"down": {"uv": [4, 3, 5.1, 4], "texture": "#3"}
			}
		},
		{
			"from": [4.6, 13.28925, 11.76508],
			"to": [7.4, 16.08925, 12.46508],
			"rotation": {"angle": 0, "axis": "y", "origin": [6, 14.68925, 11.96508]},
			"faces": {
				"north": {"uv": [9, 3, 11.8, 5.8], "texture": "#4"},
				"east": {"uv": [9, 3, 9.7, 5.8], "texture": "#4"},
				"south": {"uv": [9, 3, 11.8, 5.8], "texture": "#4"},
				"west": {"uv": [9, 3, 9.7, 5.8], "texture": "#4"},
				"up": {"uv": [9, 3, 11.8, 3.7], "texture": "#4"},
				"down": {"uv": [9, 3, 11.8, 3.7], "texture": "#4"}
			}
		},
		{
			"from": [4.6, 13.28925, 10.56508],
			"to": [7.4, 16.08925, 11.26508],
			"rotation": {"angle": 0, "axis": "y", "origin": [6, 14.68925, 11.96508]},
			"faces": {
				"north": {"uv": [9, 3, 11.8, 5.8], "texture": "#4"},
				"east": {"uv": [9, 3, 9.7, 5.8], "texture": "#4"},
				"south": {"uv": [9, 3, 11.8, 5.8], "texture": "#4"},
				"west": {"uv": [9, 3, 9.7, 5.8], "texture": "#4"},
				"up": {"uv": [9, 3, 11.8, 3.7], "texture": "#4"},
				"down": {"uv": [9, 3, 11.8, 3.7], "texture": "#4"}
			}
		},
		{
			"from": [5.5, 9.48925, 10.16508],
			"to": [7.8, 10.18925, 12.46508],
			"rotation": {"angle": -45, "axis": "y", "origin": [6, 11.98925, 10.71508]},
			"faces": {
				"north": {"uv": [9, 3, 11.3, 3.7], "texture": "#4"},
				"east": {"uv": [9, 3, 11.3, 3.7], "texture": "#4"},
				"south": {"uv": [9, 3, 11.3, 3.7], "texture": "#4"},
				"west": {"uv": [9, 3, 11.3, 3.7], "texture": "#4"},
				"up": {"uv": [9, 3, 11.3, 5.3], "texture": "#4"},
				"down": {"uv": [9, 3, 11.3, 5.3], "texture": "#4"}
			}
		},
		{
			"from": [5.5, 11.38925, 10.16508],
			"to": [7.8, 12.08925, 12.46508],
			"rotation": {"angle": -45, "axis": "y", "origin": [6, 11.98925, 10.71508]},
			"faces": {
				"north": {"uv": [9, 3, 11.3, 3.7], "texture": "#4"},
				"east": {"uv": [9, 3, 11.3, 3.7], "texture": "#4"},
				"south": {"uv": [9, 3, 11.3, 3.7], "texture": "#4"},
				"west": {"uv": [9, 3, 11.3, 3.7], "texture": "#4"},
				"up": {"uv": [9, 3, 11.3, 5.3], "texture": "#4"},
				"down": {"uv": [9, 3, 11.3, 5.3], "texture": "#4"}
			}
		}
	],
	"display": {
		"thirdperson_righthand": {
			"rotation": [0, -180, 0],
			"translation": [-2, 0.5, 3.75]
		},
		"thirdperson_lefthand": {
			"rotation": [0, -180, 0],
			"translation": [2.25, 0.5, 3.75]
		},
		"firstperson_righthand": {
			"rotation": [0, -180, 0],
			"translation": [-0.75, 3, 2.25],
			"scale": [0.47, 0.47, 0.47]
		},
		"firstperson_lefthand": {
			"rotation": [0, -180, 0],
			"translation": [1, 3, 2.25],
			"scale": [0.47, 0.47, 0.47]
		},
		"ground": {
			"rotation": [-90, 0, 0],
			"translation": [3.25, 0, 1],
			"scale": [0.89, 0.89, 0.9]
		},
		"gui": {
			"rotation": [0, 0, 45],
			"translation": [2.25, 0, 0]
		}
	},
	"groups": [
		{
			"name": "group",
			"origin": [2.01152, 14.03852, 8.98198],
			"color": 0,
			"nbt": "{}",
			"armAnimationEnabled": false,
			"children": [
				0,
				1,
				2,
				3,
				4,
				5,
				6,
				7,
				8,
				{
					"name": "group",
					"origin": [5.7, 15.07849, 6.9],
					"color": 0,
					"nbt": "{}",
					"armAnimationEnabled": false,
					"children": [9, 10, 11]
				},
				{
					"name": "group",
					"origin": [2.01152, 14.03852, 8.98198],
					"color": 0,
					"nbt": "{}",
					"armAnimationEnabled": false,
					"children": [12, 13, 14, 15, 16, 17, 18, 19, 20]
				}
			]
		},
		{
			"name": "group",
			"origin": [5.8, 16.75053, 4.85377],
			"color": 0,
			"nbt": "{}",
			"armAnimationEnabled": false,
			"children": [21]
		},
		{
			"name": "group",
			"origin": [6, 14.52396, 13.82463],
			"color": 0,
			"nbt": "{}",
			"armAnimationEnabled": false,
			"children": [22]
		},
		{
			"name": "group",
			"origin": [8, 8, 8],
			"color": 2,
			"nbt": "{}",
			"armAnimationEnabled": false,
			"children": [23, 24, 25, 26, 27, 28, 29, 30, 31, 32, 33, 34, 35, 36, 37, 38, 39, 40, 41, 42, 43, 44, 45, 46, 47, 48, 49, 50, 51, 52, 53, 54, 55, 56, 57]
		},
		{
			"name": "group",
			"origin": [8, 8, 8],
			"color": 6,
			"nbt": "{}",
			"armAnimationEnabled": false,
			"children": [58, 59, 60, 61]
		}
	]
}