{
	"credit": "Made with Blockbench",
	"textures": {
		"0": "block/anvil",
		"1": "block/oak_planks",
		"particle": "block/anvil"
	},
	"elements": [
		{
			"from": [8, 6, 7],
			"to": [9, 20.5, 8],
			"faces": {
				"north": {"uv": [0, 0, 1, 14.5], "texture": "#1"},
				"east": {"uv": [0, 0, 1, 14.5], "texture": "#1"},
				"south": {"uv": [15, 1, 16, 15], "texture": "#1"},
				"west": {"uv": [0, 0, 1, 14.5], "texture": "#1"},
				"up": {"uv": [0, 0, 1, 1], "texture": "#1"},
				"down": {"uv": [0, 0, 1, 1], "texture": "#1"}
			}
		},
		{
			"from": [7.75, 4, 6.75],
			"to": [9.25, 8, 8.25],
			"faces": {
				"north": {"uv": [0, 0, 1.5, 4], "texture": "#0"},
				"east": {"uv": [0, 0, 1.5, 4], "texture": "#0"},
				"south": {"uv": [0, 0, 1.5, 4], "texture": "#0"},
				"west": {"uv": [0, 0, 1.5, 4], "texture": "#0"},
				"up": {"uv": [0, 0, 1.5, 1.5], "texture": "#0"},
				"down": {"uv": [0, 0, 1.5, 1.5], "texture": "#0"}
			}
		},
		{
			"from": [6.75, 16, 6.75],
			"to": [10.25, 20, 8.25],
			"faces": {
				"north": {"uv": [0, 0, 3.5, 4], "texture": "#0"},
				"east": {"uv": [0, 0, 1.5, 4], "texture": "#0"},
				"south": {"uv": [5, 3, 8.5, 7], "texture": "#0"},
				"west": {"uv": [0, 0, 1.5, 4], "texture": "#0"},
				"up": {"uv": [0, 0, 3.5, 1.5], "texture": "#0"},
				"down": {"uv": [0, 0, 3.5, 1.5], "texture": "#0"}
			}
		},
		{
			"from": [10.25, 16.75, 6.8],
			"to": [13.75, 19.75, 8.175],
			"faces": {
				"north": {"uv": [0, 0, 3.5, 3], "texture": "#0"},
				"east": {"uv": [0, 0, 1.375, 3], "texture": "#0"},
				"south": {"uv": [0, 0, 3.5, 3], "texture": "#0"},
				"west": {"uv": [0, 0, 1.375, 3], "texture": "#0"},
				"up": {"uv": [0, 0, 3.5, 1.375], "texture": "#0"},
				"down": {"uv": [0, 0, 3.5, 1.375], "texture": "#0"}
			}
		},
		{
			"from": [15.41175, 15.65879, 7.075],
			"to": [19.16175, 17.90879, 7.925],
			"rotation": {"angle": -45, "axis": "z", "origin": [16.66175, 16.15879, 7.75]},
			"faces": {
				"north": {"uv": [0, 0, 3.75, 2.25], "texture": "#0"},
				"east": {"uv": [0, 0, 0.85, 2.25], "texture": "#0"},
				"south": {"uv": [0, 0, 3.75, 2.25], "texture": "#0"},
				"west": {"uv": [0, 0, 0.85, 2.25], "texture": "#0"},
				"up": {"uv": [0, 0, 3.75, 0.85], "texture": "#0"},
				"down": {"uv": [0, 0, 3.75, 0.85], "texture": "#0"}
			}
		},
		{
			"from": [13.7891, 16.19657, 6.875],
			"to": [17.5391, 18.87157, 8.175],
			"rotation": {"angle": -22.5, "axis": "z", "origin": [15.7891, 19.44657, 7.5]},
			"faces": {
				"north": {"uv": [0, 0, 3.75, 2.675], "texture": "#0"},
				"east": {"uv": [0, 0, 1.3, 2.675], "texture": "#0"},
				"south": {"uv": [0, 0, 3.75, 2.675], "texture": "#0"},
				"west": {"uv": [0, 0, 1.3, 2.675], "texture": "#0"},
				"up": {"uv": [0, 0, 3.75, 1.3], "texture": "#0"},
				"down": {"uv": [0, 0, 3.75, 1.3], "texture": "#0"}
			}
		},
		{
			"from": [3.25, 16.75, 6.8],
			"to": [6.75, 19.75, 8.175],
			"rotation": {"angle": 0, "axis": "y", "origin": [17, 0, 0]},
			"faces": {
				"north": {"uv": [3.5, 0, 7, 3], "texture": "#0"},
				"east": {"uv": [1.375, 0, 2.75, 3], "texture": "#0"},
				"south": {"uv": [7.5, 5, 11, 8], "texture": "#0"},
				"west": {"uv": [1.375, 0, 2.75, 3], "texture": "#0"},
				"up": {"uv": [3.5, 0, 7, 1.375], "texture": "#0"},
				"down": {"uv": [3.5, 0, 7, 1.375], "texture": "#0"}
			}
		},
		{
			"from": [-2.16175, 15.65879, 7.075],
			"to": [1.58825, 17.90879, 7.925],
			"rotation": {"angle": 45, "axis": "z", "origin": [0.33825, 16.15879, 7.75]},
			"faces": {
				"north": {"uv": [3.75, 0, 7.5, 2.25], "texture": "#0"},
				"east": {"uv": [0.85, 0, 1.7, 2.25], "texture": "#0"},
				"south": {"uv": [3.75, 0, 7.5, 2.25], "texture": "#0"},
				"west": {"uv": [0.85, 0, 1.7, 2.25], "texture": "#0"},
				"up": {"uv": [3.75, 0, 7.5, 0.85], "texture": "#0"},
				"down": {"uv": [3.75, 0, 7.5, 0.85], "texture": "#0"}
			}
		},
		{
			"from": [-0.5391, 16.19657, 6.875],
			"to": [3.2109, 18.87157, 8.175],
			"rotation": {"angle": 22.5, "axis": "z", "origin": [1.2109, 19.44657, 7.5]},
			"faces": {
				"north": {"uv": [3.75, 0, 7.5, 2.675], "texture": "#0"},
				"east": {"uv": [1.3, 0, 2.6, 2.675], "texture": "#0"},
				"south": {"uv": [3.75, 0, 7.5, 2.675], "texture": "#0"},
				"west": {"uv": [1.3, 0, 2.6, 2.675], "texture": "#0"},
				"up": {"uv": [3.75, 0, 7.5, 1.3], "texture": "#0"},
				"down": {"uv": [3.75, 0, 7.5, 1.3], "texture": "#0"}
			}
		}
	],
	"display": {
		"thirdperson_righthand": {
			"rotation": [0, 90, 0],
			"translation": [0.5, 2, 0.75]
		},
		"thirdperson_lefthand": {
			"rotation": [0, 91, 0],
			"translation": [0, 0, -0.25]
		},
		"firstperson_righthand": {
			"rotation": [0, 85, 0]
		},
		"firstperson_lefthand": {
			"rotation": [0, 85, 0]
		},
		"ground": {
			"rotation": [33, 39, 5]
		},
		"gui": {
			"rotation": [9, -26, -20],
			"translation": [-3.5, -2.75, 0],
			"scale": [0.8, 0.8, 0.8]
		},
		"head": {
			"translation": [0, 7.25, 0]
		},
		"fixed": {
			"translation": [0, -2.5, 0],
			"scale": [0.78, 0.78, 0.78]
		}
	},
	"groups": [
		{
			"name": "trzymanie",
			"origin": [0, 0, 0],
			"color": 0,
			"children": [0, 1, 2]
		},
		{
			"name": "right",
			"origin": [0, 0, 0],
			"color": 0,
			"children": [3, 4, 5]
		},
		{
			"name": "left",
			"origin": [0, 0, 0],
			"color": 0,
			"children": [6, 7, 8]
		}
	]
}