{
	"credit": "Made with Blockbench",
	"textures": {
		"0": "block/red_concrete",
		"1": "block/white_concrete",
		"6": "block/gold_block",
		"7": "block/anvil",
		"8": "block/yellow_concrete_powder",
		"particle": "block/red_concrete"
	},
	"elements": [
		{
			"name": "base_handle",
			"from": [6.27284, 14.37879, 7.24678],
			"to": [9.77284, 17.37879, 8.74678],
			"rotation": {"angle": 0, "axis": "y", "origin": [7.94627, 13.5989, 8]},
			"faces": {
				"north": {"uv": [11.5, 15, 13.25, 16.5], "texture": "#6"},
				"east": {"uv": [11, 15, 11.5, 16.5], "texture": "#6"},
				"south": {"uv": [13.5, 15, 15, 16.5], "texture": "#6"},
				"west": {"uv": [13, 15, 13.5, 16.5], "texture": "#6"},
				"up": {"uv": [13, 15, 11.5, 14.5], "texture": "#6"},
				"down": {"uv": [14.5, 14.5, 13, 15], "texture": "#6"}
			}
		},
		{
			"name": "base_handle",
			"from": [6.52284, 14.62879, 8.74678],
			"to": [9.52284, 17.12879, 8.87178],
			"rotation": {"angle": 0, "axis": "y", "origin": [7.94627, 13.5989, 8]},
			"faces": {
				"north": {"uv": [13, 1.25, 14.5, 2.5], "texture": "#7"},
				"east": {"uv": [13, 1.25, 13, 2.25], "texture": "#7"},
				"south": {"uv": [14.5, 1.25, 16, 2.25], "texture": "#7"},
				"west": {"uv": [14.5, 1.25, 14.5, 2.25], "texture": "#7"},
				"up": {"uv": [14.5, 1.25, 13, 1.25], "texture": "#7"},
				"down": {"uv": [16, 1.25, 14.5, 1.25], "texture": "#7"}
			}
		},
		{
			"name": "base_handle",
			"from": [6.52284, 14.62879, 7.12178],
			"to": [9.52284, 17.12879, 7.24678],
			"shade": false,
			"rotation": {"angle": 0, "axis": "y", "origin": [7.94627, 13.5989, 8]},
			"faces": {
				"north": {"uv": [13, 1, 14.5, 2.25], "texture": "#7"},
				"east": {"uv": [14.5, 1, 14.5, 2], "texture": "#7"},
				"south": {"uv": [16, 1, 14.5, 2], "texture": "#7"},
				"west": {"uv": [13, 1, 13, 2], "texture": "#7"},
				"up": {"uv": [13, 1, 14.5, 1], "texture": "#7"},
				"down": {"uv": [14.5, 1, 16, 1], "texture": "#7"}
			}
		},
		{
			"name": "base_handle",
			"from": [8.86909, 14.41881, 8.87178],
			"to": [10.36909, 15.91881, 8.99678],
			"rotation": {"angle": 45, "axis": "z", "origin": [7.94627, 13.5989, 8]},
			"faces": {
				"north": {"uv": [12, 4.25, 12.75, 5], "texture": "#8"},
				"east": {"uv": [12, 4.25, 12, 4.75], "texture": "#8"},
				"south": {"uv": [12.5, 4.25, 13, 4.75], "texture": "#8"},
				"west": {"uv": [12.5, 4.25, 12.5, 4.75], "texture": "#8"},
				"up": {"uv": [12.5, 4.25, 12, 4.25], "texture": "#8"},
				"down": {"uv": [13, 4.25, 12.5, 4.25], "texture": "#8"}
			}
		},
		{
			"name": "base_handle",
			"from": [8.86909, 14.41881, 6.99678],
			"to": [10.36909, 15.91881, 7.12178],
			"shade": false,
			"rotation": {"angle": 45, "axis": "z", "origin": [7.94627, 13.5989, 8]},
			"faces": {
				"north": {"uv": [12, 4, 12.75, 4.75], "texture": "#8"},
				"east": {"uv": [12.5, 4, 12.5, 4.5], "texture": "#8"},
				"south": {"uv": [13, 4, 12.5, 4.5], "texture": "#8"},
				"west": {"uv": [12, 4, 12, 4.5], "texture": "#8"},
				"up": {"uv": [12, 4, 12.5, 4], "texture": "#8"},
				"down": {"uv": [12.5, 4, 13, 4], "texture": "#8"}
			}
		},
		{
			"name": "base_handle",
			"from": [7.27284, 4.62879, 7.24678],
			"to": [8.77284, 5.12879, 8.74678],
			"rotation": {"angle": 0, "axis": "y", "origin": [7.94627, 12.0989, 8]},
			"faces": {
				"north": {"uv": [6.5, 6, 7.25, 6.25], "texture": "#6"},
				"east": {"uv": [6, 6, 6.5, 6], "texture": "#6"},
				"south": {"uv": [7.5, 6, 8, 6], "texture": "#6"},
				"west": {"uv": [7, 6, 7.5, 6], "texture": "#6"},
				"up": {"uv": [7, 6, 6.5, 5.5], "texture": "#6"},
				"down": {"uv": [7.5, 5.5, 7, 6], "texture": "#6"}
			}
		},
		{
			"name": "base_handle",
			"from": [7.52284, 5.12879, 7.49678],
			"to": [8.52284, 13.87879, 8.49678],
			"rotation": {"angle": 0, "axis": "y", "origin": [7.94627, 13.5989, 8]},
			"faces": {
				"north": {"uv": [4.5, 9, 5, 13.125], "texture": "#7"},
				"east": {"uv": [11, 5.5, 11.5, 9.5], "texture": "#7"},
				"south": {"uv": [12.5, 5.5, 13, 9.5], "texture": "#7"},
				"west": {"uv": [12, 5.5, 12.5, 9.5], "texture": "#7"},
				"up": {"uv": [12, 5.5, 11.5, 5], "texture": "#7"},
				"down": {"uv": [12.5, 5, 12, 5.5], "texture": "#7"}
			}
		},
		{
			"name": "base_handle",
			"from": [7.27284, 13.87879, 7.24678],
			"to": [8.77284, 14.37879, 8.74678],
			"rotation": {"angle": 0, "axis": "y", "origin": [7.94627, 13.5989, 8]},
			"faces": {
				"north": {"uv": [6.5, 6, 7.25, 6.25], "texture": "#7"},
				"east": {"uv": [6, 6, 6.5, 6], "texture": "#7"},
				"south": {"uv": [7.5, 6, 8, 6], "texture": "#7"},
				"west": {"uv": [7, 6, 7.5, 6], "texture": "#7"},
				"up": {"uv": [7, 6, 6.5, 5.5], "texture": "#7"},
				"down": {"uv": [7.5, 5.5, 7, 6], "texture": "#7"}
			}
		},
		{
			"name": "base_handle",
			"from": [7.27284, 17.37879, 7.24678],
			"to": [8.77284, 17.87879, 8.74678],
			"rotation": {"angle": 0, "axis": "y", "origin": [7.94627, 13.5989, 8]},
			"faces": {
				"north": {"uv": [6.5, 6, 7.25, 6.25], "texture": "#6"},
				"east": {"uv": [6, 6, 6.5, 6], "texture": "#6"},
				"south": {"uv": [7.5, 6, 8, 6], "texture": "#6"},
				"west": {"uv": [7, 6, 7.5, 6], "texture": "#6"},
				"up": {"uv": [7, 6, 6.5, 5.5], "texture": "#6"},
				"down": {"uv": [7.5, 5.5, 7, 6], "texture": "#6"}
			}
		},
		{
			"name": "base_handle",
			"from": [7.52284, 17.87879, 7.49678],
			"to": [8.52284, 18.37879, 8.49678],
			"rotation": {"angle": 0, "axis": "y", "origin": [7.94627, 13.5989, 8]},
			"faces": {
				"north": {"uv": [6.5, 5.5, 7, 5.75], "texture": "#6"},
				"east": {"uv": [6, 5.5, 6.5, 5.5], "texture": "#6"},
				"south": {"uv": [7.5, 5.5, 8, 5.5], "texture": "#6"},
				"west": {"uv": [7, 5.5, 7.5, 5.5], "texture": "#6"},
				"up": {"uv": [7, 5.5, 6.5, 5], "texture": "#6"},
				"down": {"uv": [7.5, 5, 7, 5.5], "texture": "#6"}
			}
		},
		{
			"name": "base_handle",
			"from": [7.27284, -0.12121, 7.24678],
			"to": [8.77284, 0.37879, 8.74678],
			"rotation": {"angle": 0, "axis": "y", "origin": [7.94627, 12.0989, 8]},
			"faces": {
				"north": {"uv": [1.5, 6, 2.25, 6.25], "texture": "#6"},
				"east": {"uv": [1, 6, 1.5, 6], "texture": "#6"},
				"south": {"uv": [2.5, 6, 3, 6], "texture": "#6"},
				"west": {"uv": [2, 6, 2.5, 6], "texture": "#6"},
				"up": {"uv": [2, 6, 1.5, 5.5], "texture": "#6"},
				"down": {"uv": [2.5, 5.5, 2, 6], "texture": "#6"}
			}
		},
		{
			"name": "base_handle",
			"from": [7.02284, 4.12879, 6.99678],
			"to": [9.02284, 4.62879, 8.99678],
			"rotation": {"angle": 0, "axis": "y", "origin": [7.94627, 12.0989, 8]},
			"faces": {
				"north": {"uv": [7, 4, 8, 4.25], "texture": "#6"},
				"east": {"uv": [6, 4, 7, 4], "texture": "#6"},
				"south": {"uv": [9, 4, 10, 4], "texture": "#6"},
				"west": {"uv": [8, 4, 9, 4], "texture": "#6"},
				"up": {"uv": [8, 4, 7, 3], "texture": "#6"},
				"down": {"uv": [9, 3, 8, 4], "texture": "#6"}
			}
		},
		{
			"name": "base_handle",
			"from": [6.02284, 3.37879, 7.74678],
			"to": [7.52284, 3.87879, 8.24678],
			"rotation": {"angle": 0, "axis": "y", "origin": [7.94627, 12.0989, 8]},
			"faces": {
				"north": {"uv": [4, 0.5, 4.75, 0.75], "texture": "#7"},
				"east": {"uv": [4, 0.5, 4, 0.5], "texture": "#7"},
				"south": {"uv": [4.5, 0.5, 5, 0.5], "texture": "#7"},
				"west": {"uv": [4.5, 0.5, 4.5, 0.5], "texture": "#7"},
				"up": {"uv": [4.5, 0.5, 4, 0.5], "texture": "#7"},
				"down": {"uv": [5, 0.5, 4.5, 0.5], "texture": "#7"}
			}
		},
		{
			"name": "base_handle",
			"from": [6.02284, 0.62879, 7.74678],
			"to": [7.52284, 1.12879, 8.24678],
			"rotation": {"angle": 0, "axis": "y", "origin": [7.94627, 12.0989, 8]},
			"faces": {
				"north": {"uv": [10, 0.5, 10.75, 0.75], "texture": "#7"},
				"east": {"uv": [10, 0.5, 10, 0.5], "texture": "#7"},
				"south": {"uv": [10.5, 0.5, 11, 0.5], "texture": "#7"},
				"west": {"uv": [10.5, 0.5, 10.5, 0.5], "texture": "#7"},
				"up": {"uv": [10.5, 0.5, 10, 0.5], "texture": "#7"},
				"down": {"uv": [11, 0.5, 10.5, 0.5], "texture": "#7"}
			}
		},
		{
			"name": "base_handle",
			"from": [6.14784, 1.12879, 7.82178],
			"to": [6.39784, 3.37879, 8.07178],
			"rotation": {"angle": 0, "axis": "y", "origin": [7.94627, 12.0989, 8]},
			"faces": {
				"north": {"uv": [5, 9.25, 6.125, 9.375], "rotation": 90, "texture": "#7"},
				"east": {"uv": [5, 9.25, 5, 10.25], "rotation": 90, "texture": "#7"},
				"south": {"uv": [5, 9.25, 5, 10.25], "rotation": 90, "texture": "#7"},
				"west": {"uv": [5, 9.25, 5, 10.25], "rotation": 90, "texture": "#7"},
				"up": {"uv": [5, 9.25, 5, 9.25], "rotation": 90, "texture": "#7"},
				"down": {"uv": [5, 9.25, 5, 9.25], "rotation": 90, "texture": "#7"}
			}
		},
		{
			"name": "base_handle",
			"from": [7.52284, 0.37879, 7.49678],
			"to": [8.52284, 4.12879, 8.49678],
			"rotation": {"angle": 0, "axis": "y", "origin": [7.94627, 12.0989, 8]},
			"faces": {
				"north": {"uv": [15.5, 6.5, 16, 8.375], "texture": "#7"},
				"east": {"uv": [15, 6.5, 15.5, 8], "texture": "#7"},
				"south": {"uv": [16.5, 6.5, 17, 8], "texture": "#7"},
				"west": {"uv": [16, 6.5, 16.5, 8], "texture": "#7"},
				"up": {"uv": [16, 6.5, 15.5, 6], "texture": "#7"},
				"down": {"uv": [16.5, 6, 16, 6.5], "texture": "#7"}
			}
		},
		{
			"name": "base_handle",
			"from": [8.52284, 3.12879, 7.74678],
			"to": [8.77284, 3.62879, 8.24678],
			"rotation": {"angle": 0, "axis": "y", "origin": [7.94627, 12.0989, 8]},
			"faces": {
				"north": {"uv": [10, 2.5, 10.125, 2.75], "texture": "#7"},
				"east": {"uv": [10, 2.5, 10, 2.5], "texture": "#7"},
				"south": {"uv": [10, 2.5, 10, 2.5], "texture": "#7"},
				"west": {"uv": [10, 2.5, 10, 2.5], "texture": "#7"},
				"up": {"uv": [10, 2.5, 10, 2.5], "texture": "#7"},
				"down": {"uv": [10, 2.5, 10, 2.5], "texture": "#7"}
			}
		},
		{
			"name": "base_handle",
			"from": [8.77284, 3.22879, 7.87178],
			"to": [8.89784, 3.47879, 8.12178],
			"rotation": {"angle": 0, "axis": "y", "origin": [7.94627, 12.0989, 8]},
			"faces": {
				"north": {"uv": [0, 0.25, 0.0625, 0.375], "texture": "#6"},
				"east": {"uv": [0, 0.25, 0, 0.25], "texture": "#6"},
				"south": {"uv": [0, 0.25, 0, 0.25], "texture": "#6"},
				"west": {"uv": [0, 0.25, 0, 0.25], "texture": "#6"},
				"up": {"uv": [0, 0.25, 0, 0.25], "texture": "#6"},
				"down": {"uv": [0, 0.25, 0, 0.25], "texture": "#6"}
			}
		},
		{
			"name": "base_handle",
			"from": [8.52284, 1.12879, 7.74678],
			"to": [8.77284, 1.62879, 8.24678],
			"rotation": {"angle": 0, "axis": "y", "origin": [7.94627, 12.0989, 8]},
			"faces": {
				"north": {"uv": [10, 2.5, 10.125, 2.75], "texture": "#7"},
				"east": {"uv": [10, 2.5, 10, 2.5], "texture": "#7"},
				"south": {"uv": [10, 2.5, 10, 2.5], "texture": "#7"},
				"west": {"uv": [10, 2.5, 10, 2.5], "texture": "#7"},
				"up": {"uv": [10, 2.5, 10, 2.5], "texture": "#7"},
				"down": {"uv": [10, 2.5, 10, 2.5], "texture": "#7"}
			}
		},
		{
			"name": "base_handle",
			"from": [8.52284, 1.62879, 7.74678],
			"to": [8.67284, 3.12879, 8.24678],
			"rotation": {"angle": 0, "axis": "y", "origin": [7.94627, 12.0989, 8]},
			"faces": {
				"north": {"uv": [2, 6.5, 2.075, 7.25], "texture": "#6"},
				"east": {"uv": [2, 6.5, 2, 7], "texture": "#6"},
				"south": {"uv": [2, 6.5, 2, 7], "texture": "#6"},
				"west": {"uv": [2, 6.5, 2, 7], "texture": "#6"},
				"up": {"uv": [2, 6.5, 2, 6.5], "texture": "#6"},
				"down": {"uv": [2, 6.5, 2, 6.5], "texture": "#6"}
			}
		},
		{
			"name": "pick",
			"from": [7.00397, 13.44086, 7.89678],
			"to": [7.15397, 15.91586, 8.09678],
			"rotation": {"angle": 45, "axis": "z", "origin": [7.94627, 13.5989, 8]},
			"faces": {
				"north": {"uv": [8, 9.2, 10.075, 10.4375], "rotation": 180, "texture": "#6"},
				"east": {"uv": [6, 8.2, 6, 9.2], "rotation": 180, "texture": "#6"},
				"south": {"uv": [7, 6.2, 10, 7.2], "rotation": 180, "texture": "#6"},
				"west": {"uv": [9, 9.2, 9, 10.2], "rotation": 180, "texture": "#6"},
				"up": {"uv": [7, 10.2, 7, 10.2], "rotation": 180, "texture": "#6"},
				"down": {"uv": [7, 8.2, 7, 8.2], "rotation": 180, "texture": "#6"}
			}
		},
		{
			"name": "pick",
			"from": [8.84686, 13.54915, 7.89678],
			"to": [8.99686, 16.02415, 8.09678],
			"rotation": {"angle": -45, "axis": "z", "origin": [7.94627, 13.5989, 8]},
			"faces": {
				"north": {"uv": [7, 10.2, 7.075, 11.4375], "rotation": 180, "texture": "#6"},
				"east": {"uv": [7, 10.2, 7, 11.2], "rotation": 180, "texture": "#6"},
				"south": {"uv": [7, 10.2, 7, 11.2], "rotation": 180, "texture": "#6"},
				"west": {"uv": [7, 10.2, 7, 11.2], "rotation": 180, "texture": "#6"},
				"up": {"uv": [7, 10.2, 7, 10.2], "rotation": 180, "texture": "#6"},
				"down": {"uv": [7, 10.2, 7, 10.2], "rotation": 180, "texture": "#6"}
			}
		},
		{
			"name": "pick",
			"from": [7.00397, 13.44086, 7.89678],
			"to": [7.15397, 15.91586, 8.09678],
			"shade": false,
			"rotation": {"angle": 45, "axis": "z", "origin": [7.94627, 13.5989, 8]},
			"faces": {
				"north": {"uv": [7, 10.2, 7.075, 11.4375], "rotation": 180, "texture": "#1"},
				"east": {"uv": [7, 10.2, 7, 11.2], "rotation": 180, "texture": "#1"},
				"south": {"uv": [7, 10.2, 7, 11.2], "rotation": 180, "texture": "#1"},
				"west": {"uv": [7, 10.2, 7, 11.2], "rotation": 180, "texture": "#1"},
				"up": {"uv": [7, 10.2, 7, 10.2], "rotation": 180, "texture": "#1"},
				"down": {"uv": [7, 10.2, 7, 10.2], "rotation": 180, "texture": "#1"}
			}
		},
		{
			"name": "pick",
			"from": [7.38467, 12.70565, 7.84678],
			"to": [7.53467, 13.15565, 8.14678],
			"rotation": {"angle": 0, "axis": "y", "origin": [7.94627, 13.5989, 8]},
			"faces": {
				"north": {"uv": [2, 14.3, 2.075, 14.525], "rotation": 180, "texture": "#7"},
				"east": {"uv": [2, 14.3, 2, 14.3], "rotation": 180, "texture": "#7"},
				"south": {"uv": [2, 14.3, 2, 14.3], "rotation": 180, "texture": "#7"},
				"west": {"uv": [2, 14.3, 2, 14.3], "rotation": 180, "texture": "#7"},
				"up": {"uv": [2, 14.3, 2, 14.3], "rotation": 180, "texture": "#7"},
				"down": {"uv": [2, 14.3, 2, 14.3], "rotation": 180, "texture": "#7"}
			}
		},
		{
			"name": "pick",
			"from": [8.51101, 12.70565, 7.84678],
			"to": [8.66101, 13.15565, 8.14678],
			"rotation": {"angle": 0, "axis": "y", "origin": [7.94627, 13.5989, 8]},
			"faces": {
				"north": {"uv": [2, 14.3, 2.075, 14.525], "rotation": 180, "texture": "#7"},
				"east": {"uv": [2, 14.3, 2, 14.3], "rotation": 180, "texture": "#7"},
				"south": {"uv": [2, 14.3, 2, 14.3], "rotation": 180, "texture": "#7"},
				"west": {"uv": [2, 14.3, 2, 14.3], "rotation": 180, "texture": "#7"},
				"up": {"uv": [2, 14.3, 2, 14.3], "rotation": 180, "texture": "#7"},
				"down": {"uv": [2, 14.3, 2, 14.3], "rotation": 180, "texture": "#7"}
			}
		},
		{
			"name": "pick",
			"from": [5.59556, 14.49367, 7.84678],
			"to": [6.04556, 14.64367, 8.14678],
			"rotation": {"angle": 0, "axis": "y", "origin": [7.94627, 13.5989, 8]},
			"faces": {
				"north": {"uv": [10, 7.45, 8.075, 6.675], "rotation": 90, "texture": "#7"},
				"east": {"uv": [5, 11.45, 4, 12.45], "rotation": 90, "texture": "#7"},
				"south": {"uv": [1, 13.45, 4, 10.45], "rotation": 90, "texture": "#7"},
				"west": {"uv": [2.5, 13.2, 4.5, 14.2], "rotation": 90, "texture": "#7"},
				"up": {"uv": [3.5, 13.2, 2.5, 11.2], "rotation": 90, "texture": "#7"},
				"down": {"uv": [4, 8.45, 5, 9.45], "rotation": 90, "texture": "#7"}
			}
		},
		{
			"name": "pick",
			"from": [10.00012, 14.49367, 7.84678],
			"to": [10.45012, 14.64367, 8.14678],
			"rotation": {"angle": 0, "axis": "y", "origin": [7.94627, 13.5989, 8]},
			"faces": {
				"north": {"uv": [2, 14.45, 2.075, 14.675], "rotation": 90, "texture": "#7"},
				"east": {"uv": [2, 14.45, 2, 14.45], "rotation": 90, "texture": "#7"},
				"south": {"uv": [2, 14.45, 2, 14.45], "rotation": 90, "texture": "#7"},
				"west": {"uv": [2, 14.45, 2, 14.45], "rotation": 90, "texture": "#7"},
				"up": {"uv": [2, 14.45, 2, 14.45], "rotation": 90, "texture": "#7"},
				"down": {"uv": [2, 14.45, 2, 14.45], "rotation": 90, "texture": "#7"}
			}
		},
		{
			"name": "pick",
			"from": [5.59556, 14.49367, 7.84678],
			"to": [6.04556, 14.64367, 8.14678],
			"rotation": {"angle": 0, "axis": "y", "origin": [7.94627, 13.5989, 8]},
			"faces": {
				"north": {"uv": [2, 14, 2.075, 14.225], "rotation": 90, "texture": "#0"},
				"east": {"uv": [2, 14, 2, 14], "rotation": 90, "texture": "#0"},
				"south": {"uv": [2, 14, 2, 14], "rotation": 90, "texture": "#0"},
				"west": {"uv": [2, 14, 2, 14], "rotation": 90, "texture": "#0"},
				"up": {"uv": [2, 14, 2, 14], "rotation": 90, "texture": "#0"},
				"down": {"uv": [2, 14, 2, 14], "rotation": 90, "texture": "#0"}
			}
		},
		{
			"name": "pick",
			"from": [1.6501, 16.41285, 7.49945],
			"to": [3.6251, 17.63785, 8.49945],
			"shade": false,
			"rotation": {"angle": 0, "axis": "y", "origin": [7.94627, 13.5989, 8]},
			"faces": {
				"north": {"uv": [7.5, 7.5, 8.4875, 8.1125], "texture": "#6"},
				"east": {"uv": [8.5, 7.5, 8, 8], "texture": "#6"},
				"south": {"uv": [9, 7.5, 8.5, 8], "texture": "#6"},
				"west": {"uv": [7.5, 7.5, 7, 8], "texture": "#6"},
				"up": {"uv": [7.5, 7.5, 8, 7], "texture": "#6"},
				"down": {"uv": [8, 7, 8.5, 7.5], "texture": "#6"}
			}
		},
		{
			"name": "pick",
			"from": [12.42058, 16.41285, 7.49945],
			"to": [14.39558, 17.63785, 8.49945],
			"rotation": {"angle": 0, "axis": "y", "origin": [7.94627, 13.5989, 8]},
			"faces": {
				"north": {"uv": [6, 12, 6.9875, 12.6125], "texture": "#6"},
				"east": {"uv": [5.5, 12, 6, 12.5], "texture": "#6"},
				"south": {"uv": [7, 12, 7.5, 12.5], "texture": "#6"},
				"west": {"uv": [6.5, 12, 7, 12.5], "texture": "#6"},
				"up": {"uv": [6.5, 12, 6, 11.5], "texture": "#6"},
				"down": {"uv": [7, 11.5, 6.5, 12], "texture": "#6"}
			}
		},
		{
			"name": "pick",
			"from": [2.19066, 18.66421, 7.62843],
			"to": [3.69066, 19.58921, 8.37843],
			"shade": false,
			"rotation": {"angle": 22.5, "axis": "z", "origin": [7.94627, 13.5989, 8]},
			"faces": {
				"north": {"uv": [7, 7, 7.75, 7.4625], "texture": "#6"},
				"east": {"uv": [7.5, 7, 7.5, 7], "texture": "#6"},
				"south": {"uv": [8, 7, 7.5, 7], "texture": "#6"},
				"west": {"uv": [7, 7, 7, 7], "texture": "#6"},
				"up": {"uv": [7, 7, 7.5, 7], "texture": "#6"},
				"down": {"uv": [7.5, 7, 8, 7], "texture": "#6"}
			}
		},
		{
			"name": "pick",
			"from": [12.34336, 18.72282, 7.62843],
			"to": [13.84336, 19.64782, 8.37843],
			"rotation": {"angle": -22.5, "axis": "z", "origin": [7.94627, 13.5989, 8]},
			"faces": {
				"north": {"uv": [7, 7, 7.75, 7.4625], "texture": "#6"},
				"east": {"uv": [7, 7, 7, 7], "texture": "#6"},
				"south": {"uv": [7.5, 7, 8, 7], "texture": "#6"},
				"west": {"uv": [7.5, 7, 7.5, 7], "texture": "#6"},
				"up": {"uv": [7.5, 7, 7, 7], "texture": "#6"},
				"down": {"uv": [8, 7, 7.5, 7], "texture": "#6"}
			}
		},
		{
			"name": "pick",
			"from": [3.72884, 20.49812, 7.75522],
			"to": [4.97884, 21.17312, 8.25522],
			"shade": false,
			"rotation": {"angle": 45, "axis": "z", "origin": [7.94627, 13.5989, 8]},
			"faces": {
				"north": {"uv": [7, 7, 7.625, 7.3375], "texture": "#6"},
				"east": {"uv": [7.5, 7, 7.5, 7], "texture": "#6"},
				"south": {"uv": [8, 7, 7.5, 7], "texture": "#6"},
				"west": {"uv": [7, 7, 7, 7], "texture": "#6"},
				"up": {"uv": [7, 7, 7.5, 7], "texture": "#6"},
				"down": {"uv": [7.5, 7, 8, 7], "texture": "#6"}
			}
		},
		{
			"name": "pick",
			"from": [11.02199, 20.60641, 7.75522],
			"to": [12.27199, 21.28141, 8.25522],
			"rotation": {"angle": -45, "axis": "z", "origin": [7.94627, 13.5989, 8]},
			"faces": {
				"north": {"uv": [7, 7, 7.625, 7.3375], "texture": "#6"},
				"east": {"uv": [7, 7, 7, 7], "texture": "#6"},
				"south": {"uv": [7.5, 7, 8, 7], "texture": "#6"},
				"west": {"uv": [7.5, 7, 7.5, 7], "texture": "#6"},
				"up": {"uv": [7.5, 7, 7, 7], "texture": "#6"},
				"down": {"uv": [8, 7, 7.5, 7], "texture": "#6"}
			}
		},
		{
			"name": "pick",
			"from": [-0.28744, 15.19146, 7.83193],
			"to": [0.03756, 15.86646, 8.18193],
			"shade": false,
			"rotation": {"angle": 0, "axis": "y", "origin": [7.94627, 13.5989, 8]},
			"faces": {
				"north": {"uv": [7, 7, 7.1625, 7.3375], "texture": "#6"},
				"east": {"uv": [7, 7, 7, 7], "texture": "#6"},
				"south": {"uv": [7, 7, 7, 7], "texture": "#6"},
				"west": {"uv": [7, 7, 7, 7], "texture": "#6"},
				"up": {"uv": [7, 7, 7, 7], "texture": "#6"},
				"down": {"uv": [7, 7, 7, 7], "texture": "#6"}
			}
		},
		{
			"name": "pick",
			"from": [16.00812, 15.19146, 7.83193],
			"to": [16.33312, 15.86646, 8.18193],
			"rotation": {"angle": 0, "axis": "y", "origin": [7.94627, 13.5989, 8]},
			"faces": {
				"north": {"uv": [7, 7, 7.1625, 7.3375], "texture": "#6"},
				"east": {"uv": [7, 7, 7, 7], "texture": "#6"},
				"south": {"uv": [7, 7, 7, 7], "texture": "#6"},
				"west": {"uv": [7, 7, 7, 7], "texture": "#6"},
				"up": {"uv": [7, 7, 7, 7], "texture": "#6"},
				"down": {"uv": [7, 7, 7, 7], "texture": "#6"}
			}
		},
		{
			"name": "pick",
			"from": [3.26112, 20.15949, 7.88442],
			"to": [3.48612, 20.53449, 8.13442],
			"rotation": {"angle": 45, "axis": "z", "origin": [7.94627, 13.5989, 8]},
			"faces": {
				"north": {"uv": [7, 6, 7.1875, 6.1125], "rotation": 90, "texture": "#6"},
				"east": {"uv": [7, 6, 7, 6], "rotation": 270, "texture": "#6"},
				"south": {"uv": [7, 6, 7, 6], "rotation": 270, "texture": "#6"},
				"west": {"uv": [7, 6, 7, 6], "rotation": 270, "texture": "#6"},
				"up": {"uv": [7, 6, 7, 6], "rotation": 270, "texture": "#6"},
				"down": {"uv": [7, 6, 7, 6], "rotation": 270, "texture": "#6"}
			}
		},
		{
			"name": "pick",
			"from": [12.51471, 20.26777, 7.88442],
			"to": [12.73971, 20.64277, 8.13442],
			"rotation": {"angle": -45, "axis": "z", "origin": [7.94627, 13.5989, 8]},
			"faces": {
				"north": {"uv": [7, 8.5, 7.1875, 8.6125], "rotation": 90, "texture": "#6"},
				"east": {"uv": [7, 8.5, 7, 8.5], "rotation": 270, "texture": "#6"},
				"south": {"uv": [7, 8.5, 7, 8.5], "rotation": 270, "texture": "#6"},
				"west": {"uv": [7, 8.5, 7, 8.5], "rotation": 270, "texture": "#6"},
				"up": {"uv": [7, 8.5, 7, 8.5], "rotation": 270, "texture": "#6"},
				"down": {"uv": [7, 8.5, 7, 8.5], "rotation": 270, "texture": "#6"}
			}
		},
		{
			"name": "pick",
			"from": [4.97284, 15.62879, 7.24678],
			"to": [6.27284, 17.32879, 8.74678],
			"shade": false,
			"rotation": {"angle": 0, "axis": "y", "origin": [7.94627, 13.5989, 8]},
			"faces": {
				"north": {"uv": [7.5, 7.5, 8.15, 8.35], "texture": "#6"},
				"east": {"uv": [8.5, 7.5, 8, 8], "texture": "#6"},
				"south": {"uv": [9, 7.5, 8.5, 8], "texture": "#6"},
				"west": {"uv": [7.5, 7.5, 7, 8], "texture": "#6"},
				"up": {"uv": [7.5, 7.5, 8, 7], "texture": "#6"},
				"down": {"uv": [8, 7, 8.5, 7.5], "texture": "#6"}
			}
		},
		{
			"name": "pick",
			"from": [9.77284, 15.62879, 7.24678],
			"to": [11.07284, 17.32879, 8.74678],
			"rotation": {"angle": 0, "axis": "y", "origin": [7.94627, 13.5989, 8]},
			"faces": {
				"north": {"uv": [7.5, 7.5, 8.15, 8.35], "texture": "#6"},
				"east": {"uv": [7, 7.5, 7.5, 8], "texture": "#6"},
				"south": {"uv": [8.5, 7.5, 9, 8], "texture": "#6"},
				"west": {"uv": [8, 7.5, 8.5, 8], "texture": "#6"},
				"up": {"uv": [8, 7.5, 7.5, 7], "texture": "#6"},
				"down": {"uv": [8.5, 7, 8, 7.5], "texture": "#6"}
			}
		},
		{
			"name": "pick",
			"from": [5.09784, 15.87879, 8.74678],
			"to": [11.07284, 16.10379, 8.92178],
			"rotation": {"angle": 0, "axis": "y", "origin": [7.94627, 13.5989, 8]},
			"faces": {
				"north": {"uv": [7, 7, 9.9875, 7.1125], "texture": "#6"},
				"east": {"uv": [7, 7, 7, 7], "texture": "#6"},
				"south": {"uv": [9.5, 7, 12, 7], "texture": "#6"},
				"west": {"uv": [9.5, 7, 9.5, 7], "texture": "#6"},
				"up": {"uv": [9.5, 7, 7, 7], "texture": "#6"},
				"down": {"uv": [12, 7, 9.5, 7], "texture": "#6"}
			}
		},
		{
			"name": "pick",
			"from": [5.09784, 15.87879, 7.07178],
			"to": [11.07284, 16.10379, 7.24678],
			"shade": false,
			"rotation": {"angle": 0, "axis": "y", "origin": [7.94627, 13.5989, 8]},
			"faces": {
				"north": {"uv": [7, 6, 9.9875, 6.1125], "texture": "#6"},
				"east": {"uv": [9.5, 6, 9.5, 6], "texture": "#6"},
				"south": {"uv": [12, 6, 9.5, 6], "texture": "#6"},
				"west": {"uv": [7, 6, 7, 6], "texture": "#6"},
				"up": {"uv": [7, 6, 9.5, 6], "texture": "#6"},
				"down": {"uv": [9.5, 6, 12, 6], "texture": "#6"}
			}
		},
		{
			"name": "pick",
			"from": [5.34784, 16.37879, 8.74678],
			"to": [10.82284, 16.60379, 8.92178],
			"rotation": {"angle": 0, "axis": "y", "origin": [7.94627, 13.5989, 8]},
			"faces": {
				"north": {"uv": [7, 7, 9.7375, 7.1125], "texture": "#6"},
				"east": {"uv": [7, 7, 7, 7], "texture": "#6"},
				"south": {"uv": [9.5, 7, 12, 7], "texture": "#6"},
				"west": {"uv": [9.5, 7, 9.5, 7], "texture": "#6"},
				"up": {"uv": [9.5, 7, 7, 7], "texture": "#6"},
				"down": {"uv": [12, 7, 9.5, 7], "texture": "#6"}
			}
		},
		{
			"name": "pick",
			"from": [5.34784, 16.37879, 7.07178],
			"to": [10.82284, 16.60379, 7.24678],
			"shade": false,
			"rotation": {"angle": 0, "axis": "y", "origin": [7.94627, 13.5989, 8]},
			"faces": {
				"north": {"uv": [7, 6, 9.7375, 6.1125], "texture": "#6"},
				"east": {"uv": [9.5, 6, 9.5, 6], "texture": "#6"},
				"south": {"uv": [12, 6, 9.5, 6], "texture": "#6"},
				"west": {"uv": [7, 6, 7, 6], "texture": "#6"},
				"up": {"uv": [7, 6, 9.5, 6], "texture": "#6"},
				"down": {"uv": [9.5, 6, 12, 6], "texture": "#6"}
			}
		},
		{
			"name": "pick",
			"from": [5.59784, 16.87879, 8.74678],
			"to": [10.57284, 17.10379, 8.92178],
			"rotation": {"angle": 0, "axis": "y", "origin": [7.94627, 13.5989, 8]},
			"faces": {
				"north": {"uv": [7, 7, 9.4875, 7.1125], "texture": "#6"},
				"east": {"uv": [7, 7, 7, 7], "texture": "#6"},
				"south": {"uv": [9, 7, 11, 7], "texture": "#6"},
				"west": {"uv": [9, 7, 9, 7], "texture": "#6"},
				"up": {"uv": [9, 7, 7, 7], "texture": "#6"},
				"down": {"uv": [11, 7, 9, 7], "texture": "#6"}
			}
		},
		{
			"name": "pick",
			"from": [5.59784, 16.87879, 7.07178],
			"to": [10.57284, 17.10379, 7.24678],
			"shade": false,
			"rotation": {"angle": 0, "axis": "y", "origin": [7.94627, 13.5989, 8]},
			"faces": {
				"north": {"uv": [7, 6, 9.4875, 6.1125], "texture": "#6"},
				"east": {"uv": [9, 6, 9, 6], "texture": "#6"},
				"south": {"uv": [11, 6, 9, 6], "texture": "#6"},
				"west": {"uv": [7, 6, 7, 6], "texture": "#6"},
				"up": {"uv": [7, 6, 9, 6], "texture": "#6"},
				"down": {"uv": [9, 6, 11, 6], "texture": "#6"}
			}
		},
		{
			"name": "pick",
			"from": [2.44663, 14.33435, 7.37442],
			"to": [4.42163, 15.83435, 8.62442],
			"shade": false,
			"rotation": {"angle": -22.5, "axis": "z", "origin": [7.94627, 13.5989, 8]},
			"faces": {
				"north": {"uv": [7.5, 7.5, 8.4875, 8.25], "texture": "#6"},
				"east": {"uv": [8.5, 7.5, 8, 8], "texture": "#6"},
				"south": {"uv": [9, 7.5, 8.5, 8], "texture": "#6"},
				"west": {"uv": [7.5, 7.5, 7, 8], "texture": "#6"},
				"up": {"uv": [7.5, 7.5, 8, 7], "texture": "#6"},
				"down": {"uv": [8, 7, 8.5, 7.5], "texture": "#6"}
			}
		},
		{
			"name": "pick",
			"from": [11.61239, 14.27574, 7.37442],
			"to": [13.58739, 15.77574, 8.62442],
			"rotation": {"angle": 22.5, "axis": "z", "origin": [7.94627, 13.5989, 8]},
			"faces": {
				"north": {"uv": [7.5, 7.5, 8.4875, 8.25], "texture": "#6"},
				"east": {"uv": [7, 7.5, 7.5, 8], "texture": "#6"},
				"south": {"uv": [8.5, 7.5, 9, 8], "texture": "#6"},
				"west": {"uv": [8, 7.5, 8.5, 8], "texture": "#6"},
				"up": {"uv": [8, 7.5, 7.5, 7], "texture": "#6"},
				"down": {"uv": [8.5, 7, 8, 7.5], "texture": "#6"}
			}
		},
		{
			"name": "pick",
			"from": [1.6526, 15.54465, 7.75603],
			"to": [3.6526, 16.51965, 8.25603],
			"shade": false,
			"rotation": {"angle": 0, "axis": "y", "origin": [7.94627, 13.5989, 8]},
			"faces": {
				"north": {"uv": [7, 7, 8, 7.4875], "texture": "#6"},
				"east": {"uv": [8, 7, 8, 7], "texture": "#6"},
				"south": {"uv": [9, 7, 8, 7], "texture": "#6"},
				"west": {"uv": [7, 7, 7, 7], "texture": "#6"},
				"up": {"uv": [7, 7, 8, 7], "texture": "#6"},
				"down": {"uv": [8, 7, 9, 7], "texture": "#6"}
			}
		},
		{
			"name": "pick",
			"from": [12.39308, 15.54465, 7.75603],
			"to": [14.39308, 16.51965, 8.25603],
			"rotation": {"angle": 0, "axis": "y", "origin": [7.94627, 13.5989, 8]},
			"faces": {
				"north": {"uv": [7, 7, 8, 7.4875], "texture": "#6"},
				"east": {"uv": [7, 7, 7, 7], "texture": "#6"},
				"south": {"uv": [8, 7, 9, 7], "texture": "#6"},
				"west": {"uv": [8, 7, 8, 7], "texture": "#6"},
				"up": {"uv": [8, 7, 7, 7], "texture": "#6"},
				"down": {"uv": [9, 7, 8, 7], "texture": "#6"}
			}
		},
		{
			"name": "pick",
			"from": [0.5276, 15.54465, 7.88103],
			"to": [1.6526, 16.59465, 8.13103],
			"shade": false,
			"rotation": {"angle": 0, "axis": "y", "origin": [7.94627, 13.5989, 8]},
			"faces": {
				"north": {"uv": [7, 7, 7.5625, 7.525], "texture": "#6"},
				"east": {"uv": [7.5, 7, 7.5, 7.5], "texture": "#6"},
				"south": {"uv": [8, 7, 7.5, 7.5], "texture": "#6"},
				"west": {"uv": [7, 7, 7, 7.5], "texture": "#6"},
				"up": {"uv": [7, 7, 7.5, 7], "texture": "#6"},
				"down": {"uv": [7.5, 7, 8, 7], "texture": "#6"}
			}
		},
		{
			"name": "pick",
			"from": [14.39308, 15.54465, 7.88103],
			"to": [15.51808, 16.59465, 8.13103],
			"rotation": {"angle": 0, "axis": "y", "origin": [7.94627, 13.5989, 8]},
			"faces": {
				"north": {"uv": [7, 7, 7.5625, 7.525], "texture": "#6"},
				"east": {"uv": [7, 7, 7, 7.5], "texture": "#6"},
				"south": {"uv": [7.5, 7, 8, 7.5], "texture": "#6"},
				"west": {"uv": [7.5, 7, 7.5, 7.5], "texture": "#6"},
				"up": {"uv": [7.5, 7, 7, 7], "texture": "#6"},
				"down": {"uv": [8, 7, 7.5, 7], "texture": "#6"}
			}
		},
		{
			"name": "pick",
			"from": [3.41168, 20.21472, 7.88103],
			"to": [4.51168, 20.68972, 8.13103],
			"shade": false,
			"rotation": {"angle": 45, "axis": "z", "origin": [7.94627, 13.5989, 8]},
			"faces": {
				"north": {"uv": [7, 7, 7.55, 7.2375], "texture": "#6"},
				"east": {"uv": [7.5, 7, 7.5, 7], "texture": "#6"},
				"south": {"uv": [8, 7, 7.5, 7], "texture": "#6"},
				"west": {"uv": [7, 7, 7, 7], "texture": "#6"},
				"up": {"uv": [7, 7, 7.5, 7], "texture": "#6"},
				"down": {"uv": [7.5, 7, 8, 7], "texture": "#6"}
			}
		},
		{
			"name": "pick",
			"from": [11.48915, 20.32301, 7.88103],
			"to": [12.58915, 20.79801, 8.13103],
			"rotation": {"angle": -45, "axis": "z", "origin": [7.94627, 13.5989, 8]},
			"faces": {
				"north": {"uv": [7, 7, 7.55, 7.2375], "texture": "#6"},
				"east": {"uv": [7, 7, 7, 7], "texture": "#6"},
				"south": {"uv": [7.5, 7, 8, 7], "texture": "#6"},
				"west": {"uv": [7.5, 7, 7.5, 7], "texture": "#6"},
				"up": {"uv": [7.5, 7, 7, 7], "texture": "#6"},
				"down": {"uv": [8, 7, 7.5, 7], "texture": "#6"}
			}
		},
		{
			"name": "pick",
			"from": [4.82284, 14.87879, 7.74938],
			"to": [6.27284, 15.62879, 8.24938],
			"shade": false,
			"rotation": {"angle": 0, "axis": "y", "origin": [7.94627, 13.5989, 8]},
			"faces": {
				"north": {"uv": [7, 7, 7.725, 7.375], "texture": "#6"},
				"east": {"uv": [7.5, 7, 7.5, 7], "texture": "#6"},
				"south": {"uv": [8, 7, 7.5, 7], "texture": "#6"},
				"west": {"uv": [7, 7, 7, 7], "texture": "#6"},
				"up": {"uv": [7, 7, 7.5, 7], "texture": "#6"},
				"down": {"uv": [7.5, 7, 8, 7], "texture": "#6"}
			}
		},
		{
			"name": "pick",
			"from": [9.77284, 14.87879, 7.74938],
			"to": [11.22284, 15.62879, 8.24938],
			"rotation": {"angle": 0, "axis": "y", "origin": [7.94627, 13.5989, 8]},
			"faces": {
				"north": {"uv": [7, 7, 7.725, 7.375], "texture": "#6"},
				"east": {"uv": [7, 7, 7, 7], "texture": "#6"},
				"south": {"uv": [7.5, 7, 8, 7], "texture": "#6"},
				"west": {"uv": [7.5, 7, 7.5, 7], "texture": "#6"},
				"up": {"uv": [7.5, 7, 7, 7], "texture": "#6"},
				"down": {"uv": [8, 7, 7.5, 7], "texture": "#6"}
			}
		},
		{
			"name": "pick",
			"from": [2.37163, 13.58435, 7.74938],
			"to": [4.57163, 14.33435, 8.24938],
			"shade": false,
			"rotation": {"angle": -22.5, "axis": "z", "origin": [7.94627, 13.5989, 8]},
			"faces": {
				"north": {"uv": [7, 7, 8.1, 7.375], "texture": "#6"},
				"east": {"uv": [8, 7, 8, 7], "texture": "#6"},
				"south": {"uv": [9, 7, 8, 7], "texture": "#6"},
				"west": {"uv": [7, 7, 7, 7], "texture": "#6"},
				"up": {"uv": [7, 7, 8, 7], "texture": "#6"},
				"down": {"uv": [8, 7, 9, 7], "texture": "#6"}
			}
		},
		{
			"name": "pick",
			"from": [11.46239, 13.52574, 7.74938],
			"to": [13.66239, 14.27574, 8.24938],
			"rotation": {"angle": 22.5, "axis": "z", "origin": [7.94627, 13.5989, 8]},
			"faces": {
				"north": {"uv": [7, 7, 8.1, 7.375], "texture": "#6"},
				"east": {"uv": [7, 7, 7, 7], "texture": "#6"},
				"south": {"uv": [8, 7, 9, 7], "texture": "#6"},
				"west": {"uv": [8, 7, 8, 7], "texture": "#6"},
				"up": {"uv": [8, 7, 7, 7], "texture": "#6"},
				"down": {"uv": [9, 7, 8, 7], "texture": "#6"}
			}
		},
		{
			"name": "pick",
			"from": [0.2526, 15.29465, 7.95603],
			"to": [3.6526, 15.54465, 8.08103],
			"shade": false,
			"rotation": {"angle": 0, "axis": "y", "origin": [7.94627, 13.5989, 8]},
			"faces": {
				"north": {"uv": [7, 7, 8.7, 7.125], "texture": "#6"},
				"east": {"uv": [8.5, 7, 8.5, 7], "texture": "#6"},
				"south": {"uv": [10, 7, 8.5, 7], "texture": "#6"},
				"west": {"uv": [7, 7, 7, 7], "texture": "#6"},
				"up": {"uv": [7, 7, 8.5, 7], "texture": "#6"},
				"down": {"uv": [8.5, 7, 10, 7], "texture": "#6"}
			}
		},
		{
			"name": "pick",
			"from": [12.39308, 15.29465, 7.95603],
			"to": [15.79308, 15.54465, 8.08103],
			"rotation": {"angle": 0, "axis": "y", "origin": [7.94627, 13.5989, 8]},
			"faces": {
				"north": {"uv": [7, 7, 8.7, 7.125], "texture": "#6"},
				"east": {"uv": [7, 7, 7, 7], "texture": "#6"},
				"south": {"uv": [8.5, 7, 10, 7], "texture": "#6"},
				"west": {"uv": [8.5, 7, 8.5, 7], "texture": "#6"},
				"up": {"uv": [8.5, 7, 7, 7], "texture": "#6"},
				"down": {"uv": [10, 7, 8.5, 7], "texture": "#6"}
			}
		},
		{
			"name": "pick",
			"from": [4.77284, 14.62879, 7.94938],
			"to": [6.27284, 14.87879, 8.07438],
			"shade": false,
			"rotation": {"angle": 0, "axis": "y", "origin": [7.94627, 13.5989, 8]},
			"faces": {
				"north": {"uv": [7, 7, 7.75, 7.125], "texture": "#6"},
				"east": {"uv": [7.5, 7, 7.5, 7], "texture": "#6"},
				"south": {"uv": [8, 7, 7.5, 7], "texture": "#6"},
				"west": {"uv": [7, 7, 7, 7], "texture": "#6"},
				"up": {"uv": [7, 7, 7.5, 7], "texture": "#6"},
				"down": {"uv": [7.5, 7, 8, 7], "texture": "#6"}
			}
		},
		{
			"name": "pick",
			"from": [9.77284, 14.62879, 7.94938],
			"to": [11.27284, 14.87879, 8.07438],
			"rotation": {"angle": 0, "axis": "y", "origin": [7.94627, 13.5989, 8]},
			"faces": {
				"north": {"uv": [7, 7, 7.75, 7.125], "texture": "#6"},
				"east": {"uv": [7, 7, 7, 7], "texture": "#6"},
				"south": {"uv": [7.5, 7, 8, 7], "texture": "#6"},
				"west": {"uv": [7.5, 7, 7.5, 7], "texture": "#6"},
				"up": {"uv": [7.5, 7, 7, 7], "texture": "#6"},
				"down": {"uv": [8, 7, 7.5, 7], "texture": "#6"}
			}
		},
		{
			"name": "pick",
			"from": [2.37163, 13.33435, 7.94938],
			"to": [4.62163, 13.58435, 8.07438],
			"shade": false,
			"rotation": {"angle": -22.5, "axis": "z", "origin": [7.94627, 13.5989, 8]},
			"faces": {
				"north": {"uv": [7, 7, 8.125, 7.125], "texture": "#6"},
				"east": {"uv": [8, 7, 8, 7], "texture": "#6"},
				"south": {"uv": [9, 7, 8, 7], "texture": "#6"},
				"west": {"uv": [7, 7, 7, 7], "texture": "#6"},
				"up": {"uv": [7, 7, 8, 7], "texture": "#6"},
				"down": {"uv": [8, 7, 9, 7], "texture": "#6"}
			}
		},
		{
			"name": "pick",
			"from": [11.41239, 13.27574, 7.94938],
			"to": [13.66239, 13.52574, 8.07438],
			"rotation": {"angle": 22.5, "axis": "z", "origin": [7.94627, 13.5989, 8]},
			"faces": {
				"north": {"uv": [7, 7, 8.125, 7.125], "texture": "#6"},
				"east": {"uv": [7, 7, 7, 7], "texture": "#6"},
				"south": {"uv": [8, 7, 9, 7], "texture": "#6"},
				"west": {"uv": [8, 7, 8, 7], "texture": "#6"},
				"up": {"uv": [8, 7, 7, 7], "texture": "#6"},
				"down": {"uv": [9, 7, 8, 7], "texture": "#6"}
			}
		}
	],
	"display": {
		"thirdperson_righthand": {
			"rotation": [0, 90, 0],
			"translation": [0, 5.75, 0],
			"scale": [1.36, 1.36, 1.36]
		},
		"thirdperson_lefthand": {
			"rotation": [0, -90, 0],
			"translation": [0, 6, -0.5],
			"scale": [1.26, 1.26, 1.26]
		},
		"firstperson_righthand": {
			"rotation": [0, 90, 0],
			"translation": [0, 6, 0],
			"scale": [0.75, 0.75, 0.75]
		},
		"firstperson_lefthand": {
			"rotation": [0, 90, 0],
			"translation": [0, 6, 0],
			"scale": [0.75, 0.75, 0.75]
		},
		"ground": {
			"translation": [0, 6.75, 0],
			"scale": [1.34, 1.34, 1.34]
		},
		"gui": {
			"rotation": [22, 145, 0],
			"translation": [0, 3, 0],
			"scale": [0.85, 0.85, 0.85]
		},
		"fixed": {
			"rotation": [0, 0, 45],
			"translation": [-2, 1.5, -0.5],
			"scale": [0.75, 0.75, 0.75]
		}
	},
	"groups": [
		{
			"name": "base_handle",
			"origin": [8, 8, 8],
			"color": 0,
			"children": [
				0,
				1,
				2,
				3,
				4,
				5,
				6,
				7,
				8,
				9,
				10,
				11,
				12,
				13,
				14,
				15,
				16,
				17,
				18,
				19,
				{
					"name": "handle detail",
					"origin": [8, 8, 8],
					"color": 0,
					"children": []
				},
				20,
				21,
				22,
				23,
				24,
				25,
				26,
				27
			]
		},
		{
			"name": "pick right",
			"origin": [8, 8, 8],
			"color": 0,
			"children": [28, 29, 30, 31, 32, 33, 34, 35, 36, 37, 38, 39, 40, 41, 42, 43, 44, 45, 46, 47, 48, 49, 50, 51, 52, 53, 54, 55, 56, 57, 58, 59, 60, 61, 62, 63]
		}
	]
}