{
	"credit": "Made with Blockbench",
	"textures": {
		"0": "block/red_concrete",
		"1": "block/yellow_concrete_powder",
		"3": "block/white_concrete_powder",
		"particle": "block/yellow_concrete_powder"
	},
	"elements": [
		{
			"from": [6.25, 15, 2],
			"to": [8.75, 16, 13],
			"faces": {
				"north": {"uv": [0, 0, 2.5, 1], "texture": "#1"},
				"east": {"uv": [0, 0, 11, 1], "texture": "#1"},
				"south": {"uv": [0, 0, 2.5, 1], "texture": "#1"},
				"west": {"uv": [0, 0, 11, 1], "texture": "#1"},
				"up": {"uv": [0, 0, 2.5, 11], "texture": "#1"},
				"down": {"uv": [0, 0, 2.5, 11], "texture": "#1"}
			}
		},
		{
			"from": [6, 16, 2],
			"to": [6.75, 17, 13],
			"faces": {
				"north": {"uv": [0, 0, 0.75, 1], "texture": "#1"},
				"east": {"uv": [0, 0, 11, 1], "texture": "#1"},
				"south": {"uv": [0, 0, 0.75, 1], "texture": "#1"},
				"west": {"uv": [0, 0, 11, 1], "texture": "#1"},
				"up": {"uv": [0, 0, 0.75, 11], "texture": "#1"},
				"down": {"uv": [0, 0, 0.75, 11], "texture": "#1"}
			}
		},
		{
			"from": [8.25, 16, 2],
			"to": [9, 17, 13],
			"faces": {
				"north": {"uv": [0, 0, 0.75, 1], "texture": "#1"},
				"east": {"uv": [0, 0, 11, 1], "texture": "#1"},
				"south": {"uv": [0, 0, 0.75, 1], "texture": "#1"},
				"west": {"uv": [0, 0, 11, 1], "texture": "#1"},
				"up": {"uv": [0, 0, 0.75, 11], "texture": "#1"},
				"down": {"uv": [0, 0, 0.75, 11], "texture": "#1"}
			}
		},
		{
			"from": [6.9, 16, 0],
			"to": [8.1, 17.225, 15],
			"faces": {
				"north": {"uv": [0, 0, 1.2, 1.225], "texture": "#0"},
				"east": {"uv": [0, 0, 15, 1.225], "texture": "#0"},
				"south": {"uv": [0, 0, 1.2, 1.225], "texture": "#0"},
				"west": {"uv": [0, 0, 15, 1.225], "texture": "#0"},
				"up": {"uv": [0, 0, 1.2, 15], "texture": "#0"},
				"down": {"uv": [0, 0, 1.2, 15], "texture": "#0"}
			}
		},
		{
			"from": [7.15, 0, 7],
			"to": [7.85, 10.875, 7.75],
			"rotation": {"angle": 0, "axis": "y", "origin": [7.5, 4.6125, 7.5]},
			"faces": {
				"north": {"uv": [0, 0, 0.7, 10.875], "texture": "#3"},
				"east": {"uv": [0, 0, 0.75, 10.875], "texture": "#3"},
				"south": {"uv": [0, 0, 0.7, 10.875], "texture": "#3"},
				"west": {"uv": [0, 0, 0.75, 10.875], "texture": "#3"},
				"up": {"uv": [0, 0, 0.7, 0.75], "texture": "#3"},
				"down": {"uv": [0, 0, 0.7, 0.75], "texture": "#3"}
			}
		},
		{
			"from": [7.4, 11.25, 7],
			"to": [7.6, 15.225, 7.75],
			"rotation": {"angle": 0, "axis": "y", "origin": [7.5, 4.6125, 7.5]},
			"faces": {
				"north": {"uv": [0, 0, 0.2, 3.975], "texture": "#3"},
				"east": {"uv": [0, 0, 0.75, 3.975], "texture": "#3"},
				"south": {"uv": [0, 0, 0.2, 3.975], "texture": "#3"},
				"west": {"uv": [0, 0, 0.75, 3.975], "texture": "#3"},
				"up": {"uv": [0, 0, 0.2, 0.75], "texture": "#3"},
				"down": {"uv": [0, 0, 0.2, 0.75], "texture": "#3"}
			}
		},
		{
			"from": [7.4, 11.25, 9],
			"to": [7.6, 15.225, 9.75],
			"rotation": {"angle": 0, "axis": "y", "origin": [7.5, 4.6125, 7.5]},
			"faces": {
				"north": {"uv": [0, 0, 0.2, 3.975], "texture": "#3"},
				"east": {"uv": [0, 0, 0.75, 3.975], "texture": "#3"},
				"south": {"uv": [0, 0, 0.2, 3.975], "texture": "#3"},
				"west": {"uv": [0, 0, 0.75, 3.975], "texture": "#3"},
				"up": {"uv": [0, 0, 0.2, 0.75], "texture": "#3"},
				"down": {"uv": [0, 0, 0.2, 0.75], "texture": "#3"}
			}
		},
		{
			"from": [7.4, 11.25, 5],
			"to": [7.6, 15.225, 5.75],
			"rotation": {"angle": 0, "axis": "y", "origin": [7.5, 4.6125, 7.5]},
			"faces": {
				"north": {"uv": [0, 0, 0.2, 3.975], "texture": "#3"},
				"east": {"uv": [0, 0, 0.75, 3.975], "texture": "#3"},
				"south": {"uv": [0, 0, 0.2, 3.975], "texture": "#3"},
				"west": {"uv": [0, 0, 0.75, 3.975], "texture": "#3"},
				"up": {"uv": [0, 0, 0.2, 0.75], "texture": "#3"},
				"down": {"uv": [0, 0, 0.2, 0.75], "texture": "#3"}
			}
		},
		{
			"from": [7.4, 10.425, 5],
			"to": [7.6, 11.25, 9.75],
			"rotation": {"angle": 0, "axis": "y", "origin": [7.5, 4.6125, 7.5]},
			"faces": {
				"north": {"uv": [0, 0, 0.2, 0.825], "texture": "#3"},
				"east": {"uv": [0, 0, 4.75, 0.825], "texture": "#3"},
				"south": {"uv": [0, 0, 0.2, 0.825], "texture": "#3"},
				"west": {"uv": [0, 0, 4.75, 0.825], "texture": "#3"},
				"up": {"uv": [0, 0, 0.2, 4.75], "texture": "#3"},
				"down": {"uv": [0, 0, 0.2, 4.75], "texture": "#3"}
			}
		}
	],
	"display": {
		"thirdperson_righthand": {
			"translation": [0.75, 0, 1.25],
			"scale": [1.41, 1.41, 1.41]
		},
		"thirdperson_lefthand": {
			"translation": [-0.5, 1, 1],
			"scale": [1.41, 1.41, 1.41]
		},
		"firstperson_righthand": {
			"translation": [0, 1, 1.75]
		},
		"ground": {
			"translation": [0, 5, 0]
		},
		"gui": {
			"rotation": [0, 90, 0],
			"translation": [1, -0.75, 0],
			"scale": [0.84, 0.84, 0.84]
		},
		"fixed": {
			"rotation": [0, 90, 0],
			"translation": [0, 0, -1.5]
		}
	},
	"groups": [
		{
			"name": "group",
			"origin": [8, 8, 8],
			"color": 0,
			"nbt": "{}",
			"armAnimationEnabled": false,
			"children": [0, 1, 2, 3, 4, 5, 6, 7, 8]
		}
	]
}