{
	"credit": "Made with Blockbench",
	"textures": {
		"0": "stp/item_skin/miecze/kasa"
	},
	"elements": [
		{
			"from": [3, 11, 4],
			"to": [3, 18, 13],
			"rotation": {"angle": 0, "axis": "y", "origin": [3.19375, 14.5, 8.5]},
			"faces": {
				"north": {"uv": [0, 0, 1, 7], "texture": "#0"},
				"east": {"uv": [0, 0, 16, 16], "texture": "#0"},
				"south": {"uv": [0, 0, 1, 7], "texture": "#0"},
				"west": {"uv": [16, 0, 0.02614, 16], "texture": "#0"},
				"up": {"uv": [0, 0, 1, 9], "texture": "#0"},
				"down": {"uv": [0, 0, 1, 9], "texture": "#0"}
			}
		},
		{
			"from": [3.325, 11, 4],
			"to": [3.325, 18, 13],
			"rotation": {"angle": 0, "axis": "y", "origin": [3.19375, 14.5, 8.5]},
			"faces": {
				"north": {"uv": [0, 0, 1, 7], "texture": "#0"},
				"east": {"uv": [0, 0, 16, 16], "texture": "#0"},
				"south": {"uv": [0, 0, 1, 7], "texture": "#0"},
				"west": {"uv": [16, 0, 0.02614, 16], "texture": "#0"},
				"up": {"uv": [0, 0, 1, 9], "texture": "#0"},
				"down": {"uv": [0, 0, 1, 9], "texture": "#0"}
			}
		},
		{
			"from": [3.375, 11, 4],
			"to": [3.375, 18, 13],
			"rotation": {"angle": 0, "axis": "y", "origin": [3.19375, 14.5, 8.5]},
			"faces": {
				"north": {"uv": [0, 0, 1, 7], "texture": "#0"},
				"east": {"uv": [0, 0, 16, 16], "texture": "#0"},
				"south": {"uv": [0, 0, 1, 7], "texture": "#0"},
				"west": {"uv": [16, 0, 0.02614, 16], "texture": "#0"},
				"up": {"uv": [0, 0, 1, 9], "texture": "#0"},
				"down": {"uv": [0, 0, 1, 9], "texture": "#0"}
			}
		},
		{
			"from": [3.35, 11, 4],
			"to": [3.35, 18, 13],
			"rotation": {"angle": 0, "axis": "y", "origin": [3.19375, 14.5, 8.5]},
			"faces": {
				"north": {"uv": [0, 0, 1, 7], "texture": "#0"},
				"east": {"uv": [0, 0, 16, 16], "texture": "#0"},
				"south": {"uv": [0, 0, 1, 7], "texture": "#0"},
				"west": {"uv": [16, 0, 0.02614, 16], "texture": "#0"},
				"up": {"uv": [0, 0, 1, 9], "texture": "#0"},
				"down": {"uv": [0, 0, 1, 9], "texture": "#0"}
			}
		},
		{
			"from": [3.325, 11, 4],
			"to": [3.325, 18, 13],
			"rotation": {"angle": 0, "axis": "y", "origin": [3.19375, 14.5, 8.5]},
			"faces": {
				"north": {"uv": [0, 16, 0, 16], "texture": "#0"},
				"east": {"uv": [0, 0, 16, 16], "texture": "#0"},
				"south": {"uv": [0, 16, 0, 16], "texture": "#0"},
				"west": {"uv": [16, 0, 0, 16], "texture": "#0"},
				"up": {"uv": [0, 16, 0, 16], "texture": "#0"},
				"down": {"uv": [0, 16, 0, 16], "texture": "#0"}
			}
		},
		{
			"from": [3.3, 11, 4],
			"to": [3.3, 18, 13],
			"rotation": {"angle": 0, "axis": "y", "origin": [3.19375, 14.5, 8.5]},
			"faces": {
				"north": {"uv": [0, 0, 1, 7], "texture": "#0"},
				"east": {"uv": [0, 0, 16, 16], "texture": "#0"},
				"south": {"uv": [0, 0, 1, 7], "texture": "#0"},
				"west": {"uv": [16, 0, 0.02614, 16], "texture": "#0"},
				"up": {"uv": [0, 0, 1, 9], "texture": "#0"},
				"down": {"uv": [0, 0, 1, 9], "texture": "#0"}
			}
		},
		{
			"from": [3.25, 11, 4],
			"to": [3.25, 18, 13],
			"rotation": {"angle": 0, "axis": "y", "origin": [3.19375, 14.5, 8.5]},
			"faces": {
				"north": {"uv": [0, 0, 1, 7], "texture": "#0"},
				"east": {"uv": [0, 0, 16, 16], "texture": "#0"},
				"south": {"uv": [0, 0, 1, 7], "texture": "#0"},
				"west": {"uv": [16, 0, 0.02614, 16], "texture": "#0"},
				"up": {"uv": [0, 0, 1, 9], "texture": "#0"},
				"down": {"uv": [0, 0, 1, 9], "texture": "#0"}
			}
		},
		{
			"from": [3.225, 11, 4],
			"to": [3.225, 18, 13],
			"rotation": {"angle": 0, "axis": "y", "origin": [3.19375, 14.5, 8.5]},
			"faces": {
				"north": {"uv": [0, 0, 1, 7], "texture": "#0"},
				"east": {"uv": [0, 0, 16, 16], "texture": "#0"},
				"south": {"uv": [0, 0, 1, 7], "texture": "#0"},
				"west": {"uv": [16, 0, 0.02614, 16], "texture": "#0"},
				"up": {"uv": [0, 0, 1, 9], "texture": "#0"},
				"down": {"uv": [0, 0, 1, 9], "texture": "#0"}
			}
		},
		{
			"from": [3.2, 11, 4],
			"to": [3.2, 18, 13],
			"rotation": {"angle": 0, "axis": "y", "origin": [3.19375, 14.5, 8.5]},
			"faces": {
				"north": {"uv": [0, 0, 1, 7], "texture": "#0"},
				"east": {"uv": [0, 0, 16, 16], "texture": "#0"},
				"south": {"uv": [0, 0, 1, 7], "texture": "#0"},
				"west": {"uv": [16, 0, 0.02614, 16], "texture": "#0"},
				"up": {"uv": [0, 0, 1, 9], "texture": "#0"},
				"down": {"uv": [0, 0, 1, 9], "texture": "#0"}
			}
		},
		{
			"from": [3.025, 11, 4],
			"to": [3.025, 18, 13],
			"rotation": {"angle": 0, "axis": "y", "origin": [3.19375, 14.5, 8.5]},
			"faces": {
				"north": {"uv": [0, 0, 1, 7], "texture": "#0"},
				"east": {"uv": [0, 0, 16, 16], "texture": "#0"},
				"south": {"uv": [0, 0, 1, 7], "texture": "#0"},
				"west": {"uv": [16, 0, 0.02614, 16], "texture": "#0"},
				"up": {"uv": [0, 0, 1, 9], "texture": "#0"},
				"down": {"uv": [0, 0, 1, 9], "texture": "#0"}
			}
		},
		{
			"from": [3.05, 11, 4],
			"to": [3.05, 18, 13],
			"rotation": {"angle": 0, "axis": "y", "origin": [3.19375, 14.5, 8.5]},
			"faces": {
				"north": {"uv": [0, 0, 1, 7], "texture": "#0"},
				"east": {"uv": [0, 0, 16, 16], "texture": "#0"},
				"south": {"uv": [0, 0, 1, 7], "texture": "#0"},
				"west": {"uv": [16, 0, 0.02614, 16], "texture": "#0"},
				"up": {"uv": [0, 0, 1, 9], "texture": "#0"},
				"down": {"uv": [0, 0, 1, 9], "texture": "#0"}
			}
		},
		{
			"from": [3.1, 11, 4],
			"to": [3.1, 18, 13],
			"rotation": {"angle": 0, "axis": "y", "origin": [3.19375, 14.5, 8.5]},
			"faces": {
				"north": {"uv": [0, 0, 1, 7], "texture": "#0"},
				"east": {"uv": [0, 0, 16, 16], "texture": "#0"},
				"south": {"uv": [0, 0, 1, 7], "texture": "#0"},
				"west": {"uv": [16, 0, 0.02614, 16], "texture": "#0"},
				"up": {"uv": [0, 0, 1, 9], "texture": "#0"},
				"down": {"uv": [0, 0, 1, 9], "texture": "#0"}
			}
		},
		{
			"from": [3.125, 11, 4],
			"to": [3.125, 18, 13],
			"rotation": {"angle": 0, "axis": "y", "origin": [3.19375, 14.5, 8.5]},
			"faces": {
				"north": {"uv": [0, 0, 1, 7], "texture": "#0"},
				"east": {"uv": [0, 0, 16, 16], "texture": "#0"},
				"south": {"uv": [0, 0, 1, 7], "texture": "#0"},
				"west": {"uv": [16, 0, 0.02614, 16], "texture": "#0"},
				"up": {"uv": [0, 0, 1, 9], "texture": "#0"},
				"down": {"uv": [0, 0, 1, 9], "texture": "#0"}
			}
		},
		{
			"from": [3.15, 11, 4],
			"to": [3.15, 18, 13],
			"rotation": {"angle": 0, "axis": "y", "origin": [3.19375, 14.5, 8.5]},
			"faces": {
				"north": {"uv": [0, 0, 1, 7], "texture": "#0"},
				"east": {"uv": [0, 0, 16, 16], "texture": "#0"},
				"south": {"uv": [0, 0, 1, 7], "texture": "#0"},
				"west": {"uv": [16, 0, 0.02614, 16], "texture": "#0"},
				"up": {"uv": [0, 0, 1, 9], "texture": "#0"},
				"down": {"uv": [0, 0, 1, 9], "texture": "#0"}
			}
		},
		{
			"from": [3.175, 11, 4],
			"to": [3.175, 18, 13],
			"rotation": {"angle": 0, "axis": "y", "origin": [3.19375, 14.5, 8.5]},
			"faces": {
				"north": {"uv": [0, 0, 1, 7], "texture": "#0"},
				"east": {"uv": [0, 0, 16, 16], "texture": "#0"},
				"south": {"uv": [0, 0, 1, 7], "texture": "#0"},
				"west": {"uv": [16, 0, 0.02614, 16], "texture": "#0"},
				"up": {"uv": [0, 0, 1, 9], "texture": "#0"},
				"down": {"uv": [0, 0, 1, 9], "texture": "#0"}
			}
		},
		{
			"from": [3.125, 11, 4],
			"to": [3.125, 18, 13],
			"rotation": {"angle": 0, "axis": "y", "origin": [3.19375, 14.5, 8.5]},
			"faces": {
				"north": {"uv": [0, 0, 1, 7], "texture": "#0"},
				"east": {"uv": [0, 0, 16, 16], "texture": "#0"},
				"south": {"uv": [0, 0, 1, 7], "texture": "#0"},
				"west": {"uv": [16, 0, 0.02614, 16], "texture": "#0"},
				"up": {"uv": [0, 0, 1, 9], "texture": "#0"},
				"down": {"uv": [0, 0, 1, 9], "texture": "#0"}
			}
		}
	],
	"display": {
		"thirdperson_righthand": {
			"rotation": [-46, 0, 0],
			"translation": [4.75, -4.25, 4.75]
		},
		"thirdperson_lefthand": {
			"rotation": [-46, 0, 0],
			"translation": [-4.75, -4.25, 4.75]
		},
		"firstperson_righthand": {
			"rotation": [-47, 0, 0],
			"translation": [2, 0.25, 8.75],
			"scale": [0.77, 0.77, 0.77]
		},
		"firstperson_lefthand": {
			"rotation": [-47, 0, 0],
			"translation": [-5, 0.25, 8.75],
			"scale": [0.77, 0.77, 0.77]
		},
		"ground": {
			"translation": [6.75, -4.25, 0]
		},
		"gui": {
			"rotation": [0, -90, 0],
			"translation": [0.5, -10.75, 8],
			"scale": [1.94, 1.92, 1.96]
		},
		"fixed": {
			"rotation": [0, -90, 0],
			"translation": [0.5, -10.75, 8],
			"scale": [1.94, 1.92, 1.96]
		}
	},
	"groups": [
		{
			"name": "group",
			"origin": [0, 0, 0],
			"color": 0,
			"children": [0, 1, 2, 3, 4, 5, 6, 7, 8, 9, 10, 11, 12, 13, 14, 15]
		}
	]
}