{
	"credit": "Made with Blockbench",
	"textures": {
		"0": "stp/item_skin/miecze/unografika",
		"particle": "stp/item_skin/miecze/unografika"
	},
	"elements": [
		{
			"from": [0, 0, 0],
			"to": [0, 12, 13],
			"faces": {
				"north": {"uv": [0, 0, 1, 16], "texture": "#0"},
				"east": {"uv": [13, 16, 0, 0], "texture": "#0"},
				"south": {"uv": [0, 0, 1, 16], "texture": "#0"},
				"west": {"uv": [0, 16, 13, 0], "texture": "#0"},
				"up": {"uv": [0, 0, 1, 13], "texture": "#0"},
				"down": {"uv": [0, 0, 1, 13], "texture": "#0"}
			}
		}
	],
	"display": {
		"thirdperson_righthand": {
			"translation": [4.5, 2, 0],
			"scale": [0.56, 0.56, 0.56]
		},
		"thirdperson_lefthand": {
			"translation": [-4.5, 2, 0],
			"scale": [0.56, 0.56, 0.56]
		},
		"firstperson_righthand": {
			"translation": [10, 2.25, 0]
		},
		"firstperson_lefthand": {
			"translation": [-6, 2.25, 0]
		},
		"ground": {
			"translation": [8.25, 0, 0]
		},
		"gui": {
			"rotation": [0, 90, 0],
			"translation": [0, 2.5, 0]
		},
		"fixed": {
			"rotation": [0, -90, 0],
			"translation": [0.25, 2.25, 6.5]
		}
	}
}